word,base_word,phonetic,pos,meaning,level,collocation,etymology,example_en,example_zh
the,the,/ðә/,art.,art. 那,A1,,,,
be,be,/bi:/,v.,"v. 是, 表示, 在",A1,,,,
and,and,/ænd/,conj.,"conj. 和, 与",A1,,,,
of,of,/ɒv/,prep.,"prep. 的, 属于",A1,,,,
a,a,/ei/,,第一个字母 A; 一个; 第一的,A1,,,,
in,in,/in/,n./adv./prep.,"prep. 在...期间, 在...之内, 处于...之中, 从事于, 按照, 穿着；adv. 进入, 朝里, 在里面, 在屋里；a. 在里面的, 在朝的；n. 执政者, 交情",A1,,,,
to,to,/tu:/,adv./prep.,"prep. 到, 向, 趋于；adv. 向前",A1,,,,
have,have,/hæv/,vt.,"vt. 有, 怀有, 拿, 进行；aux. 已经",A1,,,,
it,it,/it/,pron.,pron. 它,A1,,,,
i,i,/ai/,pron.,pron. 我,A1,,,,
that,that,/ðæt/,adv./conj./pron.,"a. 那, 那个；conj. 以致, 因为；pron. 那；adv. 那么, 那样",A1,,,,
for,for,/fɒ:/,prep./conj.,"prep. 为, 因为, 至于；conj. 因为",A1,,,,
you,you,/ju:/,pron.,"pron. 你, 你们",A1,,,,
he,he,/hi:/,n./pron.,"pron. 他；n. 男孩, 男人, 雄性动物",A1,,,,
with,with,/wið/,prep.,"prep. 和...在一起, 以, 由于",A1,,,,
on,on,/ɒn/,adv./prep.,prep. 在...之上；adv. ...上去；a. 正起作用的,A1,,,,
do,do,/du:/,v.,"v. 做, 进行, 完成",A1,,,,
say,say,/sei/,vt./vi./n.,"vt. 说, 讲, 念, 说明, 指明；vi. 说, 讲；n. 意见, 发言权",A1,,,,
this,this,/θis/,adv./pron.,"pron. 这, 本；a. 这, 本；adv. 这么",A1,,,,
they,they,/ðei/,pron.,"pron. 他们, 它们",A1,,,,
at,at,/æt/,prep.,"prep. 在, 向, 对",A1,,,,
but,but,/bʌt/,adv./prep./conj.,prep. 除了；conj. 但是；adv. 仅仅,A1,,,,
we,we,/wi:/,pron.,pron. 我们,A1,,,,
his,his,/hiz/,pron.,pron. 他的,A1,,,,
from,from,/frɒm/,prep.,"prep. 从, 来自, 根据",A1,,,,
not,not,/nɒt/,adv.,"adv. 不, 非, 未",A1,,,,
n't,n't,/nt/,adv.,adv. 不,Beyond C1,,,,
by,by,/bai/,adv./prep.,"prep. 被, 经, 由, 在...之旁；adv. 经过, 在近处",A1,,,,
she,she,/ʃi:/,pron.,pron. 她,A1,,,,
or,or,/ɒ:/,conj.,"conj. 或, 或者",A1,,,,
as,as,/æz/,adv./prep./conj.,"adv. 同样地, 例如；prep. 做为, 当作；conj. 当...之时, 以...的方式, 像...一样, 因为",A1,,,,
what,what,/hwɒt/,adv./pron.,"pron. 什么；interj. 怎么, 多么；a. 什么的；adv. 到什么程度",A1,,,,
go,go,/gou/,vt./vi./n.,"vi. 去, 走, 达到, 运转, 查阅, 消失, 结束, 放弃, 花费, 流传, 趋于, 打算, 剩下；vt. 以...打赌, 对付, 忍受, 出产, 为被捕者出(保释金)；n. 去, 尝试, 进行",A1,,,,
their,their,/ðєә/,pron.,pron. 他们的,A1,,,,
can,can,/kæn/,vt./n.,"vt. 装罐；n. 罐头, 容器；aux. 能, 可以",A1,,,,
who,who,/hu:/,pron.,pron. 谁,A1,,,,
get,get,/get/,vt./vi./n.,"vt. 得到, 获得, 变成, 使得, 收获, 接通, 抓住, 染上；vi. 到达, 成为, 变得；n. (网球等)救球, 生殖, 幼兽",A1,,,,
if,if,/if/,n./conj.,"conj. 如果, 是否, 无论何时, 假设, 即使；n. 条件",A1,,,,
would,would,/wud/,,"aux. 将, 愿意",A1,,,,
her,her,/hә:/,pron.,"pron. 她的, 她",A1,,,,
all,all,/ɒ:l/,n./adv./pron.,"a. 所有的, 全部的, 一切的；adv. 全部, 全然；pron. 全部；n. 全部",A1,,,,
my,my,/mai/,pron.,pron. 我的,A1,,,,
make,make,/meik/,vt./vi./n.,"vt. 制造, 安排, 创造, 构成, 使得, 产生, 造成, 整理, 布置, 引起, 到达, 进行；vi. 开始, 前进, 增大, 被制造, 被处理；n. 制造, 构造, 性情",A1,,,,
about,about,/ә'baut/,adv./prep.,"prep. 在...周围, 大约, 有关, 关于；adv. 大约, 四处, 在附近, 周围",A1,,,,
know,know,/nәu/,v.,"v. 知道, 了解, 认识, 确信",A1,,,,
will,will,/wil/,vt./vi./n.,"n. 意志, 决心, 意愿, 意向, 干劲, 遗嘱；vt. 用意志的力量驱使, 决意, 愿意, 立遗嘱；vi. 下决心, 愿意；aux. 将, 愿意, 必须",A1,,,,
up,up,/ʌp/,adv./prep.,"a. 向上的, 起床的, 涨的；adv. 向上, 上涨；prep. 在...上面, 向...的较高处",A1,,,,
one,one,/wʌn/,n./pron./num.,"n. 一(个)；pron. 一, 任何人；num. 一, 一个；a. 一致的, 完整的",A1,,,,
time,time,/taim/,vt./n.,"n. 时间, 时侯, 时机, 时期, 期限, 次数, 节拍, 暂停, 规定时间；vt. 测定...的时间, 记录...的时间, 计时, 定时；a. 时间的, 记时的, 定时的, 定期的, 分期的",A1,,,,
there,there,/ðєә/,adv.,adv. 在那里,A1,,,,
year,year,/jiә/,n.,"n. 年, 年度, 年龄",A1,,,,
so,so,/sәu/,adv./conj./pron.,"adv. 如此, 如是, 如...那样；conj. 所以, 因此；pron. 这样",A1,,,,
think,think,/θiŋk/,vt./vi./n.,"vt. 想, 考虑, 想起, 想像, 打算, 认为；vi. 思考, 料想；n. 想法；a. 思想的",A1,,,,
when,when,/hwen/,n./adv./conj./pron.,"conj. 当...的时候；adv. 何时, 什么时候；pron. 什么时侯；n. 时间",A1,,,,
which,which,/hwitʃ/,pron.,"pron. 哪一个, 那一个",A1,,,,
them,them,/ðem/,pron.,"pron. 他们, 她们, 它们",A1,,,,
some,some,/sʌm/,adv./pron.,"pron. 一些, 一部分, 若干；adv. 大约；a. 一些的, 少许的, 某一的",A1,,,,
me,me,/mi:/,pron.,pron. 我,A1,,,,
people,people,/'pi:pl/,vt./n.,"n. 人, 人民, 民族, 平民；vt. 使住满人, 居住于",A1,,,,
take,take,/teik/,vt./vi./n.,"vt. 拿, 取, 抓, 带领, 获得, 就座, 接受, 吃, 吸引, 采取, 乘, 需要, 花费；vi. 吃掉对方棋子, 抓住, 起作用, 依法获得财产；n. 拿, 取, 收成, 奏效",A1,,,,
out,out,/aut/,adv./prep.,"a. 外面的, 熄灭的, 结束的；adv. 在外, 熄灭, 出现；prep. 出自, 离去, 向",A1,,,,
into,into,/'intu:/,prep.,"prep. 进入...之内, 朝..., 深入...之中, 成为...状况",A1,,,,
just,just,/dʒʌst/,adv.,"a. 正直的, 合理的, 正确的, 应得的；adv. 刚刚, 正好, 仅仅",A1,,,,
see,see,/si:/,vt./vi./n.,"vt. 看见, 查看, 参观, 游览, 理解, 知道, 同意；vi. 看, 观看, 注意, 知道, 考虑；n. 主教的职位",A1,,,,
him,him,/him/,pron.,pron. 他,A1,,,,
your,your,/juә/,pron.,"pron. 你的, 你们的",A1,,,,
come,come,/kʌm/,vi.,"vi. 过来, 来, 到达, 出现, 开始；interj. 喂",A1,,,,
could,could,/kud/,,"aux. 可以, 能",A1,,,,
now,now,/nau/,n./adv./conj.,"adv. 现在, 刚才, 目前；n. 现在；a. 现在的；conj. 由于",A1,,,,
than,than,/ðæn/,prep./conj.,"conj. 比, 除...外；prep. 比",A1,,,,
like,like,/laik/,vt./vi./n./prep.,"a. 相似的, 同样的；vt. 喜欢, 愿意, 想；vi. 喜欢, 希望；n. 爱好, 同样的人(或物)；prep. 象, 如同",A1,,,,
other,other,/'ʌðә/,pron.,"a. 其他的, 另外的, 从前的；pron. 其他的, 他人, 另外一个",A1,,,,
how,how,/hau/,n./adv.,"adv. 如何, 怎样, 多少, 多么；n. 方式",A1,,,,
then,then,/ðen/,n./adv./conj.,"adv. 然后, 当时；conj. 然后, 当时；n. 那时",A1,,,,
its,its,/its/,pron.,pron. 它的,A1,,,,
our,our,/'auә/,pron.,pron. 我们的,A1,,,,
two,two,/tu:/,num.,"num. 二, 二个",A1,,,,
more,more,/mɒ:/,n./adv.,"n. 更多；a. 多的, 程度较大的, 更大的；adv. 多, 更多, 进一步",A1,,,,
these,these,/ði:z/,pron.,pron. 这些,A1,,,,
want,want,/wɒnt/,vt./vi./n.,"n. 需要的东西, 缺乏, 贫困, 需要；vt. 要, 希望, 应该, 缺少；vi. 生活困苦, 需要, 缺少",A1,,,,
way,way,/wei/,n./adv.,"n. 路, 路线, 路途, 方法, 道路, 情形, 规模, 习惯, 行业, 方面；adv. 远远地, 非常",A1,,,,
look,look,/luk/,vt./vi./n.,"n. 一看, 神色, 样子, 面容；vi. 看, 注意, 朝着, 显得；vt. 打量, 看上去与...一样, 以眼色(或脸色)显示, 期待",A1,,,,
first,first,/fә:st/,n./adv./num.,"adv. 首先, 第一, 优先；a. 第一的；num. 第一；n. 开始, 第一",A1,,,,
also,also,/'ɒ:lsәu/,adv.,"adv. 也, 并且, 同样地",A1,,,,
new,new,/nju:/,,"a. 新的, 陌生的, 最近的, 不熟悉的",A1,,,,
because,because,/bi'kɒ:z/,conj.,conj. 因为,A1,,,,
day,day,/dei/,n.,"n. 天, 日子, 白天, 工作日",A1,,,,
use,use,/ju:s/,vt./vi./n.,"n. 使用, 习惯, 使用价值, 用法, 使用权；vt. 使用, 利用, 运用, 耗费；vi. 惯常",A1,,,,
no,no,/nәu/,n./adv.,"n. 不, 拒绝, 否决票；a. 没有, 不是, 绝非；adv. 不",A1,,,,
man,man,/mæn/,vt./n.,"n. 男人, 人类, 人；vt. 为...配备人手, 操纵, 使振奋",A1,,,,
find,find,/faind/,vt./vi./n.,"vt. 发现, 感到, 找到, 认为, 得到；vi. 裁决；n. 发现；寻找指定的字符串, 将符合条件的行或行数输出到标准输出设备上",A1,,,,
here,here,/hiә/,n./adv.,"adv. 在这里, 此时, 这里；n. 这里",A1,,,,
thing,thing,/θiŋ/,n.,"n. 事物, 东西, 物, 用品, 事, 事件, 情况, 行为, 特征",A1,,,,
give,give,/giv/,vt./vi./n.,"n. 弹性, 适应性；vt. 给, 授予, 供给, 产生, 发表, 付出, 献出, 让出；vi. 捐赠, 支持不住, 让步",A1,,,,
many,many,/'meni/,n./pron.,"n. 多数, 多数人；a. 许多的；pron. 许多",A1,,,,
well,well,/wel/,v./n./adv.,"n. 井, 泉水, 源泉, 好；v. 涌出；a. 健康的, 良好的, 适宜的, 恰当的；adv. 很好地, 适当地, 好意地, 很, 完全；interj. 好啦",A1,,,,
only,only,/'әunli/,adv./conj.,"a. 唯一的, 仅有的, 最佳的；adv. 只有, 仅仅, 只能；conj. 但是, 不过",A1,,,,
those,those,/ðәuz/,pron.,pron. 那些,A1,,,,
tell,tell,/tel/,vt./vi.,"vt. 告诉, 说, 吩咐, 断定, 知道；vi. 讲述, 泄密, 告发, 表明",A1,,,,
very,very,/'veri/,adv.,"a. 真正的, 恰好的, 十足的, 特有的；adv. 非常, 完全",A1,,,,
even,even,/'i:vәn/,vt./vi./n./adv.,"a. 平坦的, 相等的, 连贯的, 均等的, 公平的, 偶数的, 平均的, 平衡的, 恰好的；vt. 使平坦, 使相等；vi. 变平, 成为相等；adv. 甚至, 实际上, 完全, 十分；n. 偶数, 偶校验",A1,,,,
back,back,/bæk/,vt./vi./n./adv.,"a. 后面的；vt. 使后退, 支持；vi. 倒退, 背靠；adv. 向后地；n. 背部, 后面",A1,,,,
any,any,/'eni/,pron.,a. 任何的；pron. 任何,A1,,,,
good,good,/gud/,n.,"n. 善行, 好处, 利益；a. 好的, 优良的, 上等的, 愉快的, 有益的, 好心的, 慈善的, 虔诚的",A1,,,,
woman,woman,/'wumәn/,vt./n.,"n. 女人, 妇女, 女仆；a. 女用的, 女性的, 妇女的；vt. 贬称...为女人, 使成女人腔",A1,,,,
through,through,/θru:/,adv./prep.,"adv. 穿越, 从头至尾, 到底, 因为；prep. 经过, 穿过；a. 对穿的, 直达的, 完结的",A1,,,,
us,us,/ʌs/,pron.,pron. 我们,A1,,,,
life,life,/laif/,n.,"n. 生活, 生命, 人生, 世事, 生物, 寿命, 一生, 生命力, 灵魂, 无期徒刑",A1,,,,
child,child,/tʃaild/,n.,"n. 孩子, 产物, 追随者",A1,,,,
work,work,/wә:k/,vt./vi./n.,"n. 工作, 劳动, 职业, 行为, 功, 作品, 成果, 产品, 工程；vi. 工作, 劳动, 做, 运转, 起作用, 被加工；vt. 使工作, 使转动, 开动, 使用, 经营, 使逐渐变得, 造成",A1,,,,
down,down,/daun/,n./adv./prep.,"a. 向下的；adv. 下, 下去, 降下；prep. 往下, 沿着；n. 丘陵, 软毛, 开阔的高地",A1,,,,
may,may,/mei/,n.,"n. 五月；aux. 愿能, 可以, 愿意",A1,,,,
after,after,/'ɑ:ftә/,adv./prep./conj.,"prep. 在...之后, 由于；conj. 在...之后；adv. 后来",A1,,,,
should,should,/ʃud/,,"aux. 应该, 将要",A1,,,,
call,call,/kɒ:l/,vt./vi./n.,"n. 呼叫, 访问, 打电话, 号召, 召集, 要求；vt. 呼叫, 召集, 打电话；vi. 叫喊, 访问, 叫牌",A1,,,,
world,world,/wә:ld/,n.,"n. 世界, 地球, 宇宙, 万物, 世人, 人间, 领域, 世事, 世故, 社会生活, 大量",A1,,,,
over,over,/'әuvә/,vt./adv./prep.,"adv. 结束, 越过, 从头到尾；prep. 在...之上, 遍于...之上, 越过；a. 上面的；vt. 越过",A1,,,,
school,school,/sku:l/,vt./vi./n.,"n. 学校, 鱼群, 门派, 学派；vt. 教育, 训练, 培养；vi. 成群地游",A1,,,,
still,still,/stil/,v./n./adv./conj.,"n. 蒸馏室, 寂静, 剧照；v. 蒸馏, (使)平静, (使)静止；a. 静止的, 不动的, 静寂的, 不起泡的, 静物摄影的；adv. 仍然, 更, 静止地；conj. 然而, 但是",A1,,,,
try,try,/trai/,vt./vi./n.,"n. 尝试, 试验, 审理, 审判；vt. 试, 尝试, 试验, 考验, 审问, 提炼；vi. 尝试, 试图",A1,,,,
last,last,/lɑ:st/,vt./vi./n./adv.,"a. 最后的, 末尾的, 最近的；vi. 持续, 支持, 维持；vt. 使维持, 够...用；adv. 最后, 后来；n. 最后, 末尾, 鞋楦头",A1,,,,
ask,ask,/ɑ:sk/,vt./vi.,"vi. 问, 要求；vt. 问, 要求, 邀请, 需要",A1,,,,
need,need,/ni:d/,vt./vi./n.,"n. 需要, 必须, 缺乏；vt. 需要, 必需；vi. 贫困, 有必要；aux. 需要",A1,,,,
too,too,/tu:/,adv.,"adv. 也, 非常, 太",A1,,,,
feel,feel,/fi:l/,vt./vi./n.,"vt. 感觉, 觉得, 触摸, 以为；vi. 有知觉, 摸索, 同情；n. 感觉, 觉得, 触摸",A1,,,,
three,three,/θri:/,num.,"num. 三, 三个",A1,,,,
state,state,/steit/,vt./n.,"n. 州, 状态, 情形, 国家, 政府, 领土, 国务, 社会地位；a. 国家的, 正式的, 礼仪用的, 州的；vt. 说明, 陈述, 规定",A2,,,,
never,never,/'nevә/,adv.,"adv. 从不, 决不, 不曾",A1,,,,
become,become,/bi'kʌm/,vt./vi.,"vi. 变成, 变得；vt. 适合",A1,,,,
between,between,/bi'twi:n/,prep.,prep. 在...之间,A1,,,,
high,high,/hai/,n./adv.,"n. 高度, 高处；a. 高的, 高级的, 主要的, 高尚的, 高原的, 高音的, 昂贵的, 傲慢的；adv. 高度地, 奢侈地",A1,,,,
something,something,/'sʌmθiŋ/,pron.,"pron. 某事, 某物",A1,,,,
really,really,/'riәli/,adv.,"adv. 实际上, 真实地, 实在",A1,,,,
most,most,/mәust/,n./adv.,"n. 最多, 最大；a. 大多数的, 几乎全部的, 最多的；adv. 最, 最多, 极其",A1,,,,
another,another,/ә'nʌðә/,pron.,"a. 另外的, 再一的, 不同的；pron. 又一个, 另一个, 类似的另一个",A1,,,,
much,much,/mʌtʃ/,n./adv.,"n. 大量, 许多, 重要的事；a. 很多的, 重要的；adv. 多, 甚, 几乎",A1,,,,
family,family,/'fæmәli/,n.,"n. 家庭, 家人, 族；a. 家庭的",A1,,,,
own,own,/әun/,vt./vi./n.,"n. 自己的；a. 自己的, 嫡亲的, 同胞的；vt. 拥有, 支配, 自认, 承认, 顺从于；vi. 承认, 供认",A1,,,,
leave,leave,/li:v/,vt./vi./n.,"n. 许可, 告别, 请假, 休假；vt. 离开, 剩下, 遗忘, 委托, 丢弃；vi. 出发, 离开, 生叶",A1,,,,
put,put,/put/,vt./vi./n.,"vt. 放, 摆, 安置, 移动, 发射, 投掷, 写上, 表达, 使从事, 使受到, 驱使, 赋予；vi. 出发, 航行, 发芽；n. 掷, 股票出售权, 笨蛋；a. 固定不动的",A1,,,,
old,old,/әuld/,n.,"n. 以前, 往昔；a. 老的, 旧的, 古老的, 年长的, 老练的",A1,,,,
while,while,/hwail/,vt./n./conj.,"n. 一会儿, (一段)时间；conj. 当...的时候, 虽然；vt. 消磨",A2,,,,
mean,mean,/mi:n/,vt./vi./n.,"a. 低劣的, 卑贱的, 简陋的, 吝啬的, 惭愧的, 平均的, 中间的, 普通的；vt. 意谓, 想要, 意欲, 预定；vi. 用意, 有意义；n. 平均数, 中间, 中庸",A1,,,,
keep,keep,/ki:p/,vt./vi./n.,"n. 生计, 维持, 保持；vt. 保持, 保存, 遵守, 看守, 整理, 维持, 履行, 经营, 拘留, 记帐；vi. 保持, 继续不断",A1,,,,
student,student,/'stju:dnt/,n.,"n. 学生, 研究者, 学者",A1,,,,
why,why,/hwai/,n./adv.,"adv. 为什么；n. 原因, 理由",A1,,,,
let,let,/let/,vt./vi./n.,"vt. 让, 假设, 出租, 排放, 妨碍；vi. 出租, 被承包；n. 出租屋, 障碍",A1,,,,
great,great,/greit/,n./adv.,"a. 大的, 非常的, 主要的, 重大的, 崇高的, 伟大的；adv. 顺利地, 得意地；n. 全部, 大人物, 大师",A1,,,,
same,same,/seim/,adv./pron.,"a. 相同的, 同样的；pron. 相同的人(或事物)；adv. 同样地",A1,,,,
big,big,/big/,adv.,"a. 大的, 重要的；adv. 大量地",A1,,,,
group,group,/gru:p/,v./n.,"n. 团体, 组, 团, 群；v. 聚合, 成群",A1,,,,
begin,begin,/bi'gin/,v.,v. 开始,A1,,,,
seem,seem,/si:m/,vi.,"vi. 象是, 似乎",A2,,,,
country,country,/'kʌntri/,n.,"n. 国家, 乡村, 地区, 故乡；a. 乡下的, 农村的",A1,,,,
help,help,/help/,vt./vi./n.,"n. 帮忙, 帮助者, 补救办法, 有益的东西；vt. 帮助, 帮忙, 接济, 治疗, 款待；vi. 有用, 救命, 招待",A1,,,,
talk,talk,/tɒ:k/,vt./vi./n.,"n. 谈话, 交谈, 会谈, 讲话, 演讲, 空谈, 谣言, 方言, 语言；vi. 讲话, 演讲, 说话, 谈话, 交流, 闲聊, 说闲话；vt. 讲, 说, 讨论, 谈论",A1,,,,
where,where,/hwєә/,n./adv./pron.,adv. 在哪里；pron. 哪里；n. 地点,A1,,,,
turn,turn,/tә:n/,vt./vi./n.,"n. 转弯, 转动, 旋转, 翻转, 一圈, 顺次, 改动, 变化, 性格, 特色, 形状, 转折；vt. 使旋转, 转弯, 转动, 使转向, 驱赶, 阻挡, 兑换, 改写, 使作对, 绕过, 使流通；vi. 转动, 转弯, 转向, 翻转, 回转, 改变, 转身, 变成, 变质, 晕眩, 易脱手",A1,,,,
problem,problem,/'prɒblәm/,n.,"n. 问题, 难题；a. 成问题的, 难处理的",A1,,,,
every,every,/'evri/,,"a. 每一, 所有的",A1,,,,
start,start,/stɑ:t/,vt./vi./n.,"n. 惊起, 出发, 开端, 起点, 吃惊, 有利条件；vi. 开始, 出发, 启动, 跳起, 吃惊, 出现, 松动, 脱落, 起价, 参赛；vt. 使惊起, 开动, 发动, 启动, 开始, 创办, 提议, 使松动, 使脱落, 起用",A1,,,,
hand,hand,/hænd/,vt./n.,"n. 手, 爪, 指针, 掌握, 协助, 人手, 手艺, 手迹, 支配, 插手；vt. 交给, 支持, 搀扶",A1,,,,
might,might,/mait/,n.,"n. 力量, 权力；aux. 可能, 也许",A2,,,,
american,american,/ә'merikәn/,n.,"n. 美国人；a. 美国的, 美洲的",Beyond C1,,,,
show,show,/ʃәu/,vt./vi./n.,"n. 显示, 表现, 展览, 卖弄, 炫耀, 外观, 演出, 洋相；vt. 表示, 显示, 展现, 陈列, 演出, 表明, 指出, 带领；vi. 露面, 显现, 演出",A1,,,,
part,part,/pɑ:t/,vt./vi./n./adv.,"n. 部分, 局部, 零件, 要素, 等分, 职责, 角色, 部位；vt. 分开, 分离, 断绝, 区别, 分配；vi. 分开, 断裂, 分手；a. 部分的, 局部的；adv. 部分地, 有些",A1,,,,
against,against,/ә'geinst/,prep.,"prep. 反对, 对着, 倚靠",A2,,,,
place,place,/pleis/,vt./vi./n.,"n. 地方, 地点, 位置, 住所, 座位, 地位, 处境, 特权, 空间, 余地, 职务, 位；vt. 放置, 寄予, 认出, 评定, 任命；vi. 名次列前",A1,,,,
such,such,/sʌtʃ/,,"a. 如此的, 这样的",A2,,,,
again,again,/ә'gein/,adv.,"adv. 再一次, 又, 到原处",A1,,,,
few,few,/fju:/,n.,"a. 很少的, 不多的, 少数的；n. 少数",A1,,,,
case,case,/keis/,vt./n.,"n. 情形, 情况, 箱, 容器, 事实, 病例, 案例, 框子；vt. 装箱, 包盖",A2,,,,
week,week,/wi:k/,n.,"n. 星期, 周",A1,,,,
company,company,/'kʌmpәni/,vt./vi./n.,"n. 公司, 友伴, 交往, 连队, 朋友, 一群；vt. 陪伴；vi. 交往",A1,,,,
mr,mr,/'mistә(r)/,,先生,Beyond C1,,,,
system,system,/'sistәm/,n.,"n. 系统, 体系, 制度, 方式, 秩序, 分类原则",A2,,,,
each,each,/i:tʃ/,adv./pron.,"a. 每个, 每一；adv. 每个；pron. 每个, 个人, 各自",A1,,,,
right,right,/rait/,vt./vi./n./adv.,"n. 权利, 右边, 正义, 右派, 公正；a. 正确的, 对的, 恰当的, 正常的, 正直的, 正面的, 右方的；adv. 正确地, 以有利结果, 一直, 直接, 向右；vt. 扶直, 整理, 纠正, 伸冤, 使昭雪；vi. 恢复平衡",A1,,,,
program,program,/'prәugræm/,vt./vi./n.,"n. 节目, 节目单, 程序, 纲要, 大纲, 计划；vt. 规划, 拟...计划；vi. 安排节目, 编程序",A1,,,,
hear,hear,/hiә/,vt./vi.,"vt. 听到, 倾听, 听说, 审理；vi. 听见, 听",A1,,,,
question,question,/'kwestʃәn/,v./n.,"n. 问题, 询问；v. 询问, 审问, 怀疑",A1,,,,
during,during,/'djuәriŋ/,prep.,prep. 在...的时候,A1,,,,
play,play,/plei/,v./n.,"n. 游戏, 游玩, 玩笑, 运动, 比赛, 赌博, 跳动, 表演, 剧本；v. 玩, 游戏, 假装, 开玩笑, 比赛, 扮演, 演奏, 演戏, 传摇曳, (使)跳动",A1,,,,
government,government,/'gʌvәnmәnt/,n.,"n. 政府, 内阁",A2,,,,
run,run,/rʌn/,vt./vi./n.,"n. 跑, 赛跑, 奔跑, 奔跑的路程, 趋向, 流出, 运转时间, 连续；vi. 跑, 奔跑, 跑步, 赛跑, 竞赛, 行驶, 运转, 进行, 蔓延；vt. 使跑, 参赛, 追究, 驾驶, 开动, 管理, 经营, 使流出, 运行；a. 熔化的, 融化的, 浇铸的；run的过去式和过去分词",A1,,,,
small,small,/smɒ:l/,n./adv.,"a. 小的, 少的, 小型的, 低微的, 小气的, 细微的；adv. 些微地；n. 狭小部分",A1,,,,
number,numb,/'nʌmbә/,vt./vi./n.,"n. 数, 数字, 数目, 号码；vt. 数, 计算, 共计；vi. 计算, 报数",A1,,,,
off,off,/ɒf/,vt./vi./adv./prep.,"a. 关着的, 不再生效的, 处于...境况的, 休假的, 空闲的；adv. 走开, ...掉, ...下, 休息, 出发, 隔断；prep. 离开, 脱落, 不在从事......, 在...之外；vi. 离开, 滚开；vt. 杀死",A1,,,,
always,always,/'ɒ:lweiz/,adv.,"adv. 总是, 始终",A1,,,,
move,move,/mu:v/,vt./vi./n.,"n. 移动, 迁居, 步骤；vt. 移动, 开动, 感动, 搬(家)；vi. 移动, 离开, 运行, 迁移, 摇动, 搬家, 交往, 进展, 脱手",A1,,,,
night,night,/nait/,n.,"n. 夜, 夜晚, 晚上, 黑暗, 夜晚的工作",A1,,,,
live,live,/liv.laiv/,vt./vi./adv.,"a. 活的, 生动的, 精力充沛的, 实况转播的；vi. 活, 生存, 居住；vt. 过着, 度过, 经历；adv. 实况地",A1,,,,
point,point,/pɒint/,vt./vi./n.,"n. 点, 小数点, 标点, 地点, 要点, 特点, 尖端, 分数, 得分, 穴位；vt. 弄尖, 强调, 指出, 加标点于, 瞄准；vi. 指, 指向, 表明",A1,,,,
believe,believe,/bi'li:v/,v.,v. 相信,A1,,,,
hold,hold,/hәuld/,vt./vi./n.,"n. 把握, 把持力, 柄, 控制, 掌握, 监禁；vt. 保存, 握住, 拿住, 占据, 持有, 拥有；vi. 支持, 持续, 有效；n. 保留",A2,,,,
today,today,/tә'dei/,n./adv.,"n. 今天, 当今, 现在；adv. 今天, 当今",A1,,,,
bring,bring,/briŋ/,vt./vi.,"vt. 带来, 产生, 促使, 提出；vi. 生产",A1,,,,
happen,happen,/'hæpәn/,vi.,"vi. 发生, 发生, 恰巧",A1,,,,
next,next,/'nekst/,n./adv.,"n. 下一个；a. 下一个的, 其次的, 贴近的；adv. 然后, 下次, 次于",A1,,,,
without,without,/wi'ðaut/,n./adv./prep.,"prep. 没有, 不, 在...之外；adv. 在外面, 户外；n. 外面, 外部",A1,,,,
before,before,/bi'fɒ:/,adv./prep./conj.,prep. 在...之前；conj. 在...之前；adv. 在前,A1,,,,
large,large,/lɑ:dʒ/,adv.,"a. 大的, 大量的, 宽大的, 广博的；adv. 大大地, 夸大地",A1,,,,
million,million,/'miljәn/,n./num.,"n. 百万, 无数；num. 百万",A1,,,,
must,must,/mʌst/,n.,"n. 必须, 未发酵葡萄汁, 绝对必要的事物；aux. 必须",A1,,,,
home,home,/hәum/,n./adv.,"n. 家, 避难所, 故乡；a. 家庭的, 国内的, 打中目标的；adv. 在家, 在本国, 打中目标地",A1,,,,
under,under,/'ʌndә/,adv./prep.,"prep. 在...之下, 低于；a. 下面的, 从属的；adv. 在下面",A1,,,,
water,water,/'wɒ:tә/,vt./vi./n.,"n. 水, 雨水, 海水, 水位, 水面, 流水；vt. 给...浇水, 供以水, 注入水, 使湿；vi. 流泪, 流口水, 加水；a. 水的, 水上的, 水生的, 含水的",A1,,,,
room,room,/ru:m/,vt./vi./n.,"n. 房间, 空位, 场所；vi. 住宿, 居住；vt. 留宿",A1,,,,
write,write,/rait/,vt./vi.,"vt. 书写, 著述, 写, 写满, 写信给；vi. 写, 写字, 写信, 写作, 作曲",A1,,,,
mother,mother,/'mʌðә/,vt./n.,"n. 母亲, 修女院长；vt. 产生, 照看, 收养",A1,,,,
area,area,/'єәriә/,n.,"n. 区域, 面积, 范围, 空地",A1,,,,
national,national,/'næʃәnәl/,,"a. 国家的, 国立的, 全国性的, 民族的",A2,,,,
money,money,/'mʌni/,n.,"n. 金钱, 一笔款, 财富, 货币, 金额",A1,,,,
story,story,/'stɒ:ri/,n.,"n. 故事, 小说, 传奇, 描述, 阅历, 经历, 层",A1,,,,
young,young,/jʌŋ/,n.,"a. 年轻的, 无经验的, 朝气蓬勃的；n. 青年们, 幼小动物, 崽",A1,,,,
fact,fact,/fækt/,n.,"n. 事实, 真实性, 真相, 细节, 论据",A1,,,,
month,month,/mʌnθ/,n.,n. 月,A1,,,,
different,different,/'difәrәnt/,,a. 不同的,A1,,,,
lot,lot,/lɒt/,vt./vi./n.,"n. 运气, 签, 抽签, 份额, 许多, 一堆；vt. 划分；vi. 抽签, 抓阄",A1,,,,
study,study,/'stʌdi/,vt./vi./n.,"n. 学习, 研究, 学科, 论文, 求学, 书房, 试作；vt. 学习, 读书, 研究, 考虑, 计划；vi. 学习, 思索",A1,,,,
book,book,/buk/,v./n.,"n. 书, 书籍, 帐簿, 名册, 工作簿；v. 登记, 预订",A1,,,,
eye,eye,/ai/,vt./n.,"n. 眼睛, 视力, 看；vt. 看, 注视",A1,,,,
job,job,/dʒɒb/,vt./vi./n.,"n. 工作, 零活, 职业, 事情；vi. 做零工, 打杂, 做股票经纪, 假公济私；vt. 代客买卖, 批发, 承包, 欺骗",A1,,,,
word,word,/wә:d/,vt./n.,"n. 话, 消息, 词, 诺言, 命令；vt. 用言辞表达",A1,,,,
though,though,/ðәu/,adv./conj.,"adv. 然而, 可是；conj. 虽然, 纵然",B1,,,,
business,business,/'biznis/,n.,"n. 生意, 事情, 业务, 商业, 商行, 职责",A1,,,,
four,four,/fɒ:/,num.,"num. 四, 四个",A1,,,,
issue,issue,/'isju/,vt./vi./n.,"n. 发行, 问题, 后果, 流出, 出口, 争端；vi. 发行, 流出, 造成...结果, 传下；vt. 使流出, 放出, 发行, 发布, 发给",B1,,,,
side,side,/said/,vt./vi./n.,"n. 旁边, 侧, 方面, 胁, 侧边, 血统；a. 旁的, 侧的, 次要的；vt. 同意, 支持；vi. 支持, 赞助",A2,,,,
kind,kind,/kaind/,n.,"n. 种类, 性质, 方式；a. 亲切的, 仁慈的, 和蔼的",A1,,,,
head,head,/hed/,vt./vi./n.,"n. 头, 头脑, 领袖, 脑袋, 最前的部分；vt. 为首, 朝向, 前进, 用头顶；vi. 朝特定方向行进, (作物)结穗；a. 头的, 在顶端的, 主要的",A1,,,,
far,far,/fɑ:/,adv.,"a. 远的, 久远的, 遥远的；adv. 甚远地, 很, 到很深的程度, 到很远的距离",A1,,,,
black,black,/blæk/,n.,"n. 黑色, 黑颜料；a. 黑色的",A1,,,,
long,long,/lɒŋ/,vi./n./adv.,"a. 长的, 长久的, 冗长的, 做多头的；vi. 渴望, 热望, 极想；adv. 长久, 始终；n. 长时间, 长信号, 长整型",A1,,,,
both,both,/bәuθ/,adv./pron.,a. 两者的；adv. 两者都；pron. 两者,A1,,,,
little,little,/'litl/,n./adv.,"n. 一点点, 少许, 一会儿, 短时间；a. 小的, 很少的, 幼小的, 琐碎的, 短暂的, 矮小的；adv. 很少, 稍微, 完全不",A1,,,,
house,house,/haus/,vt./vi./n.,"n. 房子, 住宅, 机构, 议院, 家族, 家庭；vt. 给...房子住, 收藏；vi. 住, 躲藏",A1,,,,
yes,yes,/jes/,v./n./adv.,"adv. 是；n. 是, 同意；v. 同意",A1,,,,
since,since,/sins/,adv./prep./conj.,"prep. 自...以后, 自...以来；adv. 自那时以后；conj. 既然, 自...以后, 自...以来",A2,,,,
provide,provide,/prә'vaid/,vt./vi.,"vt. 提供, 供应, 规定, 预备；vi. 作准备, 抚养, 规定",A2,,,,
service,service,/'sә:vis/,vt./n.,"n. 服务, 贡献, 雇佣, 公职, 服役, 功劳, 仪式, 送达, 行政部门；vt. 保养, 维修；a. 武装部队的, 服务性的, 仆人的, 耐用的",A2,,,,
around,around,/ә'raund/,adv./prep.,"prep. 包围, 在...周围, 四处；adv. 兜着圈子, 在附近, 到处",A1,,,,
friend,friend,/frend/,n.,"n. 朋友, 支持者, 赞助者",A1,,,,
important,important,/im'pɒ:tәnt/,,"a. 重要的, 有地位的, 大量的, 显要的, 自负的",A1,,,,
father,father,/'fɑ:ðә/,vt./n.,"n. 父亲, 祖先, 长辈, 神父, 创始者；vt. 当...的父亲, 保护, 创作, 发明, 培养",A1,,,,
sit,sit,/sit/,vt./vi./n.,"vi. 坐, 就座, 坐落；vt. 使就座, 骑；n. 坐, 衣服合身",A1,,,,
away,away,/ә'wei/,adv.,adv. 离去,A1,,,,
until,until,/әn'til/,prep./conj.,"prep. 直到, 在...以前；conj. 直到...时, 在...以前",A1,,,,
power,power,/'pauә/,vt./n.,"n. 力, 体力, 力量, 势力, 动力, 权力, 强国, 乘方, 强度, 幂, 功率；vt. 使...有力量, 供以动力, 激励",A2,,,,
hour,hour,/auә/,n.,"n. 小时, 钟头, 时间, ...点钟, 课时",A1,,,,
game,game,/geim/,vi./n.,"n. 比赛, 玩耍, 比分, 得胜, 比赛规则, 策略, 游戏, 野味；vi. 赌博；a. 勇敢的, 有胆量的, 关于野味的, 跛的",A1,,,,
often,often,/'ɒ:fn/,adv.,"adv. 时常, 常常",A1,,,,
yet,yet,/jet/,adv./conj.,"adv. 还, 尚, 仍然, 已经, 然而；conj. 然而",A2,,,,
line,line,/lain/,vt./vi./n.,"n. 列, 线, 绳, 电线, 线路, 路线, 航线, 作业线, 界线, 战线, 外形, 排, 家系；vt. 排成一行, 顺...排列, 划线于, 加衬里, 使有线条, 使起皱纹；vi. 排队",A1,,,,
political,political,/pә'litikl/,,"a. 政治的, 政治上的, 政党的, 从事政治的",B1,,,,
end,end,/end/,v./n.,"n. 结束, 终点, 目标, 末端, 梢, 死亡, 残余；v. 结束, 终结, 终止",A1,,,,
among,among,/ә'mʌŋ/,prep.,prep. 在...之中,A2,,,,
ever,ever,/'evә/,adv.,"adv. 曾经, 究竟, 永远",A1,,,,
stand,stand,/stænd/,vt./vi./n.,"n. 站立, 站住, 停顿, 讲台, 看台, 立场, 法院证人席；vi. 站, 立, 坐落, 停滞, 位于, 坚持, 维持原状；vt. 忍受, 使站立, 抵挡",A1,,,,
bad,bad,/bæd/,n./adv.,a. 坏的；n. 坏；adv. 坏地,A1,,,,
lose,lose,/lu:z/,vt./vi.,"vt. 遗失, 损失, 丢失, 使失去, 错过, 浪费, 迷失, 使迷路, 输去, 使沉溺于；vi. 受损失, 失败",A1,,,,
however,however,/hau'evә/,adv./conj.,"adv. 然而, 无论如何, 究竟怎样；conj. 然而, 可是",A1,,,,
member,member,/'membә/,n.,"n. 成员, 会员",A1,,,,
pay,pay,/pei/,vt./vi./n.,"n. 薪资, 付款, 补偿；vt. 支付, 付清, 补偿, 偿还, 对...有利, 为...涂防水物；vi. 付款, 付出代价, 偿还, 得到报应, 获得好处",A1,,,,
law,law,/lɒ:/,v./n.,"n. 法律, 法则, 定律, 法律的制约, 法学, 司法界, 诉讼；v. 起诉",A2,,,,
meet,meet,/mi:t/,vt./vi./n.,"n. 会, 集会；a. 适宜的, 合适的；vt. 遇见, 引见, 认识, 满足, 对付；vi. 相遇, 接触",A1,,,,
car,car,/kɑ:/,n.,"n. 汽车, 客车",A1,,,,
city,city,/'siti/,n.,"n. 城市, 市",A1,,,,
almost,almost,/'ɒ:lmәust/,adv.,"adv. 几乎, 差不多",A2,,,,
include,include,/in'klu:d/,vt.,"vt. 包括, 把...算入, 包住",A1,,,,
continue,continue,/kәn'tinju:/,vt./vi.,"vi. 继续, 延续, 延长；vt. 使继续, 使延长",A2,,,,
set,set,/set/,vt./vi./n.,"n. 日落, 同伙, 组合, 集合, 装置；vt. 放, 安置, 放置, 设定, 使凝结, 点燃, 确定, 点缀, 使就位, 树立, 分配, 调整；vi. 日落, 凝固, 定型, 搁住, 结果, 适合；a. 决心的, 规定的, 故意的, 持久的, 固定的, 老套的, 准备好的",B1,,,,
later,late,/'leitә/,adv.,"adv. 以后, 随后",A1,,,,
community,community,/kә'mju:niti/,n.,"n. 社区, 公众, 共有, 共同体",A2,,,,
name,name,/neim/,vt./n.,"n. 名字, 名称, 姓名, 名义, 名誉, 文件名；vt. 命名, 称呼, 任命, 提名, 列举；a. 姓名的, 据以取名的",A1,,,,
five,five,/faiv/,num.,"num. 五, 五个",A1,,,,
once,once,/wʌns/,n./adv./conj.,"adv. 一次, 曾经, 一旦；conj. 一旦, 一经；n. 一次；a. 从前的",A1,,,,
white,white,/hwait/,n.,"n. 白色, 洁白, 眼白, 白种人, 蛋白；a. 白色的, 纯洁的, 白种的, 苍白的, 空白的, 幸运的",A1,,,,
least,least,/li:st/,n./adv.,"n. 最少, 最小, 最小限度；a. 最少的, 最小的；adv. 最小, 最少",A2,,,,
president,president,/'prezidәnt/,n.,"n. 总统, 总裁, 董事长, (学院)院长, (大学)校长, 主管人, 主持人",A2,,,,
learn,learn,/lә:n/,vt.,vt. 学习；认识到；得知,A1,,,,
real,real,/'riәl/,n./adv.,"a. 真的, 真实的, 实际的, 实在的, 不动(产)的, 实数的；n. 实数, 现实；adv. 真正地",A1,,,,
change,change,/tʃeindʒ/,vt./n.,"n. 变化, 找回的零钱, 找头, 更换；vt. 改变, 更换, 兑换",A1,,,,
team,team,/ti:m/,vt./vi./n.,"n. 队, 组；vt. 把马(牛)套在同一辆车上, 把...编成一组；vi. 驾驶卡车, 协作",A1,,,,
minute,minute,/'minit. mai'nju:t/,vt./n.,"n. 分, 分钟, 片刻, 备忘录, 笔记；vt. 记录, 摘录, 测定时间；a. 微小的, 详细的",A1,,,,
best,good,/best/,n./adv.,a. 最好的；adv. 最好地；n. 最好的人,A1,,,,
several,several,/'sevәrәl/,pron.,"a. 几个的, 一些的, 各自的；pron. 几个",A2,,,,
idea,idea,/ai'diә/,n.,"n. 主意, 办法, 理想, 思想, 概念, 意见",A1,,,,
kid,kid,/kid/,v./n.,"n. 小山羊, 小山羊肉, 小孩, 欺骗；a. 小山羊皮制的；v. 哄骗, 嘲弄",A2,,,,
body,body,/'bɒdi/,vt./n.,"n. 身体, 人, 尸体, 主要部分, 团体；vt. 赋以形体",A1,,,,
information,information,/.infә'meiʃәn/,n.,"n. 消息, 知识, 通知, 情报, 信息, 问讯处, 起诉",A1,,,,
nothing,nothing,/'nʌθiŋ/,n./adv.,"n. 无, 不关紧要之事, 零；adv. 毫不, 决不；interj. 什么也没有, 无",A1,,,,
ago,ago,/ә'gәu/,adv.,adv. 以前,A1,,,,
lead,lead,/li:d. led/,vt./vi./n.,"n. 铅, 铅条, 领导, 超前量, 领引, 榜样, 主角, 导线；vt. 引导, 带领, 领导, 指挥, 致使, 加铅于, 用铅包；vi. 领导, 带头, 导致, 用测深锤测深, 被铅覆盖；a. 带头的, 最重要的",A2,,,,
social,social,/'sәuʃәl/,n.,"a. 社会的, 群居的, 社交的；n. 联欢会",A2,,,,
understand,understand,/.ʌndә'stænd/,vt./vi.,"vt. 理解, 了解, 领会, 听说, 懂；vi. 懂得, 认为",A1,,,,
whether,whether,/'hweðә/,conj./pron.,"conj. 是否, 不论；pron. 两个中的哪一个",B1,,,,
watch,watch,/wɒtʃ/,vt./vi./n.,"n. 观察, 手表, 看守, 守护, 监视, 值班人；vt. 看, 注视, 照顾, 看守, 守护, 监视；vi. 观看, 注视, 守侯",A1,,,,
together,together,/tә'geðә/,adv.,"adv. 一起, 共同, 彼此",A1,,,,
follow,follow,/'fɒlәu/,vt./vi./n.,"vt. 跟随, 沿行, 遵循, 追求；vi. 跟随, 接着；n. 跟随, 追随",A1,,,,
parent,parent,/'perәnt/,n.,"n. 父母, 父母亲, 根源",A1,,,,
stop,stop,/stɒp/,vt./vi./n.,"n. 停止, 车站, 逗留, 填塞, 障碍, (风琴的)音栓；vi. 停止, 被塞住；vt. 塞住, 堵塞, 阻止, 击落, 停止, 终止, 断绝",A1,,,,
face,face,/feis/,vt./vi./n.,"n. 脸, 面容, 正面, 外观；vt. 面对, 朝, 正视, 面临；vi. 朝, 向",A1,,,,
anything,anything,/'eniθiŋ/,pron.,pron. 任何事,A1,,,,
create,create,/kri:'eit/,vt.,"vt. 创造, 建造, 引起, 任命",A1,,,,
public,public,/'pʌblik/,n.,"n. 公众, 民众；a. 公众的, 公共的, 公立的, 公用的",A2,,,,
already,already,/ɒ:l'redi/,adv.,"adv. 已经, 早已",A2,,,,
speak,speak,/spi:k/,vt./vi.,"vi. 说, 说话, 演说, 发言；vt. 说, 讲, 说出",A1,,,,
others,other,,pron.,pron. 其他人,A1,,,,
read,read,/ri:d/,v./n.,"v. 读, 阅读, 理解；a. 有学问的；n. 读取, 阅读",A1,,,,
level,level,/'levl/,vt./vi./n.,"n. 水平, 水准, 平地；a. 同高的, 平坦的, 齐平的, 水平的；vt. 弄平, 夷平, 使同等, 瞄准, 对准；vi. 变平, 拉平",A2,,,,
allow,allow,/ә'lau/,vt./vi.,"vt. 允许, 同意给予, 承认；vi. 容许, 猜想",A2,,,,
add,add,/æd/,vt./vi.,"vt. 增加, 添加, 附带说明, 计算...总和；vi. 做加法, 积累而成, 增添",A1,,,,
office,office,/'ɒfis/,n.,"n. 办公室, 部, 公职, 职责",A1,,,,
spend,spend,/spend/,vt./vi.,"vt. 花费, 浪费, 度过, 消耗, 消磨；vi. 花费, 用尽",A1,,,,
door,door,/dɒ:/,n.,n. 门,A1,,,,
health,health,/'helθ/,n.,"n. 健康, 卫生, 蓬勃, 健康状态",A1,,,,
person,person,/'pә:sn/,n.,"n. 人, 人身, 人称",A1,,,,
art,art,/ɑ:t/,n.,"n. 艺术, 人文科学, 技术, 巧妙, 诡计, 美术",A1,,,,
sure,sure,/ʃuә/,adv.,"a. 确信, 必然的, 必定的；adv. 当然, 确实地, 无疑地",A1,,,,
war,war,/wɒ:/,vi./n.,"n. 战争, 战争状态, 战术, 军事, 冲突, 斗争, 竞争；vi. 进行战争, 作战, 打仗, 战斗；a. 战争的, 战时用的",A2,,,,
history,history,/'histәri/,n.,"n. 历史, 过去, 经历, 发展过程, 历史学, 过去的事, 历史记录",A1,,,,
party,party,/'pɑ:ti/,v./n.,"n. 宴会, 党, 政党, 团体, 当事人, 聚会；v. 举办聚会",A1,,,,
within,within,/wi'ðin/,n./adv./prep.,"n. 内部, 里头；adv. 在内部, 在内心里；prep. 在...之内",B1,,,,
grow,grow,/grәu/,vt./vi.,"vt. 种植, 使长满；vi. 生长, 变成, 发展",A1,,,,
result,result,/ri'zʌlt/,vi./n.,"n. 结果, 成绩, 答案；vi. 产生, 结果, 致使",A1,,,,
open,open,/'әupәn/,vt./vi./n.,"n. 公开, 户外, 空旷；a. 开着的, 开放的, 开阔的, 营业着的, 公开的, 悬而未决的；vt. 打开, 公开, 开放；vi. 展开, 开始, 展现",A1,,,,
morning,morning,/'mɒ:niŋ/,n.,"n. 早晨, 早上, 初期",A1,,,,
walk,walk,/wɒ:k/,vt./vi./n.,"n. 走, 散步, 步行, 行走的路程, 竞走, 散步场所；vi. 走路, 步行, 处世；vt. 走过, 遛, 使走, 护送...走",A1,,,,
reason,reason,/'ri:zn/,vt./vi./n.,"n. 理由, 原因, 理智, 道理, 前提, 理性；vt. 说服, 推论, 辩论；vi. 推论, 劝说, 思考",A1,,,,
low,low,/lәu/,vi./n./adv.,"n. 低点, 低价, 低, 牛叫声；a. 低的, 消沉的, 低等的, 浅的, 卑贱的；adv. 低下地, 谦卑地, 低；vi. 牛叫",A2,,,,
win,win,/win/,vt./vi./n.,"vt. 赢得, 打胜, 成功；vi. 获胜, 达到, 影响；n. 胜利, 赢, 收益",A1,,,,
research,research,/ri'sә:tʃ/,vi./n.,"n. 研究, 调查, 考察；vi. 研究, 调查",A2,,,,
girl,girl,/gә:l/,n.,"n. 女孩, 少女, 女佣",A1,,,,
guy,guy,/gai/,vt./vi./n.,"n. 家伙, 支索；vt. 用支索撑住, 取笑, 嘲弄；vi. 逃跑",A2,,,,
early,early,/'ә:li/,adv.,"a. 早的, 早熟的；adv. 很早, 初",A1,,,,
food,food,/fu:d/,n.,"n. 食物, 养料",A1,,,,
himself,himself,/him'self/,pron.,"pron. 他自己, 他亲自",A2,,,,
moment,moment,/'mәumәnt/,n.,"n. 片刻, 瞬间, 重要, 阶段, 力矩",A1,,,,
air,air,/єә/,vt./n.,"n. 空气, 旋律, 态度；vt. 晾, 使通风, 夸耀",A1,,,,
teacher,teacher,/'ti:tʃә/,n.,"n. 教师, 老师, 导师",A1,,,,
force,force,/fɒ:s/,vt./n.,"n. 力量, 武力, 势力, 影响力, 军队, 力, 效力；vt. 强迫, 强夺, 推动, 提高",B1,,,,
offer,offer,/'ɒfә/,vt./vi./n.,"n. 给予(物), 出价, 提议, 意图, 报价；vt. 提供, 出价, 奉献, 试图, 使出现, 演出；vi. 出现, 献祭, 提议, 求婚",A2,,,,
enough,enough,/i'nʌf/,n./adv.,"n. 充足, 够, 很多；a. 充足的, 足够；adv. 足够；interj. 够了",A1,,,,
education,education,/.edju'keiʃәn/,n.,"n. 教育, 训练, 教育学",A2,,,,
across,across,/ә'krɒs/,adv./prep.,"prep. 越过, 穿过, 与...相交叉, 在...的对面；adv. 交叉, 到另一边, 在对面, 成十字",A1,,,,
although,although,/ɒ:l'ðou/,conj.,"conj. 虽然, 尽管",A2,,,,
remember,remember,/ri'membә/,vt./vi.,"vt. 记得, 回忆起, 记住, 铭记, 纪念；vi. 记得",A1,,,,
foot,foot,/fut/,vt./vi./n.,"n. 脚, 步调, 英尺, 底部, 末尾, 步兵；vt. 走在...上, 给...换底, 支付；vi. 跳舞, 步行, 总计",A1,,,,
second,second,/'sekәnd/,vt./n./num.,"n. 秒, 瞬间, 第二名, 支持者, 助手；a. 第二的, 其次的, 次要的, 附加的, 辅助的；num. 第二；vt. 当...助手, 支持",A1,,,,
boy,boy,/bɒi/,n.,n. 男孩,A1,,,,
maybe,maybe,/'meibi:/,n./adv.,"adv. 也许, 大概；n. 可能性",A1,,,,
toward,toward,/tә'wɒ:d/,prep.,"prep. 向, 对于, 为了；a. 即将来临的, 进行中的",A2,,,,
able,able,/'eibl/,,"a. 能干的, 能够的",A2,,,,
age,age,/eidʒ/,v./n.,"n. 年龄, 老年, 成年, 寿命, 时代, 时期；v. 变老, 成熟",A1,,,,
policy,policy,/'pɒlisi/,n.,"n. 政策, 方针, 策略, 保险单",B1,,,,
everything,everything,/'evriθiŋ/,pron.,"pron. 每件事物, 所有事物",A1,,,,
love,love,/lʌv/,vt./vi./n.,"n. 爱, 恋爱, 爱情, 爱好, 性爱；vt. 爱, 爱好, 爱慕；vi. 爱",A1,,,,
process,process,/'prɒses/,vt./n.,"n. 程序, 进行, 过程；vt. 加工, 使...接受处理, 对...处置, 对...起诉；a. 经加工的, 有特殊光效的",A2,,,,
music,music,/'mju:zik/,n.,"n. 音乐, 乐曲",A1,,,,
including,include,,prep.,"prep. 包含, 包括",A2,,,,
consider,consider,/kәn'sidŋ/,v.,"v. 考虑, 思考, 认为",A2,,,,
appear,appear,/ә'piә/,vi.,"vi. 出现, 显得, 来到",A2,,,,
actually,actually,/'æktʃuәli/,adv.,"adv. 事实上, 竟然, 如今, 现在",A2,,,,
buy,buy,/bai/,vt./vi./n.,"vt. 买, 获得；vi. 买；n. 购买, 买得的东西",A1,,,,
probably,probably,/'prɒbәbli/,adv.,"adv. 大概, 或许",A1,,,,
human,human,/'hju:mәn/,n.,"n. 人, 人类；a. 人类的, 似人类的, 人性的, 有同情心的",A2,,,,
wait,wait,/weit/,vt./vi./n.,"n. 等待, 等候；vt. 等候, 期待, 延缓, 伺候, 推迟；vi. 等, 等候, 耽搁, 伺候用餐",A1,,,,
serve,serve,/sә:v/,vt./vi./n.,"vt. 可作...用, 服务, 经历, 招待, 供应, 送交, 对待；vi. 服务, 服役, 侍应, 适合, 有用, 开球；n. 发球, 轮到发球",A2,,,,
market,market,/'mɑ:kit/,vt./vi./n.,"n. 市场, 交易, 集市, 推销地区, 行情, 市面, 销路；vt. 在市场上交易, 使上市, 销售；vi. 在市场上买卖",A1,,,,
die,die,/dai/,vt./vi./n.,"vi. 死亡, 消逝, 平息, 熄灭, 漠然, 渴望；vt. 死；n. 骰子, 冲模",A1,,,,
send,send,/send/,vt./vi./n.,"vt. 发送, 使进入, 寄, 派遣, 发射, 使陷于；vi. 寄信, 派人, 播送；n. (船的)上升运动",A1,,,,
expect,expect,/iks'pekt/,vt.,"vt. 预期, 盼望, 期待",A2,,,,
sense,sense,/sens/,vt./n.,"n. 感应, 感觉, 感官, 意识, 观念, 情理, 知觉, 理智；vt. 感觉, 觉察, 检测",A2,,,,
build,build,/bild/,v./n.,"v. 建立, 建筑；n. 构造, 体格",A1,,,,
stay,stay,/stei/,vt./vi./n.,"n. 停留, 逗留, 制止, 延缓, 停止, 支柱, 支撑物, 支索；vt. 制止, 延缓, 坚持, 支持, 支撑, 用支索固定；vi. 停留, 逗留, 暂停, 坚持, 中止",A1,,,,
fall,fall,/fɒ:l/,vi./n.,"n. 落下, 瀑布, 采伐量, 下降, 落差, 降低, 堕落, 秋天；vi. 倒下, 落下, 来临, 失守, 阵亡, 下跌, 减弱, 倾斜, 垮台, 轮到, 变成, 降低；a. 秋天的",A1,,,,
oh,oh,/әu/,,interj. (表示惊讶、恐怖、赞叹)哦,A1,,,,
nation,nation,/'neiʃәn/,n.,"n. 国家, 民族",B1,,,,
plan,plan,/plæn/,vt./vi./n.,"n. 计划, 方案, 策略, 方法, 进度表, 程序表, 平面图, 设计图, 轮廓, 示意图；vt. 计划, 设计, 意欲；vi. 订计划",A1,,,,
cut,cut,/kʌt/,vt./vi./n.,"n. 切口, 割伤, 降低, 切, 割, 砍, 削, 伤口, 削减, 缩短, 删节, 通路；a. 经切割的, 缩减的；vt. 切, 割, 减少, 刺痛, 开辟, 雕刻, 删节, 缩短, 停止, 排斥, 切断, 关, 显出；vi. 切, 割, 砍, 刺痛, 相交, 抄近路, 剪辑",A1,,,,
college,college,/'kɒlidʒ/,n.,"n. 学院, 大学, 学会",A1,,,,
interest,interest,/'intrist/,vt./n.,"n. 兴趣, 嗜好, 利息, 利益, 爱好, 趣味, 势力；vt. 使感兴趣, 与...有关系",A1,,,,
death,death,/deθ/,n.,n. 死亡,A2,,,,
course,course,/kɒ:s/,v./n.,"n. 课程, 路线, 过程, 一道菜, 道路；v. 追, (使)跑",A1,,,,
someone,someone,/'sʌmwʌn/,pron.,"pron. 有人, 某人",A1,,,,
experience,experience,/ik'spiәriәns/,vt./n.,"n. 经历, 经验, 体验；vt. 经历, 经验, 体验",A2,,,,
behind,behind,/bi'haind/,adv./prep.,adv. 在后地；prep. 在...背后,A1,,,,
reach,reach,/ri:tʃ/,vt./vi./n.,"n. 伸出, 延伸, 区域, 范围, 流域, 岬；vt. 到达, 达到, 伸出, 延伸, 影响；vi. 达到, 延伸, 伸出手, 传到",A2,,,,
local,local,/'lәukәl/,n.,"a. 地方性的, 当地的, 局部的, 乡土的, 本地的；n. 当地居民, 本地新闻, 局部",A1,,,,
six,six,/siks/,num.,"num. 六, 六个",A1,,,,
kill,kill,/kil/,vt./vi./n.,"n. 杀, 杀戮, 小河；vt. 杀, 破坏, 消灭, 使终止, 抵消, 否决；vi. 杀死",A2,,,,
remain,remain,/ri'mein/,vi.,"vi. 保持, 逗留, 剩余",B1,,,,
effect,effect,/i'fekt/,vt./n.,"n. 结果, 影响, 效果, 印象；vt. 实行, 引起, 完成",A2,,,,
yeah,yeah,/jɑ:/,adv.,"adv. (非正式)是, 是的",A1,,,,
suggest,suggest,/sәg'dʒest/,vt.,"vt. 提议, 建议, 促成, 暗示, 启发, 使人想起",A2,,,,
class,class,/klɑ:s/,vt./n.,"n. 班级, 阶级, 种类, 课；vt. 分类",A1,,,,
control,control,/kәn'trәul/,vt./n.,"n. 控制, 管理, 克制, 控制器, 操纵装置；vt. 控制, 操纵, 抑制",A2,,,,
raise,raise,/reiz/,vt./n.,"n. 上升, 高地, 增高；vt. 升起, 举起, 唤起, 提高, 使出现, 使复活, 提出, 筹集, 饲养",A2,,,,
care,care,/kєә/,vt./vi./n.,"n. 小心, 照料, 忧虑；vi. 关心, 介意；vt. 在意, 喜欢",A2,,,,
perhaps,perhaps,/pә'hæps/,adv.,"adv. 也许, 大概",A2,,,,
late,late,/leit/,adv.,"a. 迟的, 晚的, 已故的；adv. 很晚, 很迟, 晚",A1,,,,
hard,hard,/hɑ:d/,adv.,"a. 坚硬的, 硬的, 难的, 艰苦的, 困难的, 坚固的, 猛烈的, 艰难的, 结实的, 确实的；adv. 坚硬地, 努力地, 辛苦地, 接近地, 猛烈地, 牢固地",A1,,,,
field,field,/fi:ld/,vt./n.,"n. 领域, 田地, 场地, 战场, 场, 域；vt. 使...晒在场上, 使上场；a. 田间的, 野生的, 野外的, 田赛的",A2,,,,
else,else,/els/,adv.,"a. 别的, 其他的；adv. 另外, 否则, 不然",A1,,,,
pass,pass,/pæs/,vt./vi./n.,"n. 经过, 要隘, 途径, 通行, 护照, 及格；vt. 经过, 越过, 通过, 批准, 度过, 传递, 忽略；vi. 经过, 变化, 流通, 及格, 宣判, 终止, 消逝, 被忽略, 不叫牌, 传递",A2,,,,
former,former,/'fɒ:mә/,n.,"a. 从前的, 前者的；n. 起形成作用的人(或物), 模型, 样板",B2,,,,
sell,sell,/sel/,vt./vi./n.,"vt. 卖, 背叛, 销售, 出卖；vi. 卖, 销售；n. 卖, 推销术, 失望",A1,,,,
major,major,/'meidʒә/,vi./n.,"n. 主修课, 成年人, 陆军少校；a. 主要的, 较多的, 大部分的, 成年的, 严重的；vi. 主修",A2,,,,
sometimes,sometimes,/'sʌmtaimz/,adv.,"adv. 有时, 时常, 往往",A1,,,,
require,require,/ri'kwaiә/,vt.,"vt. 需要, 命令, 要求",B1,,,,
along,along,/ә'lɒŋ/,adv./prep.,"adv. 平行地, 向前；prep. 沿着",A2,,,,
development,development,/di'velәpmәnt/,n.,n. 发展,B1,,,,
themselves,themselves,/ðәm'selvz/,pron.,"pron. 他们自己, 她们自己, 它们自己",A2,,,,
report,report,/ri'pɒ:t/,vt./vi./n.,"n. 报告, 报道, 传说, 案情报告, 爆炸声, 成绩单；vt. 报告, 汇报, 转述, 报道, 揭发, 使报到；vi. 报告, 写报道, 报到",A1,,,,
role,role,/rәul/,n.,"n. 角色, 职责, 任务",A2,,,,
better,good,/'betә/,adv.,a. 较好的；adv. 比较好,A1,,,,
economic,economic,/.i:kә'nɒmik/,,"a. 经济上的, 实用的, 节省的",B1,,,,
effort,effort,/'efәt/,n.,"n. 努力, 成就",B1,,,,
decide,decide,/di'said/,v.,"v. 决定, 判决",A1,,,,
rate,rate,/reit/,vt./vi./n.,"n. 比率, 率, 速度, 价格, 费用, 等级；vt. 估价, 认为, 鉴定等级, 责骂；vi. 被评价, 责骂",A2,,,,
strong,strong,/strɒŋ/,adv.,"a. 强壮的, 坚固的, 坚强的, 强烈的, 有力的, 优良的；adv. 强劲地, 有力地, 猛烈地",A1,,,,
possible,possible,/'pɒsәbl/,n.,"a. 可能的, 潜在的, 合适的；n. 可能性, 可能的事物",A1,,,,
heart,heart,/hɑ:t/,vt./n.,"n. 心, 心脏, 中心, 内心, 感情, 精神, 心情, 宝贝儿；vt. 鼓励",A2,,,,
drug,drug,/drʌg/,vt./vi./n.,"n. 药, 麻药, 麻醉药；vi. 吸毒；vt. 使服麻醉药, 使麻木",A2,,,,
leader,leader,/'li:dә/,n.,"n. 领导者, 社论, 指挥, 领袖, 领唱者, 前导字符",A2,,,,
light,light,/lait/,vt./vi./n./adv.,"n. 光, 光亮, 灯, 日光, 发光体, 光源, 杰出人物, 火花, 眼光；a. 轻的, 少量的, 轻微的, 轻快的, 轻浮的, 明亮的, 淡色的, 容易的；vt. 点燃, 照亮；vi. 点着, 变亮, 突降, 偶然碰到；adv. 轻地",A1,,,,
voice,voice,/vɒis/,vt./n.,"n. 声音, 嗓音, 嗓子, 愿望, 发言权, 表达, 喉舌, 语态；vt. 表达, 吐露, 调音",A2,,,,
wife,wife,/waif/,n.,"n. 妻子, 太太, 夫人",A1,,,,
whole,whole,/hәul/,n.,"n. 全部, 全体, 整体, 完全之体系；a. 所有的, 完整的, 完全的, 纯粹的",A2,,,,
police,police,/pә'li:s/,vt./n.,"n. 警察, 警察当局, 治安；vt. 维持治安, 管辖",A1,,,,
mind,mind,/maind/,vt./vi./n.,"n. 思想, 愿望, 智力, 记忆, 心理, 情绪, 理智, 主意, 心意；vi. 介意, 注意, 留心；vt. 注意, 留意, 专心于, 照看, 介意",A2,,,,
finally,finally,/'fainәli/,adv.,"adv. 最后, 终于",A2,,,,
pull,pull,/pul/,vt./vi./n.,"vt. 拉, 拖, 拔, 牵, 撕开, 吸引；vi. 拉, 拖, 拔, 有吸引力；n. 拉, 拖, 拔, 拉力, 牵引力, 划船, 吸引",A2,,,,
return,return,/ri'tә:n/,vt./vi./n.,"n. 回来, 返回, 来回票, 归还, 报答, 利润率, 报告书；a. 返回的, 回程的, 报答的, 反向的, 重现的, 复原的；vi. 返回, 归还, 回来；vt. 归还, 还, 回报, 产生, 反射, 报告, 申报, 退回",A1,,,,
free,free,/fri:/,vt./adv.,"a. 自由的, 享受政治权力的, 允许的, 免费的, 丰富的；vt. 释放, 解放, 使自由；adv. 自由地, 免费",A1,,,,
military,military,/'militәri/,n.,"n. 军队；a. 军事的, 军人的, 适于战争的",B2,,,,
price,price,/prais/,vt./n.,"n. 价格, 代价, 价值；vt. 定...的价格",A1,,,,
less,less,/les/,n./adv.,"n. 较少, 较小；a. 少的, 小的；adv. 较少, 较小, 较差",A2,,,,
according,accord,/ә'kɒ:diŋ/,adv.,"a. 相符的, 根据...而定的；adv. 相应地",Beyond C1,,,,
decision,decision,/di'siʒәn/,n.,"n. 决定, 决心, 决断",A2,,,,
explain,explain,/ik'splein/,v.,"v. 解释, 说明",A1,,,,
son,son,/sʌn/,n.,"n. 儿子, 女婿, 子孙",A1,,,,
hope,hope,/hәup/,v./n.,"n. 希望, 信心, 期待；v. 希望, 期望, 信赖",A1,,,,
develop,develop,/di'velәp/,vt./vi.,"vt. 发展, 使发达, 进步, 洗印, 显影；vi. 发展, 生长",A2,,,,
view,view,/vju:/,vt./n.,"n. 视野, 风景, 见解, 视力, 观看, 视图, 指望, 意图, 印象；vt. 看, 考虑, 视察, 查看, 估量",A2,,,,
relationship,relationship,/ri'leiʃәnʃip/,n.,"n. 关系, 关联",A2,,,,
carry,carry,/'kæri/,vt./vi./n.,"n. 进位, 射程, 运载；vt. 携带, 运送, 支持, 传送, 包含；vi. 被携带, 能达到",A1,,,,
town,town,/taun/,n.,"n. 城镇, 市, 镇",A1,,,,
road,road,/rәud/,n.,"n. 路, 道路, 公路, 途径, 方法",A1,,,,
drive,drive,/draiv/,vt./vi./n.,"n. 驾车, 快车道, 推进力, 驱动, 动力, 击球, 驱动器；vt. 开车, 驱使, 推动, 驾驶；vi. 开车, 猛击, 飞跑",A1,,,,
arm,arm,/ɑ:m/,vt./vi./n.,"n. 手臂, 袖子, 狭长港湾, 武器；vt. 武装, 装备；vi. 武装起来",A1,,,,
true,true,/tru:/,n./adv.,"a. 真实的, 正确的, 忠诚的, 可靠的, 纯粹的, 正式的；n. 真实, 准确；adv. 真实地, 准确地",A1,,,,
federal,federal,/'fedәrәl/,,"a. 联邦的, 联合的, 同盟的",B1,,,,
break,break,/breik/,vt./vi./n.,"n. 休息, 中断, 破裂处, 绝交, 破晓, 突变；vt. 打破, 弄破, 弄坏, 破坏, 违反, 打断, 削弱, 放弃；vi. 破碎, 决裂, 破晓, 突变, 变弱, 暂停；n. 分隔符",A1,,,,
difference,difference,/'difәrәns/,n.,"n. 不同, 差异",A1,,,,
receive,receive,/ri'si:v/,vt./vi.,"vt. 收到, 接到, 得到, 接待, 迎接, 承受；vi. 收到, 会客",A2,,,,
thank,thank,/θæŋk/,vt./n.,"n. 谢意, 感谢；vt. 谢谢, 感谢",A1,,,,
value,value,/'vælju:/,vt./n.,"n. 价值, 价格, 购买力, 评价, 估价, 计算结果；vt. 评价, 估价, 重视",B1,,,,
international,international,/.intә'næʃәnәl/,n.,a. 国际的；n. 国别设定,A2,,,,
building,build,/'bildiŋ/,n.,"n. 建筑物, 建筑",A1,,,,
action,action,/'ækʃәn/,vt./n.,"n. 行动, 活动, 动作, 作用, 战斗, 行为, 诉讼；vt. 对...起诉",A1,,,,
full,full,/ful/,vt./n./adv.,"n. 全部, 完整；a. 充满的, 完全的, 丰富的, 完美的, 丰满的, 详尽的；adv. 完全地, 整整, 十分；vt. 把(衣服等)缝得宽松, 漂洗",A1,,,,
model,model,/'mɒdәl/,vt./vi./n.,"n. 模型, 模范, 模特儿；a. 模范的, 作模型用的；vi. 做模型, 做模特儿；vt. 使模仿, 塑造",A1,,,,
join,join,/dʒɒin/,vt./vi./n.,"vi. 参加, 结合, 加入；vt. 连接, 结合, 参加, 加入；n. 连接, 结合, 接合点",A1,,,,
season,season,/'si:zn/,vt./vi./n.,"n. 季节, 时节, 当令期, 时期；vt. 给...调味, 使成熟, 使老练, 缓和；vi. 变干燥",A2,,,,
society,society,/sә'saiәti/,n.,n. 社会；社交界；交往；社团,A2,,,,
tax,tax,/tæks/,vt./n.,"n. 税, 税款, 重负, 会费；vt. 课以税, 使负重荷, 斥责",B1,,,,
director,director,/di'rektә/,n.,"n. 主管, 导演, 董事",A2,,,,
position,position,/pә'ziʃәn/,vt./n.,"n. 位置, 地位, 身分, 形势, 姿势, 立场, 职位, 状态, 阵地；vt. 安置, 决定...的位置",A2,,,,
player,player,/'pleiә/,n.,"n. 竞赛者, 上场队员, 游戏者, 演员",A1,,,,
agree,agree,/ә'gri:/,vt./vi.,"vi. 同意, 赞成, 应允, 适合；vt. 承认, 认定, 同意",A1,,,,
especially,especially,/i'speʃәli/,adv.,"adv. 尤其, 特别, 格外",A2,,,,
record,record,/ri'kɒ:d/,vt./vi./n.,"n. 记录, 履历, 档案, 审判记录, 最高纪录, 唱片；vt. 记录, 记载, 标明, 将...录音；vi. 记录, 录音, 可被录音；a. 创纪录的",A2,,,,
pick,pick,/pik/,v./n.,"n. 精选, 选择, 掘, 精华, 牙签, 鹤嘴锄；v. 摘, 掘, 凿, 挖, 挑选",A2,,,,
wear,wear,/wєә/,vt./vi./n.,"n. 穿着, 戴, 使用, 耗损, 服装, 耐久性；vt. 穿着, 戴, 留(须、发等), 呈现, 磨损, 磨成, 耗损, 使疲乏, 消磨；vi. 磨损, 变旧, 耐久, 渐变, 渐渐消失",A1,,,,
paper,paper,/'peipә/,vt./vi./n.,"n. 纸, 文件, 文章, 报纸, 证券, 证件；vt. 用纸糊, 贴壁纸于, 用纸包装；vi. 贴壁纸；a. 纸做的, 纸上的",A1,,,,
special,special,/'speʃәl/,n.,"n. 专辑, 专车, 号外, 特别的东西, 负有特别任务的人员；a. 特别的, 专门的, 特殊的, 额外的, 附加的, 特别亲密的",A1,,,,
space,space,/speis/,vt./vi./n.,"n. 位置, 空间, 距离, 太空, 空白, 间隔, (期刊等的)篇幅；vt. 隔开, 分隔；vi. 留间隔",A1,,,,
ground,grind,/graund/,vt./vi./n.,"n. 土地, 战场, 场地, 地面, 范围；a. 土地的, 地面上的；vt. 放在地上, 使搁浅, 打基础, 给...以训练；vi. 搁浅, 落地, 根据, 基于；a. 磨过的",A2,,,,
form,form,/fɒ:m/,v./n.,"n. 形状, 形体, 类型, 方式, 表格, 形式；v. 形成, 排列, (使)组成；n. 表单",A1,,,,
support,support,/sә'pɒ:t/,vt./n.,"n. 支持, 支撑, 援助, 供养, 支撑物；vt. 支援, 支撑, 帮助, 支持, 忍受, 供养, 证实",A2,,,,
event,event,/i'vent/,n.,"n. 事件, 结果, 事情的进程, 竞赛项目",A1,,,,
official,official,/ә'fiʃәl/,n.,"n. 官员, 公务员, 职员；a. 公务的, 官方的, 正式的",B1,,,,
whose,whose,/hu:z/,pron.,pron. 谁的,A2,,,,
matter,matter,/'mætә/,vi./n.,"n. 事件, 物质, 原因, 素材, 实体, 重要；vi. 有关系",A2,,,,
everyone,everyone,/'evriwʌn/,pron.,"pron. 每个人, 人人",A1,,,,
center,center,/'sentә/,vt./vi./n.,"n. 中心, 中心点, 中锋；a. 中央的, 位在正中的；vt. 集中, 定中心；vi. 居中",A1,,,,
couple,couple,/'kʌpl/,vt./vi./n.,"n. 对, 夫妇, 数个；vt. 使成双, 连接, 使成婚, 把...联系起来；vi. 结合, 成婚",A2,,,,
site,site,/sait/,vt./n.,"n. 位置, 场所, 地点；vt. 给...择址",A2,,,,
project,project,/'prɒdʒekt/,vt./vi./n.,"n. 计划, 设计, 事业；vt. 计划, 设计, 投掷, 发射, 使凸出, 放映；vi. 凸出",A1,,,,
hit,hit,/hit/,vt./vi./n.,"n. 打击, 打, 冲撞, 讽刺；vt. 打, 打击, 碰撞, 打中, 袭击, 偶然碰上；vi. 打, 打中, 打击, 碰撞, 偶然碰上",A2,,,,
base,base,/beis/,vt./n.,"n. 底部, 垒, 基础, 基地；vt. 以...作基础；a. 卑鄙的, 低劣的",B1,,,,
activity,activity,/æk'tiviti/,n.,"n. 活动, 行动, 活跃, 活力",A1,,,,
star,star,/stɑ:/,vt./vi./n.,"n. 星, 恒星, 星形物, 运气, 明星；vt. 以星状物装饰, 用星号标, 使成为明星；vi. 变成明星",A1,,,,
table,table,/'teibl/,vt./n.,"n. 桌子, 餐桌, 工作台, 铭文, 表格, 表, 高原, 平地层；vt. 搁置, 嵌合, 制表, 把...列入议事日程",A1,,,,
court,court,/kɒ:t/,vt./vi./n.,"n. 法院, 庭院, 奉承；vt. 献殷勤, 追求, 招致；vi. 求爱",B1,,,,
produce,produce,/prә'dju:s/,vt./vi./n.,"n. 生产品, 物产, 后代；vt. 产生, 生产, 提出, 出示；vi. 生产, 制造",A2,,,,
eat,eat,/i:t/,v.,"v. 吃, 腐蚀",A1,,,,
teach,teach,/ti:tʃ/,vt./vi.,"vt. 教, 讲授, 教导, 教育；vi. 教书, 教学, 可以教",A1,,,,
oil,oil,/ɒil/,vt./vi./n.,"n. 油, 石油, 油画颜料；vt. 涂油于, 使融化成油状, 加油于；vi. 加燃油, 融化",A2,,,,
half,half,/hɑ:f/,n./adv.,"n. 一半, 半场, 不完全；a. 一半的, 不完全的, 部分的, 半场的；adv. 一半地, 部分地, 在某种程度上地, 几乎",A1,,,,
situation,situation,/.sitju'eiʃәn/,n.,"n. 情形, 境遇, 位置",A1,,,,
easy,easy,/'i:zi/,adv.,"a. 容易的, 缓缓的, 舒适的, 从容的, 宽容的, 流畅的, 随便的, 自在的, 疲软的；adv. 容易地, 慢慢地",A1,,,,
cost,cost,/kɒst/,vt./vi./n.,"n. 代价, 价值, 费用；vi. 花费；vt. 使失去, 值, 使花费",A1,,,,
industry,industry,/'indәstri/,n.,"n. 勤劳, 工业, 企业, 产业, 有组织的劳动",A2,,,,
figure,figure,/'figә/,vt./vi./n.,"n. 数字, 价格, 图形, 形状；vt. 描绘, 表示, 演算, 认为；vi. 计算, 出现, 估计",A2,,,,
street,street,/stri:t/,n.,"n. 街道, 马路, 街区；a. 街道的",A1,,,,
image,image,/'imidʒ/,vt./n.,"n. 影像, 肖像, 想象, 图像, 形象, 翻版；vt. 作...的像, 反映, 想象, 象征；n. 图像",A2,,,,
itself,itself,/it'self/,pron.,"pron. 它本身, 它自己",A2,,,,
phone,phone,/fәun/,vt./vi./n.,"n. 电话, 受话器, 耳机；vt. 打电话给；vi. 打电话",A1,,,,
either,either,/'i:ðә/,conj./pron.,"a. (两者之中)任一的, (两者之中)各一的；pron. (两者之中)任一；conj. 或, 要么",A2,,,,
data,data,/'deitә/,,"pl. 资料, 数据",A2,,,,
cover,cover,/'kʌvә/,vt./vi./n.,"n. 盖子, 封面, 藉口；vt. 覆盖, 掩饰, 保护, 掩护, 包括；vi. 覆盖",A2,,,,
quite,quite,/kwait/,adv.,"adv. 相当, 完全, 十分",A1,,,,
picture,picture,/'piktʃә/,vt./n.,"n. 图画, 照片, 景色, 美丽如画的人(或物), 化身, 生动的描述, 想像, 形象思维；vt. 画, 拍摄, 用图说明, 描写, 想像",A1,,,,
clear,clear,/kliә/,vt./vi./n./adv.,"a. 清楚的, 明确的, 澄清的；adv. 清晰地；vt. 澄清, 清除障碍；vi. 放晴, 变清澈；n. 空隙",A2,,,,
practice,practice,/'præktis/,v./n.,"n. 实践, 练习, 实行, 惯例, 习惯, 开业；v. 实践, 实行, 练习, 实习, 业务",A1,,,,
piece,piece,/pi:s/,vt./vi./n.,"n. 块, 片, 篇, 碎片, 部分, 部件, 标准量；vt. 修补, 修理, 拼合, 接线头；vi. 吃零食",A1,,,,
land,land,/lænd/,vt./vi./n.,"n. 陆地, 地面, 地界, 地产, 国土, 土地；vi. 登陆, 登岸, 到达；vt. 使上岸, 使登陆, 使到达",A1,,,,
recent,recent,/'ri:snt/,,"a. 最近的, 近代的, 最新的",A2,,,,
describe,describe,/di'skraib/,vt.,"vt. 描述, 描绘, 画",A1,,,,
product,product,/'prɒdʌkt/,n.,"n. 产品, 结果, 乘积",A1,,,,
doctor,doctor,/'dɒktә/,vt./vi./n.,"n. 医生, 博士；vt. 授以博士学位, 诊断, 修改；vi. 行医",A1,,,,
wall,wall,/wɒ:l/,vt./n.,"n. 墙, 墙壁, 垣, 内壁, 分界物, 屏障；a. 墙的；vt. 给...建墙, 禁闭, 用墙围住",A1,,,,
patient,patient,/'peiʃәnt/,n.,"n. 病人, 承受者；a. 忍耐的, 容忍的, 有耐性的, 坚忍的",A2,,,,
worker,worker,/'wә:kә/,n.,"n. 工人, 劳动者",A1,,,,
news,news,/nju:z/,n.,"n. 新闻, 消息, 报导",A1,,,,
test,test,/test/,vt./vi./n.,"n. 测试, 试验, 化验, 检验, 考验, 甲壳；vt. 测试, 试验, 化验；vi. 接受测验, 进行测试",A1,,,,
movie,movie,/'mu:vi/,n.,n. 电影,A1,,,,
certain,certain,/'sә:tәn/,,"a. 确定的, 某一个的, 必然的",A2,,,,
north,north,/nɒ:θ/,n./adv.,"n. 北方, 北；a. 北的, 北方的；adv. 向北方, 在北方",A1,,,,
personal,personal,/'pә:snl/,,"a. 私人的, 涉及隐私的, 有人性的, 人称的, 亲自的, 身体的",A1,,,,
simply,simply,/'simpli/,adv.,"adv. 简单地, 只是, 简直, 简朴地, 坦白地",B1,,,,
third,third,/θә:d/,num.,"num. 第三, 三分之一",A1,,,,
technology,technology,/tek'nɒlәdʒi/,n.,"n. 技术, 工业技术, 术语",A2,,,,
catch,catch,/kætʃ/,vt./vi./n.,"n. 捕捉, 陷阱, 捕捉之物, 抓, 拉手；vt. 捕捉, 赶上, 感染, 听清楚；vi. 抓住, 燃着",A2,,,,
step,step,/step/,vt./vi./n.,"n. 步骤, 步, 步幅, 脚步声, 踏级, 步伐, 短距离, 步态, 手段, 等级；vt. 踏, 以步测量, 跨步, 使成阶梯状；vi. 跨步, 轻快地走, 跳舞, 踩, 踏上, 行走",A2,,,,
baby,baby,/'beibi/,n.,n. 婴孩,A1,,,,
computer,computer,/kәm'pju:tә/,n.,"n. 电脑, 电子计算机",A1,,,,
type,type,/taip/,vt./vi./n.,"n. 类型, 样式, 典型, 榜样, 标志, 符号, 型, 式；vi. 打字；vt. 作为代表, 测定类型, 用打字机打",A1,,,,
attention,attention,/ә'tenʃәn/,n.,"n. 注意, 注意力",A2,,,,
draw,draw,/drɒ:/,vt./vi./n.,"vi. 拉, 拖, 拔剑；vt. 拖拉, 挨近, 领取, 打成平局, 引导, 抽签决定, 画, 描写, 制订, 草拟, 吸引；n. 拉, 拖, 拔出, 抽签, 平局",A1,,,,
film,film,/film/,vt./vi./n.,"n. 软片, 薄膜, 胶卷, 电影；vt. 覆以薄膜, 拍摄；vi. 生薄膜, 拍电影",A2,,,,
republican,republican,/ri'pʌblikәn/,n.,"n. 共和主义者, 共和党员；a. 共和政体的, 共和国的, 共和主义的",Beyond C1,,,,
organization,organization,/.ɒ:gәnai'zeiʃәn/,n.,"n. 组织, 结构, 团体, 体制",A2,,,,
tree,tree,/tri:/,vt./n.,"n. 树, 木料, 树状物；vt. 把...赶上树",A1,,,,
source,source,/sɒ:s/,n.,"n. 来源, 水源, 根源, 原始资料, 源",A2,,,,
red,red,/red/,n.,"a. 红的, 红色的, 红肿的, 流血的；n. 红色, 红颜料, 赤字",A1,,,,
nearly,nearly,/'niәli/,adv.,"adv. 几乎, 密切地",A2,,,,
choose,choose,/tʃu:z/,vt./vi.,"vt. 选择, 宁愿, 欲；vi. 作出选择, 愿意",A1,,,,
cause,cause,/kɒ:z/,vt./n.,"n. 原因, 目标；vt. 引起, 使产生, 使遭受",A2,,,,
hair,hair,/hєә/,n.,"n. 头发, 毛发, 些微",A1,,,,
century,century,/'sentʃuri/,n.,"n. 世纪, 百年",A2,,,,
evidence,evidence,/'evidәns/,n.,"n. 根据, 证据, 迹象",A2,,,,
window,window,/'windәu/,vt./n.,"n. 窗户, 窗子, 窗口；vt. 给...开窗",A1,,,,
difficult,difficult,/'difikәlt/,,a. 困难的,A1,,,,
listen,listen,/'lisn/,vi./n.,"vi. 听, 倾听, 听从；n. 听, 倾听",A1,,,,
soon,soon,/su:n/,adv.,"adv. 不久, 早, 快, 宁可",A1,,,,
culture,culture,/'kʌltʃә/,vt./n.,"n. 文化, 修养, 耕种；vt. 耕种, 培养",A1,,,,
billion,billion,/'biljәn/,num.,"num. 十亿, 十亿个",A2,,,,
chance,chance,/tʃæns. tʃɑ:ns/,vt./vi./n.,"n. 机会, 意外, 可能性；vi. 偶然发生；vt. 冒险",A2,,,,
brother,brother,/'brʌðә/,n.,n. 兄弟,A1,,,,
energy,energy,/'enәdʒi/,n.,"n. 精力, 精神, 活力, 能量",A2,,,,
realize,realize,/'riәlaiz/,vt./vi.,"vt. 了解, 实现, 使显得逼真, 变卖；vi. 变卖",A2,,,,
period,period,/'piәriәd/,n.,"n. 时期, 节段, 节, 句点, 学时, 周期；a. 当时特有的, 过去某段时期的；interj. 就是这话, 就是这么回事",A1,,,,
summer,summer,/'sʌmә/,vi./n.,"n. 夏季, 全盛时期；vi. 避暑, 过夏天",A1,,,,
hundred,hundred,/'hʌndrәd/,n./num.,"n. 百, 百个东西；num. 百, 百个；a. 一百的, 许多的",A1,,,,
available,available,/ә'veilәbl/,,"a. 可利用的, 可获得的, 有效的",A2,,,,
plant,plant,/plænt. plɑ:nt/,vt./vi./n.,"n. 植物, 作物, 工厂, 树枝, 生长, 设施, 成套设备；vt. 种植, 栽培, 播种, 培养, 安置, 殖民于, 使位于；vi. 种植",A1,,,,
likely,likely,/'laikli/,adv.,"a. 有可能的, 合适的, 前途有望的；adv. 或许, 可能",A2,,,,
opportunity,opportunity,/.ɒpә'tju:niti/,n.,"n. 机会, 时机",A2,,,,
term,term,/tә:m/,vt./n.,"n. 术语, 专有名词, 期限, 学期, 任期, 条件, 价钱, 关系, 地位, 项, 界石；vt. 称, 呼",A2,,,,
short,short,/ʃɒ:t/,vt./n./adv.,"a. 短的, 近的, 矮的, 短期的, 简短的, 少量的；adv. 简短地, 突然；n. 扼要, 短片, 缺乏；vt. 故意少给, 使短路",A1,,,,
letter,letter,/'letә/,vt./vi./n.,"n. 信, 字母, 证书, 字面意义, 铅字, 学问, 出租人；vt. 写字母于, 在...上刻字母, 用字母标明；vi. 写印刷体字",A1,,,,
condition,condition,/kәn'diʃәn/,vt./n.,"n. 情况, 条件；vt. 使健康, 以...为条件, 决定, 使适应",A2,,,,
choice,choice,/tʃɒis/,n.,"n. 选择, 精选品, 选择权；a. 精选的, 挑三拣四的, 上等的；该命令用于提示用户作出选择, 决定批处理文件的流程",A2,,,,
single,single,/'siŋgl/,vt./vi./n.,"a. 单身的, 单程的, 单一的, 个别的, 孤独的, 专一的；n. 一个, 单打, 单程票；vt. 选出；vi. 击出一垒打",A2,,,,
rule,rule,/ru:l/,vt./vi./n.,"n. 规则, 统治, 控制, 支配, 规律, 标准, 章程, 破折号, 铅线；vt. 规定, 统治, 管理, 控制, 支配, 裁决；vi. 统治, 管辖, 裁定",A1,,,,
daughter,daughter,/'dɒ:tә/,n.,n. 女儿；a. 女儿的,A1,,,,
administration,administration,/әd.mini'streiʃәn/,n.,"n. 行政, 管理, 政府机关",B1,,,,
south,south,/sauθ/,vi./n./adv.,"n. 南方, 南；a. 南的, 向南的；adv. 在南方；vi. 转向南方",A1,,,,
husband,husband,/'hʌzbәnd/,vt./n.,"n. 丈夫, 管理人, 节俭的人；vt. 节俭, 使成丈夫, 持有",A1,,,,
congress,congress,/'kɒŋgres/,n.,"n. 国会, 会议, 讨论会",B2,,,,
floor,floor,/flɒ:/,vt./n.,"n. 地板, 楼层, 底部, 底价；vt. 铺地板, 打倒；n. 地面, 地板, 基底",A1,,,,
campaign,campaign,/kæm'pein/,vi./n.,"n. 战役, 运动, 竞选运动；vi. 参加运动, 作战",B1,,,,
material,material,/mә'tiәriәl/,n.,"n. 材料, 物资, 素材, 布料, 资料；a. 物质的, 肉体的, 重要的",A2,,,,
population,population,/.pɒpju'leiʃәn/,n.,"n. 人口, 人口数",A2,,,,
economy,economy,/i'kɒnәmi/,n.,"n. 经济, 理财, 节约",B1,,,,
medical,medical,/'medikl/,n.,"n. 医生, 体格检查；a. 医学的, 内科的, 药的",A2,,,,
hospital,hospital,/'hɒspitәl/,n.,n. 医院,A1,,,,
church,church,/tʃә:tʃ/,vt./n.,"n. 教堂, 礼拜, 教会；vt. 使人接受宗教仪式；a. 教堂的",A2,,,,
close,close,/klәuz/,vt./vi./n./adv.,"n. 结束, 完结；a. 靠近的, 亲近的, 亲密的, 严密的, 关闭的, 狭窄的, 秘密的；vt. 关, 结束, 使靠近, 封闭, 使接近；vi. 关闭, 结束, 靠近；adv. 接近地, 紧密地",A1,,,,
risk,risk,/risk/,vt./n.,"n. 冒险, 危险, 保险额；vt. 冒...的危险, 冒险干",B1,,,,
thousand,thousand,/'θauznd/,n./num.,"num. 千；a. 成千的, 许多的；n. 许许多多",A1,,,,
current,current,/'kʌrәnt/,n.,"n. 涌流, 趋势, 流；a. 流通的, 现在的, 当前的, 流行的",B1,,,,
fire,fire,/'faiә/,vt./vi./n.,"n. 火, 炉火, 电炉, 火灾, 闪光体, 炮火, 热情；vt. 点燃, 烧制, 使发光, 激动, 放枪, 解雇；vi. 着火, 烧火, 开枪, 射击, 激动",A1,,,,
future,future,/'fju:tʃә/,n.,"n. 未来, 将来；a. 将来的, 未来的",A1,,,,
wrong,wrong,/rɒŋ/,adv.,"a. 错误的, 不正当的, 失常的；adv. 错误地",A1,,,,
involve,involve,/in'vɒlv/,vt.,"vt. 包括, 使陷于, 潜心于, 包围",A2,,,,
defense,defense,/di'fens/,n.,"n. 防卫, 防卫物",B2,,,,
behavior,behavior,/bi'heivjә/,n.,"n. 行为, 举止",A2,,,,
anyone,anyone,/'eniwʌn/,pron.,pron. 任何人,A1,,,,
increase,increase,/in'kri:s/,vt./vi./n.,"n. 增加, 增进, 利益；vt. 增加, 加大；vi. 增加, 繁殖",A2,,,,
security,security,/si'kjuriti/,n.,"n. 安全, 安全性, 防护物, 保安, 可靠性, 担保人, 抵押品, 保证金",B1,,,,
myself,myself,/mai'self/,pron.,"pron. 我自己, 我亲自, 我独自",A2,,,,
bank,bank,/bæŋk/,n.,"n. 银行, 堤, 岸",A1,,,,
certainly,certainly,/'sә:tәnli/,adv.,adv. 确定地,A2,,,,
west,west,/west/,n./adv.,"n. 西方, 西部；a. 西方的, 向西的；adv. 向西, 自西方, 在西方",A1,,,,
sport,sport,/spɒ:t/,vt./vi./n.,"n. 运动, 游戏, 娱乐, 消遣, 玩笑；a. 运动的, 户外穿戴的；vi. 游戏, 参加体育运动, 戏弄, 产生变种；vt. 炫耀, 使产生变种",A1,,,,
board,board,/bɒ:d/,vt./vi./n.,"n. 木板, 甲板, 膳食, 会议桌；vt. 乘船, 供膳食, 用板覆盖；vi. 搭伙",A2,,,,
seek,seek,/si:k/,vt./vi.,"vt. 寻求, 寻找, 探索, 追求, 搜索, 请求；vi. 寻找, 搜索",B2,,,,
per,per,/pә:/,prep.,"prep. 每一, 通过, 经, 按照",A2,,,,
subject,subject,/'sʌbdʒekt/,vt./n./adv.,"n. 科目, 主题, 臣民, 主语, 题目, (事物的)经受者, 学科, 受治疗者, 原因, 理由；a. 服从的, 易患...的, 隶属的, 受支配的；adv. 在...条件下；vt. 使隶属, 使受到",A1,,,,
officer,officer,/'ɒfisә/,vt./n.,"n. 军官, 主管, 官员, 公务员；vt. 指挥",A2,,,,
private,private,/'praivit/,n.,"a. 私人的, 秘密的, 私立的, 隐蔽的；n. 士兵, 隐士, 阴部",B1,,,,
rest,rest,/rest/,vt./vi./n.,"n. 休息, 睡眠, 安息, 稍息, 静止, 支架, 休息处, 其余者, 剩余部分；vi. 休息, 睡, 长眠, 安心, 静止, 停止, 安置, 依赖；vt. 使休息, 使支撑, 把...寄托于",A2,,,,
deal,deal,/di:l/,vt./vi./n.,"n. 交易, 协定, 数量, 买卖, 松木板；vi. 处理, 应付, 做生意；vt. 分配, 发牌, 给予",A2,,,,
performance,performance,/pә'fɒ:mәns/,n.,"n. 施行, 工作情况, 成绩, 行为, 表现, 演出",B1,,,,
fight,fight,/fait/,v./n.,"n. 打架, 争吵, 斗志；v. 对抗, 打架",A2,,,,
throw,throw,/θrәu/,vt./vi./n.,"vt. 投, 掷, 抛, 发射, 摔下, 匆匆穿上(或脱下), 抛弃, 摆脱；vi. 丢, 掷, 抛；n. 投掷, 掷骰子, 冒险",A2,,,,
top,top,/tɒp/,vt./vi./n.,"n. 顶部, 顶端, 极点, 上面, 上部, 顶篷, 最高地位, 首位, 陀螺；a. 最高的, 顶上的, 头等的；vt. 盖, 加以顶, 高达, 超越；vi. 结束, 达到顶点, 高出",A2,,,,
quickly,quickly,/'kwikli/,adv.,adv. 很快地,A1,,,,
past,past,/pɑ:st/,n./prep.,"n. 过去, 昔时, 往事, 早年经历, 过去时；a. 过去的, 结束的, 卸任的, 过去时的；prep. 越过, 晚于, 超越, 超出...的可能性(能力、范围等)；pass的过去分词",A1,,,,
goal,goal,/gәul/,vi./n.,"n. 目标, 终点, 得分, 球门, 守门员；vi. 攻门, 射门得分",A2,,,,
bed,bed,/bed/,vt./vi./n.,"n. 床, 睡眠处, 河床, 底座, 路基, 一层；vt. 提供宿处, 栽种, 安装；vi. 睡, 形成坚实的一层",A1,,,,
order,order,/'ɒ:dә/,vt./vi./n.,"n. 次序, 规则, 命令；vi. 命令, 定货；vt. 整理, 命令, 定购；n. 顺序, 阶数",A1,,,,
author,author,/'ɒ:θә/,n.,"n. 作家, 作家的著作, 创始人",A2,,,,
fill,fill,/fil/,vt./vi./n.,"vt. 装满, 填充, 弥漫, 供给, 满足, 供应；vi. 充满, 变得沉重；n. 满足, 装满, 充分, 填方；vt. 填充；vi. 填充",A1,,,,
represent,represent,/.repri'zent/,vt./vi.,"vt. 表现, 表示, 描绘, 讲述, 代表, 象征, 回忆, 再赠送, 再上演；vi. 提出异议",B1,,,,
focus,focus,/'fәukәs/,vt./vi./n.,"n. 焦点, 焦距；vi. 聚焦, 注视；vt. 使聚焦, 调焦, 集中",A2,,,,
foreign,foreign,/'fɒ:rin/,,"a. 外国的, 外交的, 外省的, 外来的, 不相关的",A2,,,,
drop,drop,/drɒp/,vt./vi./n.,"n. 滴, 微量, 落下, 空投；vi. 放下, 掉下, 下降；vt. 使滴下, 放下, 丢失, 遗漏",A2,,,,
blood,blood,/blʌd/,vt./n.,"n. 血, 血统, 流血, 气质, 生命；vt. 使出血, 用血涂",A2,,,,
upon,upon,/ә'pɒn/,prep.,"prep. 在...之上, 迫近, 紧接着",B1,,,,
agency,agency,/'eidʒәnsi/,n.,"n. 代理机构, 经销商, 中介",B2,,,,
push,push,/puʃ/,vt./vi./n.,"n. 推, 推动, 奋斗, 攻击, 进取心；vt. 推, 推动, 使伸出, 推行, 逼迫, 增加；vi. 推, 推进, 增加, 努力争取",A2,,,,
nature,nature,/'neitʃә/,n.,"n. 自然, 大自然, 本性, 性格, 性质",A2,,,,
color,color,/'kʌlә/,vt./vi./n.,"n. 颜色, 面色, 颜料, 外貌；vt. 把...涂上颜色, 粉饰, 使脸红, 歪曲；vi. 变色",A1,,,,
recently,recently,/'ri:sntli/,adv.,adv. 最近,A2,,,,
store,store,/stɒ:/,vt./vi./n.,"n. 商店, 贮藏, 仓库, 备用品, 存储器；vt. 储存, 贮藏, 供给；vi. 贮藏；a. 贮藏的, 现成的",A1,,,,
reduce,reduce,/ri'dju:s/,vt./vi.,"vt. 减少, 分解, 降低, 使衰退, 把...分解, 把...归纳；vi. 减少, 减肥, 缩小",A2,,,,
sound,sound,/saund/,vt./vi./n./adv.,"n. 声音, 语音, 吵闹, 声调, 听力范围, 探条, 海峡；a. 健全的, 可靠的, 合理的, 健康的, 彻底的, 资金充实的；adv. 彻底地, 充分地；vi. 发出声音, 回响, 测深, 试探, 听起来；vt. 使发声, 宣告, 听诊, 测...深, 试探",A1,,,,
note,note,/nәut/,vt./n.,"n. 笔记, 记录, 注解, 票据, 符号, 显要, 注重, 便笺, 照会；vt. 记录, 注解, 注意",A1,,,,
fine,fine,/fain/,vt./vi./n./adv.,"n. 罚款, 罚金, 晴天, 精细；a. 好的, 晴朗的, 健康的, 细小的, 精细的；vt. 罚款, 精炼, 澄清；vi. 变清, 变细；adv. 很好",A1,,,,
near,near,/niә/,v./adv./prep.,"a. 近的, 近亲的, 近似的；adv. 接近, 亲近；prep. 靠近, 近似于；v. 接近, 走近",A1,,,,
movement,movement,/'mu:vmәnt/,n.,"n. 运动, 动作, 运转, 移动, 倾向, 变化, 活动, 乐章",A2,,,,
page,page,/peidʒ/,vt./vi./n.,"n. 页, 记录, 事件, 专栏, 男侍；vt. 标明...的页数, 翻...的书页, 分页排版, 呼叫, 侍候；vi. 翻书页, 侍侯",A1,,,,
enter,enter,/'entә/,vt./vi.,"vt. 进入, 参加, 开始, 输入, 回车；vi. 进去, 参加",A2,,,,
common,common,/'kɒmәn/,,"a. 通常的, 共同的, 通俗的, 公共的",A1,,,,
share,share,/ʃєә/,vt./vi./n.,"n. 部分, 参与, 一份, 参股, 份额；vt. 均分, 分担, 分享, 分配, 共有；vi. 分享；文件锁定及检测磁盘更动和对超过32MB硬盘分区的支持",A1,,,,
poor,poor,/puә. pɒ:/,,"a. 贫穷的, 贫乏的, 不幸的, 可怜的, 拙劣的, 卑鄙的",A1,,,,
natural,natural,/'nætʃәrәl/,n.,"n. 白痴；a. 自然的, 自然界的, 本能的, 天然的, 物质的, 正常的, 原始的, 自然数的",A1,,,,
race,race,/reis/,vt./vi./n.,"n. 种族, 人种, 赛跑, 比赛, 急流, 人类, 同道, 姜根；vi. 赛跑, 竞赛, 疾走；vt. 与...赛跑, 使疾走, 使猛转",A2,,,,
concern,concern,/kәn'sә:n/,vt./n.,"n. 关心, 忧虑；vt. 与...有关, 使担心, 使挂念",B2,,,,
series,series,/'siәri:z/,n.,"n. 串联, 序列, 连续, 系列, 丛书, 套, 级数, 组",A2,,,,
significant,significant,/sig'nifikәnt/,,"a. 重要的, 有效的, 有含义的, 暗示的, 值得注意的",B2,,,,
similar,similar,/'similә/,n.,"a. 相似的, 类似的；n. 相似的东西",A1,,,,
hot,hot,/hɒt/,adv.,"a. 热的, 热心的, 辣的, 热情的, 激动的, 猛烈的, 紧迫的；adv. 热, 紧迫地",A1,,,,
language,language,/'læŋgwidʒ/,n.,"n. 语言, 文字, 措辞",A1,,,,
usually,usually,/'ju:ʒuәli/,adv.,"adv. 通常, 大抵",A1,,,,
response,response,/ri'spɒns/,n.,"n. 反应, 回答, 响应",A2,,,,
dead,dead,/ded/,n./adv.,"a. 死的, 不活泼的, 麻木的, 熄灭的；n. 死者；adv. 完全地, 直接地",A2,,,,
rise,rise,/raiz/,vt./vi./n.,"n. 上升, 增加, 上涨, 高地, 升高, 出现；vi. 升起, 起身, 起立, 上升, 上涨, 增长, 高耸, 起义, 浮现；vt. 使飞起",A2,,,,
animal,animal,/'ænimәl/,n.,n. 动物,A1,,,,
factor,factor,/'fæktә/,n.,"n. 因素, 因数, 系数, 基因, 代理人",A2,,,,
decade,decade,/'dekeid/,n.,"n. 十年, 十",B1,,,,
tv,tv,/'ti:'vi:/,,电视,A1,,,,
article,article,/'ɑ:tikl/,n.,"n. 文章, 冠词, 物品, 物件, 条款, 契约",A1,,,,
shoot,shoot,/ʃu:t/,vt./vi./n.,"n. 射击, 狩猎, 芽, 射伤, 发射, 发芽, 急流, 推力, 摄影, 急送, 滑运道, 浪费；vt. 射击, 射中, 损毁, 拍摄, 喷出, 投射, 挥出, 飞速行进, 挥霍, 给...注射；vi. 射出, 射击, 发出, 拍电影, 射门, 发芽",B1,,,,
east,east,/i:st/,n./adv.,"n. 东方, 东；a. 东方的, 向东的；adv. 向东方, 朝东方",A1,,,,
seven,seven,/'sevn/,num.,"num. 七, 七个",A1,,,,
save,save,/seiv/,vt./vi./n./prep.,"n. 救球；vt. 解救, 挽救, 储蓄, 保存, 节省, 保留；vi. 挽救, 节省, 救球；prep. 除...之外",A2,,,,
artist,artist,/'ɑ:tist/,n.,"n. 艺术家, 画家",A1,,,,
scene,scene,/si:n/,n.,"n. 场, 情景, 镜头, 发生地点, 道具, 布景, 景色",A2,,,,
eight,eight,/eit/,num.,"num. 八, 八个",A1,,,,
stock,stock,/stɒk/,vt./vi./n.,"n. 树干, 祖先, 血统, 原料, 备料, 库存, 牲畜, 股票, 股份, 保留剧目；a. 存货的, 常备的, 平凡的, 普通的, 股票的, 保留剧目的, 繁殖用的；vt. 装把手于, 进货, 备有, 放牧；vi. 出新芽, 备货, 囤积",B2,,,,
career,career,/kә'riә/,n.,"n. 事业, 生涯, 成功",A1,,,,
despite,despite,/di'spait/,n./prep.,"n. 轻视, 憎恨；prep. 虽然, 尽管",B1,,,,
central,central,/'sentrәl/,,"a. 中央的, 重要的",B1,,,,
thus,thus,/ðʌs/,adv.,"adv. 如此, 因此, 到如此程度",B2,,,,
treatment,treatment,/'tri:tmәnt/,n.,"n. 治疗, 待遇, 处理",B1,,,,
beyond,beyond,/bi'jɒnd/,n./adv./prep.,"prep. 超过, 在那一边, 迟于；adv. 在远处；n. 更远处",B2,,,,
happy,happy,/'hæpi/,,"a. 快乐的, 幸福的, 愉快的, 恰当的",A1,,,,
exactly,exactly,/i^'zæktli/,adv.,"adv. 确切地, 精确地, 恰好, 完全地, 确实, 恰恰正是, 确实如此",A2,,,,
protect,protect,/prә'tekt/,vt.,"vt. 防卫, 保护, 警戒",A2,,,,
approach,approach,/ә'prәutʃ/,vt./vi./n.,"n. 接近, 入门；vt. 接近, 近似, 找...商量；vi. 靠近",B2,,,,
lie,lie,/lai/,vt./vi./n.,"n. 谎言, 假象, 位置；vi. 躺着, 说谎, 位于, 展现, 存在, 停泊；vt. 谎骗",A1,,,,
size,size,/saiz/,vt./vi./n.,"n. 大小, 尺寸, 规模, 尺码, 能力, 浆料；vt. 上浆, 依大小排列；vi. 可比拟；a. 一定大小的, 一定尺寸的",A2,,,,
dog,dog,/dɒg/,vt./n.,"n. 狗, 坏蛋；vt. 跟踪, 尾随",A1,,,,
fund,fund,/fʌnd/,vt./n.,"n. 基金, 资金, 存款, 财源, 贮藏；vt. 提供资金, 积累",B2,,,,
serious,serious,/'siәriәs/,,"a. 严肃的, 认真的, 重要的, 严重的",A2,,,,
occur,occur,/ә'kә:/,vi.,"vi. 发生, 被想到, 存在",B1,,,,
media,media,/'mi:diә/,n.,n. 媒体,A2,,,,
ready,ready,/'redi/,vt./n./adv.,"n. 预备好的状态, 现款；a. 准备好的, 备用的, 可以使用的；adv. 预先, 迅速；vt. 使准备好",A1,,,,
sign,sign,/sain/,vt./vi./n.,"n. 符号, 招牌, 征兆, 正负号, 手势；vt. 签名, 打手势表达；vi. 签名",A2,,,,
thought,think,/θɒ:t/,n.,"n. 想法, 思想, 思维, 关心, 挂念；think的过去式和过去分词",A2,,,,
list,list,/list/,vt./vi./n.,"n. 目录, 名单, 明细表, 布条, 条纹, 列表, 序列, 数据清单；vt. 列出, 列于表上, 记入名单内, 装布条；vi. 列于表上",A1,,,,
individual,individual,/.indi'vidʒuәl/,n.,"n. 人, 个人, 个体；a. 个别的, 个人的, 独特的",A2,,,,
simple,simple,/'simpl/,n.,"a. 简单的, 普通的, 朴素的, 单纯的, 绝对的, 初级的, 原始的, 迟钝的；n. 出身低微者, 傻子",A2,,,,
quality,quality,/'kwɒlәti/,n.,"n. 品质, 特性, 才能, 质量；a. 优质的",A2,,,,
pressure,pressure,/'preʃә/,vt./n.,"n. 压, 榨, 按, 强制, 压力, 压迫, 压强；vt. 迫使, 使增压, 密封",B1,,,,
accept,accept,/әk'sept/,vt./vi.,"vt. 接受, 承认, 同意, 相信, 赞成, 承担, 承兑, 采纳, 接纳, 容忍；vi. 同意",A2,,,,
answer,answer,/'ɑ:nsә/,vt./vi./n.,"n. 答案, 回答, 回报, 答辩；vt. 回答, 反驳, 适应, 响应, 符合；vi. 回答, 答应, 负责, 符合, 成功",A1,,,,
resource,resource,/ri'sɒ:s/,n.,"n. 资源, 财力, 办法, 策略, 急智, 消遣",B1,,,,
identify,identify,/ai'dentifai/,vt./vi.,"vt. 识别, 认为...等同于, 确定, 使参与；vi. 一致, 认同",A2,,,,
left,leave,/left/,n./adv.,"a. 左边的, 左倾的, 左侧的, 左派的；adv. 在左面；n. 左, 左面, 左派；leave的过去式和过去分词",A1,,,,
meeting,meet,/'mi:tiŋ/,n.,"n. 会议, 会面",A1,,,,
determine,determine,/di'tә:min/,v.,"v. 决定, 决心",B1,,,,
prepare,prepare,/pri'pєә/,vt./vi.,"vt. 准备, 筹备, 使在思想上有准备, 制造, 调制；vi. 预备",A1,,,,
disease,disease,/di'zi:z/,n.,"n. 疾病, 弊病",A2,,,,
whatever,whatever,/hwɒt'evә/,pron.,pron. 无论什么,B1,,,,
success,success,/sәk'ses/,n.,"n. 成功, 成就, 胜利",A1,,,,
argue,argue,/'ɑ:gju/,vt./vi.,"vi. 提出理由, 争论, 辩论；vt. 主张, 辩论, 证明, 说服",A2,,,,
recognize,recognize,/'rekәgnaiz/,vt./vi.,"vt. 认出, 认可, 承认, 公认, 识别, 赏识；vi. 承认, 具结",A2,,,,
cup,cup,/kʌp/,vt./n.,"n. 杯子, 茶杯, 优胜杯；vt. 使成杯状, 为...拔火罐",A1,,,,
particularly,particularly,/pә'tikjjlәli/,adv.,"adv. 特别, 格外, 尤其, 详细地, 细致地",B1,,,,
amount,amount,/ә'maunt/,vi./n.,"n. 总数, 总额；vi. 总计, 等同",A2,,,,
ability,ability,/ә'biliti/,n.,"n. 能力, 才干",A2,,,,
staff,staff,/stɑ:f/,vt./n.,"n. 全体人员, 工作班子, 棍棒, 杆, 拐杖, 支柱, 权杖；a. 职员的, 雇员的, 参谋的；vt. 为...配备人员",B1,,,,
indicate,indicate,/'indikeit/,vt.,"vt. 显示, 象征, 指示, 指出",B1,,,,
character,character,/'kærәktә/,n.,"n. 个性, 字符, 人物, 性质, 品格, 资格",A2,,,,
growth,growth,/grәuθ/,n.,"n. 生长, 栽培, 增长",B1,,,,
loss,loss,/lɒs/,n.,"n. 损失, 遗失, 失败, 输, 错过, 伤亡",B1,,,,
degree,degree,/di'gri:/,n.,"n. 程度, 度数, 学位, 度",A2,,,,
wonder,wonder,/'wʌndә/,vt./vi./n.,"n. 奇迹, 惊奇, 惊愕；vt. 惊奇, 想知道；vi. 惊讶, 怀疑",B1,,,,
attack,attack,/ә'tæk/,vt./vi./n.,"n. 攻击, 抨击；vt. 攻击, 抨击, 动手干；vi. 攻击",A2,,,,
herself,herself,/hә:'self/,pron.,"pron. 她自己, 她亲自",A2,,,,
region,region,/'ri:dʒәn/,n.,"n. 区域, 地带, 地区, 领域, 范围, 区",A2,,,,
television,television,/'teli.viʒәn/,n.,n. 电视,A1,,,,
box,box,/bɒks/,vt./vi./n.,"n. 盒子, 箱, 方框, 一巴掌；vt. 装...入盒中, 装箱, 打耳光；vi. 拳击",A1,,,,
training,training,/'treiniŋ/,n.,"n. 训练, 培养",A2,,,,
pretty,pretty,/'priti/,adv.,"a. 漂亮的, 优美的, 机灵的, 狡猾的, 恰当的；adv. 相当, 颇",A1,,,,
everybody,everybody,/'evribɒdi/,pron.,"pron. 每个人, 人人",A1,,,,
trade,trade,/treid/,vt./vi./n.,"n. 贸易, 商业, 交易, 生意, 职业, 顾客, 信风；vi. 进行交易, 做买卖, 经商, 对换, 购物；vt. 用...进行交换",B1,,,,
election,election,/i'lekʃәn/,n.,"n. 选举, 当选, 选择权",B1,,,,
physical,physical,/'fizikl/,n.,"a. 身体的, 物质的, 自然的, 物理学的, 好色的；n. 体格检查",A2,,,,
lay,lie,/lei/,vt./vi./n.,"vt. 放置, 产, 铺设, 布置, 提出, 平息；vi. 下蛋, 打赌；n. 位置, 层, 隐藏处；a. 世俗的, 外行的；lie的过去式",B1,,,,
general,general,/'dʒenәrәl/,n.,"n. 一般, 将军, 大体；a. 全面的, 大体的, 总的, 一般的, 普遍的；n. 常规",A2,,,,
feeling,feel,/'fi:liŋ/,n.,"n. 摸, 触觉, 知觉, 感觉, 情绪, 同情；a. 有同情心的, 有感觉的, 仁慈的, 动人的",A1,,,,
standard,standard,/'stændәd/,n.,"n. 标准, 规格, 旗, 军旗, 本位；a. 标准的, 合规格的",B1,,,,
message,message,/'mesidʒ/,vt./vi./n.,"n. 消息, 通讯, 讯息, 教训, 预言, 广告词；vt. 通知；vi. 通报, 报告, 报信",A1,,,,
fail,fail,/feil/,vt./vi./n.,"vi. 失败, 缺乏, 中断, 衰退, 失灵；vt. 忘记, 使...失望, 缺乏, 不及格；n. 不及格",A2,,,,
outside,outside,/'aut'said/,n./adv.,"n. 外面, 外表, 外界；a. 外面的, 外表的, 外界的；adv. 外面, 外表, 外界",A1,,,,
arrive,arrive,/ә'raiv/,vi.,"vi. 到达, 抵达",A1,,,,
analysis,analysis,/ә'nælәsis/,n.,n. 分析,B1,,,,
benefit,benefit,/'benifit/,vt./vi./n.,n. 利益；vt. 有益于；vi. 受益,A2,,,,
sex,sex,/seks/,vt./n.,"n. 性别, 性欲；vt. 区别...的性别, 引起...的性欲",B1,,,,
forward,forward,/'fɒ:wәd/,vt./adv.,"a. 向前的, 早的, 迅速的, 在前的, 进步的；vt. 促进...的生长, 转寄, 运送；adv. 向前地",A2,,,,
lawyer,lawyer,/'lɒ:jә/,n.,n. 律师,A2,,,,
present,present,/'preznt/,vt./vi./n.,"n. 现在, 礼品, 瞄准；a. 现在的, 出席的；vt. 介绍, 引见, 赠送, 提出, 呈现, 上演；vi. 举枪瞄准",A1,,,,
section,section,/'sekʃәn/,vt./vi./n.,"n. 区段, 部分, 区域, 节, 截面, 处, 科, 区, 扇区；vt. 把...分段, 把...切片；vi. 被切成片",A1,,,,
environmental,environmental,/in.vaiәrәn'mentәl/,,"a. 周围的, 环境的",B1,,,,
glass,glass,/glɑ:s/,vt./vi./n.,"n. 玻璃, 玻璃杯, 透镜；vt. 装玻璃于, 反射, 反映；vi. 成玻璃状",A1,,,,
skill,skill,/'skil/,n.,"n. 技术, 技巧, 技能, 熟练, 熟练工人",A1,,,,
sister,sister,/'sistә/,vt./n.,"n. 姐妹, 姐, 妹, 护士, 修女；vt. 姐妹般对待",A1,,,,
pm,pm,,,"出纳员, 军需官",Beyond C1,,,,
professor,professor,/prә'fesә/,n.,n. 教授,A2,,,,
operation,operation,/.ɒpә'reiʃәn/,n.,"n. 操作, 动作, 手术, 运算, 作用, 业务",B1,,,,
financial,financial,/fai'nænʃәl/,,"a. 财政的, 金融的",B1,,,,
crime,crime,/kraim/,n.,"n. 犯罪, 罪行, 罪恶",A2,,,,
stage,stage,/steidʒ/,vt./vi./n.,"n. 阶段, 舞台, 场所, 戏剧, 站, 驿站, 级, 层, 脚手架；vt. 上演, 表演, 筹划；vi. 适于上演, 乘驿车旅行",A2,,,,
ok,ok,/'әu'kei/,n./adv.,"a. 好, 不错, 可以；adv. 好, 不错, 可以；n. 批准, 认可",A1,,,,
compare,compare,/kәm'pєә/,vt./vi./n.,"vt. 比较, 比喻, 对照；vi. 相比；n. 比较",A1,,,,
authority,authority,/ɒ:'θɒriti/,n.,"n. 权力, 当权者, 当局, 权威, 专家",B1,,,,
miss,miss,/mis/,vt./vi./n.,"n. 失误, 避免, 失败, 小姐；vt. 未得到, 未达到, 未听到, 未觉察, 逃脱, 遗漏, 错过, 思念；vi. 失败, 击不中",A1,,,,
design,design,/di'zain/,v./n.,"n. 设计, 图样, 方案, 企图；v. 设计, 计划",A1,,,,
sort,sort,/sɒ:t/,vt./vi./n.,"n. 种类, 方式, 品质, 态度, 举止；vt. 分类, 排序, 挑选；vi. 交往, 协调；对它以行为单位进行排序, 然后在标准输出设备上输出",A2,,,,
act,act,/ækt/,vt./vi./n.,"n. 行动, 行为, 幕, 法案；vi. 行动, 表演, 假装, 见效, 表现, 担当；vt. 扮演, 装作",A2,,,,
ten,ten,/ten/,num.,"num. 十, 十个",A1,,,,
knowledge,knowledge,/'nɒlidʒ/,n.,"n. 知识, 学问, 认识, 知道",A2,,,,
gun,gun,/gʌn/,n.,n. 枪,A2,,,,
station,station,/'steiʃәn/,vt./n.,"n. 车站, 站, 局, 驻地, 位置, 身分, 地位；vt. 安置, 配置, 驻扎",A1,,,,
blue,blue,/blu:/,vt./vi./n.,"n. 蓝色；a. 蓝色的, 下流的, 忧郁的；vt. 染成蓝色；vi. 变蓝",A1,,,,
strategy,strategy,/'strætidʒi/,n.,"n. 战略, 策略",A2,,,,
clearly,clearly,/'kliәli/,adv.,adv. 清楚地,A2,,,,
discuss,discuss,/dis'kʌs/,vt.,"vt. 讨论, 论述",A1,,,,
indeed,indeed,/in'di:d/,adv.,"adv. 的确, 实在, 真正地, 甚至",B1,,,,
truth,truth,/tru:θ/,n.,"n. 事实, 实情",B1,,,,
song,song,/sɒŋ/,n.,"n. 歌, 曲, 鸣声, 歌唱, 歌曲, 诗歌",A1,,,,
example,example,/ig'zæmpl/,n.,"n. 例子, 样本, 实例",A1,,,,
democratic,democratic,/.demә'krætik/,,a. 民主的,B2,,,,
check,check,/tʃek/,vt./vi./n.,"n. 检查, 支票, 阻止物, 寄物牌, 象棋中将军；vt. 检查, 阻止, 核对, 寄存, 托运；vi. 逐项相符, 开支票",A1,,,,
environment,environment,/in'vairәnmәnt/,n.,"n. 环境, 外界, 围绕",A2,,,,
leg,leg,/leg/,vi./n.,"n. 腿, 假腿, 路程；vi. 走, 跑",A1,,,,
dark,dark,/dɑ:k/,n.,"n. 黑暗, 夜, 黄昏, 模糊；a. 黑暗的, 暗的, 深色的, 隐密的, 模糊的, 无知的",A1,,,,
various,various,/'vєәriәs/,,"a. 不同的, 各种的, 多方面的, 许多的, 个别的, 杂色的",B1,,,,
rather,rather,/'ræðә/,adv.,"adv. 宁可, 稍微, 相当",A2,,,,
laugh,laugh,/lɑ:f/,vt./vi./n.,"n. 笑, 笑声；vi. 笑, 大笑；vt. 以笑表示",A1,,,,
guess,guess,/ges/,v./n.,"n. 猜测, 臆测；v. 猜测, 臆测",A1,,,,
executive,executive,/ig'zekjutiv/,n.,"n. 执行部门, 执行委员会, 执行者, 经理主管人员；a. 执行的, 善于执行的, 善于经营的",B2,,,,
prove,prove,/pru:v/,vt./vi.,"vt. 证明, 查验, 检验, 勘探, 显示；vi. 证明是",B1,,,,
hang,hang,/hæŋ/,vt./vi./n.,"n. 悬挂, 诀窍, 意义；vt. 悬挂, 附着, 装饰, 垂下, 踌躇, 绞死, 使悬而未决；vi. 悬着, 垂下, 被绞死, 悬而不决",B1,,,,
entire,entire,/in'taiә/,n.,"n. 整个, 全部；a. 全体的, 完全的, 全部的",B2,,,,
rock,rock,/rɒk/,vt./vi./n.,"n. 岩石, 岩礁, 石头, 基石, 暗礁, 摇动, 摇滚乐；vt. 摇摆, 摇动, 使摇晃, 使动摇；vi. 摇, 摇动",A2,,,,
forget,forget,/fә'get/,vt./vi.,"vt. 忘记, 忽略, 忘；vi. 忘记",A1,,,,
claim,claim,/kleim/,vt./vi./n.,"n. 要求, 要求权, 断言, 权利；vt. 要求, 认领, 主张；vi. 提出要求, 主张, 断言",B1,,,,
remove,remove,/ri'mu:v/,vt./vi./n.,"vt. 移动, 调动, 除去, 迁移, 开除, 移交；vi. 迁移, 移动, 搬家；n. 班级, 升级, 移动, 搬家, 间距",A2,,,,
manager,manager,/'mænidʒә/,n.,"n. 经理, 管理员, 管理器",A2,,,,
enjoy,enjoy,/in'dʒɒi/,vt.,"vt. 享受, 喜欢, 欣赏",A1,,,,
network,network,/'netwә:k/,n.,"n. 网络, 广播网, 网状物",A2,,,,
legal,legal,/'li:gәl/,,"a. 法律的, 法定的, 合法的",B1,,,,
religious,religious,/ri'lidʒәs/,n.,"a. 宗教性的, 虔诚的, 宗教上的, 严谨的；n. 修道士, 出家人",B1,,,,
cold,cold,/kәuld/,n./adv.,"n. 感冒, 寒冷；a. 寒冷的, 冷淡的, 冷静的；adv. 完全地",A1,,,,
final,final,/'fainl/,n.,"n. 期末考试, 结局, 决赛；a. 最后的, 终极的, 决定性的",A1,,,,
main,main,/mein/,n.,"n. 主要部分, 干线, 体力, 力量, 主群组；a. 主要的, 重要的, 全力的",A1,,,,
science,science,/'saiәns/,n.,"n. 科学, 学科, 学问, 自然科学",A1,,,,
green,green,/gri:n/,n.,"n. 绿色, 绿色颜料；a. 绿色的, 未成熟的, 新鲜的, 青春的, 无经验的, 脸色发青的",A1,,,,
memory,memory,/'memәri/,n.,"n. 记忆, 记忆力, 回忆, 纪念, 存储；n. 内存",A2,,,,
card,card,/kɑ:d/,vt./n.,"n. 卡片, 纸牌, 节目单, 明信片, 梳棉机；vt. 备置卡片, 记于卡片上, 梳理",A1,,,,
above,above,/ә'bʌv/,adv./prep.,"prep. 在上方, 超出；adv. 在上面；a. 上述的, 上面的",A1,,,,
seat,seat,/si:t/,vt./vi./n.,"n. 座, 座位, 位子, 席位, 所在地；vt. 使坐下, 使就座, 为...设座于, 使就职；vi. 安装在底座上",A2,,,,
cell,cell,/sel/,n.,"n. 单元, 细胞, 电池",A2,,,,
establish,establish,/i'stæbliʃ/,vt./vi.,"vt. 建立, 确立, 制定；vi. 移植生长",B2,,,,
nice,nice,/nais/,,"a. 美好的, 和蔼的, 正派的, 做得好的, 精密的, 细微的, 挑剔的, 谨慎的",A1,,,,
trial,trial,/'traiәl/,n.,"n. 审判, 试验, 艰苦, 麻烦事, 考验；a. 审讯的, 试验性的",B2,,,,
expert,expert,/'ekspә:t/,n.,"n. 专家, 行家；a. 老练的, 内行的, 专门的",A2,,,,
spring,spring,/spriŋ/,vt./vi./n.,"n. 春天, 弹簧, 跳跃, 弹性, 活力, 泉, 源泉；a. 春天的；vi. 跳, 弹跳, 涌出, 生长, 裂开, 高耸；vt. 使跳起, 使爆炸, 突然提出",A1,,,,
firm,firm,/fә:m/,vt./vi./n./adv.,"n. 公司, 商号；a. 坚定的, 坚强的, 牢固的, 结实的, 坚硬的, 坚挺的, 严格的, 确定的；vt. 使牢固, 使坚定；vi. 变稳固, 变坚实；adv. 稳固地",B2,,,,
democrat,democrat,/'demәkræt/,n.,"n. 民主人士, 民主主义者, 民主党党员",Beyond C1,,,,
radio,radio,/'reidiәu/,v./n.,"n. 无线电, 收音机, 无线电报, 无线电广播, 无线电台；v. 用无线电发送",A1,,,,
visit,visit,/'vizit/,vt./vi./n.,"n. 拜访, 访问, 游览, 视察；vt. 拜访, 访问, 参观, 视察, 降临；vi. 访问, 参观, 闲谈",A1,,,,
management,management,/'mænidʒmәnt/,n.,"n. 经营, 支配, 管理",B1,,,,
avoid,avoid,/ә'vɒid/,vt.,"vt. 避免, 防止, 撤消",A2,,,,
imagine,imagine,/i'mædʒin/,vt./vi.,"vt. 想像, 设想, 猜测；vi. 想像起来",A1,,,,
tonight,tonight,/tә'nait/,n./adv.,"n. 今晚, 今夜；adv. 今晚, 今夜",A1,,,,
huge,huge,/hju:dʒ/,,"a. 极大的, 巨大的, 无限的",A2,,,,
ball,ball,/bɒ:l/,v./n.,"n. 球, 舞会, 球状物；v. 捏成球形",A1,,,,
yourself,yourself,/juә'self/,pron.,pron. 你自己,A1,,,,
finish,finish,/'finiʃ/,vt./vi./n.,"n. 完成, 结束, 末道漆, 磨光, 完美；vt. 完成, 结束, 用完, 毁掉；vi. 结束",A1,,,,
theory,theory,/'θiәri/,n.,"n. 理论, 学说, 原理, 意见, 推测",B1,,,,
impact,impact,/'impækt/,vt./n.,"n. 冲击, 冲突, 影响, 效果；vt. 挤入, 撞击, 压紧, 对...发生影响",B1,,,,
respond,respond,/ri'spɒnd/,vt./vi.,"vt. 以...回答；vi. 回答, 响应, 回报, 有反应, 承担责任",A2,,,,
statement,statement,/'steitmәnt/,n.,"n. 陈述, 指令, 声明",A1,,,,
maintain,maintain,/mein'tein/,vt.,"vt. 维持, 维修, 保持, 坚持, 供养, 主张",B2,,,,
charge,charge,/tʃɑ:dʒ/,vt./vi./n.,"n. 指控, 费用, 冲锋, 电荷, 炸药, 主管, 被托管人, 命令；vt. 控诉, 加罪于, 使充满, 使充电, 使承担；vi. 冲锋, 要价, 收费",B1,,,,
popular,popular,/'pɒpjulә/,,"a. 通俗的, 流行的, 受欢迎的, 大众的, 人民的, 普及的",A1,,,,
traditional,traditional,/trә'diʃәnl/,,"a. 传统的, 惯例的",A2,,,,
onto,onto,/'ɒntu:/,prep.,prep. 在...之上,A2,,,,
reveal,reveal,/ri'vi:l/,vt./n.,"vt. 露出, 显示, 透露, 揭露, 泄露, (神)启示；n. 窗侧, 门侧",B2,,,,
direction,direction,/di'rekʃәn/,n.,"n. 方向, 指导, 趋势",A2,,,,
weapon,weapon,/'wepәn/,vt./n.,"n. 武器, 兵器；vt. 武装",B1,,,,
employee,employee,/.emplɒi'i:/,n.,"n. 职员, 员工, 受雇人员",A2,,,,
contain,contain,/kәn'tein/,vt./vi.,"vt. 包含, 容纳, 控制；vi. 自制",A2,,,,
cultural,cultural,/'kʌltʃәrәl/,,"a. 文化的, 教养的, 修养的",B1,,,,
mrs,mrs,/'misiz/,,太太,Beyond C1,,,,
peace,peace,/pi:s/,vi./n.,"n. 和平, 和约, 治安, 和睦, 安宁, 静寂；vi. 安静下来, 不作声",A2,,,,
pain,pain,/pein/,vt./vi./n.,"n. 痛苦, 疼痛, 辛苦；vt. 使痛苦, 痛苦；vi. 作痛, 疼",A2,,,,
apply,apply,/ә'plai/,vt./vi.,"vt. 涂, 应用；vi. 申请, 适用",A2,,,,
wide,wide,/waid/,n./adv.,"a. 宽的, 广阔的, 普遍的, 宽阔的, 广泛的, 一般的；adv. 广阔地, 遍及各处地, 广泛地；n. 大千世界",A2,,,,
measure,measure,/'meʒә/,vt./vi./n.,"n. 尺寸, 量度器, 量度标准, 测量, 量具, 程度, 范围, 限度, 分寸, 措施, 方法；vt. 测量, 测度, 估量, 权衡, 调节, 拿(自己或自己的力量等)作较量；vi. 度量",B1,,,,
shake,shake,/ʃeik/,vt./vi./n.,"n. 摇动, 震动；vt. 摇动, 动摇, 使震动, 挥舞；vi. 震动, 发抖, 动摇",A2,,,,
fly,fly,/flai/,vt./vi./n.,"n. 苍蝇, 两翼昆虫, 飞行；vi. 飞, 飞翔, 飘扬, 逃走；vt. 飞, 飞越, 使飘扬, 逃出；a. 敏捷的",A1,,,,
interview,interview,/'intәvju:/,vt./n.,"n. 面谈, 访问, 接见, 面试；vt. 接见, 对...进行面谈(试)",A1,,,,
manage,manage,/'mænidʒ/,vt./vi.,"vi. 处理；vt. 管理, 控制, 维持, 达成, 经营, 运用",A2,,,,
chair,chair,/tʃєә/,vt./n.,"n. 椅子, 显要的席位, 主席；vt. 使入座, 使就任要职",A1,,,,
fish,fish,/fiʃ/,vt./vi./n.,"n. 鱼, 鱼肉, 鱼类, 接合板；vt. 钓, 钓鱼, 查出, 用接合板连接；vi. 捕鱼, 钓鱼, 用钩捞取, 摸索寻找",A1,,,,
particular,particular,/pә'tikjulә/,n.,"n. 一项(或条、点), 个别项目, 详细说明；a. 特别的, 独有的, 挑剔的, 详尽的",A2,,,,
camera,camera,/'kæmәrә/,n.,"n. 照相机, 摄影机, 密谈室, 暗箱",A1,,,,
structure,structure,/'strʌktʃә/,vt./n.,"n. 结构, 构造, 建筑物；vt. 构成, 组织",A2,,,,
politics,politics,/'pɒlitiks/,n.,"n. 政治, 政治学, 政见, 政治活动",B1,,,,
bit,bite,/bit/,vt./n.,"n. 少量, 马嚼子, 辅币；vt. 给马上嚼子, 控制；bite的过去式和过去分词",A2,,,,
perform,perform,/pә'fɒ:m/,vt./vi.,"vt. 进行, 履行, 完成, 执行, 表演；vi. 行动, 工作, 执行, 演出",A2,,,,
weight,weight,/weit/,vt./n.,"n. 重, 重量, 体重, 砝码, 重大, 影响, 力量；vt. 加重量于, 压迫, 使加权, 称重量",A2,,,,
suddenly,suddenly,/'sʌdәnli/,adv.,"adv. 突然, 意外, 忽然, 迅速, 即席作成, 即刻, 急速",A2,,,,
discover,discover,/dis'kʌvә/,vt./vi.,"vt. 发现, 找到, 暴露；vi. 发现",A2,,,,
candidate,candidate,/'kændideit/,n.,"n. 候选人, 投考者",B1,,,,
production,production,/prә'dʌkʃәn/,n.,"n. 制造, 生产, 产物",B1,,,,
treat,treat,/tri:t/,vt./vi./n.,"n. 宴请, 款待；vt. 视为, 对待, 论述, 治疗, 款待；vi. 讨论, 谈判, 作东",B1,,,,
evening,even,/'i:vniŋ/,n.,"n. 傍晚, 晚间, 末期",A1,,,,
trip,trip,/trip/,vt./vi./n.,"n. 旅行, 绊倒, 摔倒, 失足, 差错, 旅程；vt. 使跌倒, 使犯错, 使失败；vi. 轻快地走, 绊倒, 失误, 犯错, 结巴, 旅行, 远足",A1,,,,
affect,affect,/ә'fekt/,vt./n.,"vt. 影响, 感动, 假装, 模仿, 爱好, 倾向于；n. 自觉感情",A2,,,,
inside,inside,/'in'said/,n./adv./prep.,"n. 内部, 内脏, 内幕；a. 内部的, 秘密的, 户内的；adv. 在里面；prep. 在...之内",A2,,,,
conference,conference,/'kɒnfәrәns/,n.,n. 会议,A2,,,,
unit,unit,/'ju:nit/,n.,"n. 单位, 分队, 部队, 单元, 部件, 装置；a. 单位的, 单元的",A2,,,,
style,style,/stail/,vt./n.,"n. 风格, 时尚, 文体, 风度, 字体, 类型；vt. 称呼, (根据新款式)设计, 使合潮流；n. 风格, 样式",A1,,,,
adult,adult,/'ædʌlt/,n.,"n. 成人, 成虫；a. 成年的, 成熟的",A1,,,,
worry,worry,/'wʌri/,vt./vi./n.,"n. 担心, 烦恼, 忧虑, 苦恼, 撕咬；vt. 使烦恼, 使焦虑, 使苦恼, 困扰, 折磨, 撕咬；vi. 烦恼, 担心, 撕咬",A2,,,,
mention,mention,/'menʃәn/,vt./n.,"n. 提到, 言及, 陈述；vt. 提到, 提及",A2,,,,
range,range,/'reindʒ/,vt./vi./n.,"n. 排, 行, 山脉, 范围, 行列, 射程；vt. 排列, 归类于, 使并列, 放牧；vi. 平行, 延伸, 漫游",B1,,,,
deep,deep,/di:p/,n./adv.,"a. 深的；adv. 深入地；n. 深渊, 深处",A2,,,,
edge,edge,/edʒ/,vt./vi./n.,"n. 边缘, 尖锐, 刀刃, 优势；vt. 使锐利, 挤进, 镶边；vi. 缓缓移动",B1,,,,
specific,specific,/spi'sifik/,n.,"n. 特效药, 特性；a. 特殊的, 明确的, 具有特效的, 特定地, 具体地",A2,,,,
writer,writer,/'raitә/,n.,"n. 作家, 撰稿者, 抄写员",A1,,,,
trouble,trouble,/'trʌbl/,vt./vi./n.,"n. 烦恼, 麻烦, 困难, 动乱, 故障；vt. 困扰, 麻烦, 使烦恼, 折磨；vi. 烦恼, 费心",A2,,,,
necessary,necessary,/'nesisәri/,,a. 必要的；必然的；必需的,A2,,,,
throughout,throughout,/θru:'aut/,adv./prep.,"adv. 到处, 贯穿全部地, 自始至终；prep. 遍及, 在各处",B1,,,,
challenge,challenge,/'tʃælindʒ/,vt./vi./n.,"n. 挑战, 盘问；vt. 向...挑战, 要求, 怀疑；vi. 挑战, 对(证据等)表示异议",B1,,,,
fear,fear,/fiә/,v./n.,"n. 恐怖, 害怕, 担心；v. 害怕, 恐惧, 为...担心, 敬畏",A2,,,,
shoulder,shoulder,/'ʃәuldә/,vt./vi./n.,"n. 肩, 肩膀, 衣肩；vt. 肩负, 负担, 担任；vi. 用肩推挤",A2,,,,
institution,institution,/.insti'tju:ʃәn/,n.,"n. 机构, 惯例, 制度",B2,,,,
middle,middle,/'midl/,n.,"n. 中央, 中间, 腰部；a. 中央的, 中庸的, 中间的",A2,,,,
sea,sea,/si:/,n.,"n. 海, 海洋, 海浪, 大量",A2,,,,
dream,dream,/dri:m/,v./n.,"n. 梦, 空想, 愿望；v. 做梦, 想象, 梦想",A2,,,,
bar,bar,/bɑ:/,vt./n.,"n. 条, 棒, 酒吧, 栅, 障碍物；vt. 禁止, 阻挡, 妨碍",A1,,,,
beautiful,beautiful,/'bju:tiful/,,a. 美丽的,A1,,,,
property,property,/'prɒpәti/,n.,"n. 财产, 所有权, 性质, 属性",B1,,,,
instead,instead,/in'sted/,adv.,"adv. 作为替代, 反而",A2,,,,
improve,improve,/im'pru:v/,vt./vi.,"vt. 改良, 提高...的价值, 改善, 利用；vi. 变得更好, 增加",A1,,,,
stuff,stuff,/stʌf/,vt./vi./n.,"n. 原料, 要素, 东西, 材料, 素质, 织品, 废物, 废话；vt. 装填；vi. 狼吞虎咽",B1,,,,
detail,detail,/'di:teil/,vt./vi./n.,"n. 细节, 详情；vt. 详述, 选派；vi. 画详图",A1,,,,
method,method,/'meθәd/,n.,"n. 方法, 办法, 条理, 秩序",A2,,,,
somebody,somebody,/'sʌmbɒdi/,n./pron.,"n. 了不起的人, 大人物；pron. 有人, 某人",A1,,,,
magazine,magazine,/.mægә'zi:n/,n.,"n. 杂志, 仓库, 弹盒, 胶卷盒",A1,,,,
hotel,hotel,/hәu'tel/,n.,"n. 旅馆, 客栈",A1,,,,
soldier,soldier,/'sәuldʒә/,vi./n.,"n. 军人, 士兵, 兵蚁；vi. 从军, 尽职, 偷懒, 磨洋工",A2,,,,
reflect,reflect,/ri'flekt/,vt./vi.,"vt. 反射, 反映, 招致, 深思；vi. 被反射, 映出, 深思, 考虑, 指责",B1,,,,
heavy,heavy,/'hevi/,n./adv.,"a. 重的, 巨大的, 沉重的, 笨重的, 过度的；adv. 沉重地；n. 重物, 严肃角色",A2,,,,
sexual,sexual,/'sekʃuәl/,,"a. 性的, 性别的",B1,,,,
bag,bag,/bæg/,vt./n.,"n. 袋子, 袋状物；vt. 使膨大, 装袋, 猎获",A1,,,,
heat,heat,/hi:t/,vt./vi./n.,"n. 热, 热度, 体温, 高潮；vi. 加热, 激昂, 加剧；vt. 把...加热, 使激动",A2,,,,
marriage,marriage,/'mæridʒ/,n.,"n. 婚姻, 结婚, 婚礼, 合并",B1,,,,
tough,tough,/tʌf/,n.,"n. 恶棍；a. 强硬的, 艰苦的, 坚固的, 坚韧的, 粗暴的, 咬不动的",B2,,,,
sing,sing,/siŋ/,vt./vi./n.,"vi. 唱, 唱歌, 演唱, 鸣, 啼；vt. 唱, 歌颂；n. 嗖嗖声",A1,,,,
purpose,purpose,/'pә:pәs/,vt./n.,"n. 目的, 意向, 决心, 用途, 效果, 论题；vt. 意欲, 企图, 计划",A2,,,,
surface,surface,/'sә:fis/,vt./vi./n.,"n. 面, 表面, 水面, 外表, 平面；a. 表面的, 外观的, 肤浅的, 水面上的；vt. 使成平面, 使浮出水面；vi. 浮出水面, 呈现, 在地面上工作",B1,,,,
exist,exist,/ig'zist/,vi.,"vi. 存在, 生存, 发生",A2,,,,
pattern,pattern,/'pætәn/,vt./vi./n.,"n. 模范, 典型, 式样, 样品, 图案, 格调, 模式；vt. 模仿, 仿造, 以图案装饰；vi. 形成图案",A2,,,,
whom,whom,/hu:m/,pron.,pron. 谁,B2,,,,
skin,skin,/skin/,vt./vi./n.,"n. 皮肤, 皮；vt. 剥皮, 在...植皮；vi. 长皮, 愈合, 蜕皮",A2,,,,
agent,agent,/'eidʒәnt/,n.,"n. 代理商, 政府代表, 动原, 媒介",B1,,,,
owner,owner,/'әunә/,n.,"n. 拥有者, 物主, 所有人",A2,,,,
machine,machine,/mә'ʃi:n/,vt./n.,"n. 机器, 机械装置, 机构, 自动售货机, 机械般工作的人；vt. 以机器制造",A1,,,,
gas,gas,/gæs/,n.,"n. 气体, 汽油, 瓦斯",A2,,,,
ahead,ahead,/ә'hed/,adv.,"a. 领先的, 预先的, 向前的；adv. 领先, 预先, 向前, 胜于, 在前面, 在将来",B1,,,,
generation,generation,/.dʒenә'reiʃәn/,n.,"n. 一代, 一世, 产生",B1,,,,
commercial,commercial,/kә'mә:ʃәl/,n.,"a. 商业的, 商用的, 商品化的；n. 商业广告节目",B1,,,,
address,address,/ә'dres/,vt./n.,"n. 住址, 演说, 举止, 灵巧, 求爱；vt. 发表(演说或讲话), 对付, 写地址",A1,,,,
cancer,cancer,/'kænsә/,n.,"n. 癌, 恶性肿瘤",B2,,,,
item,item,/'aitәm/,n.,"n. 项目, 条款, 一则, 项",A2,,,,
reality,reality,/ri'æliti/,n.,"n. 实在, 事实, 实体, 逼真",B1,,,,
coach,coach,/kәutʃ/,vt./vi./n.,"n. 四轮大马车, 教练；vt. 训练, 指导；vi. 坐马车旅行, 作指导",A2,,,,
yard,yard,/jɑ:d/,n.,"n. 码, 庭院, 工场",A1,,,,
beat,beat,/bi:t/,v./n.,"n. 心跳(声), 打, 敲打声, 拍子；v. 打, 拍打, 打败；a. 疲乏的, 颓废的；beat的过去式",A2,,,,
violence,violence,/'vaiәlәns/,n.,"n. 猛烈, 暴力, 暴虐, 暴行",B2,,,,
total,total,/'tәutl/,vt./vi./n./adv.,"a. 全体的, 总的, 全然的；vt. 计算...的总和, 共计为；vi. 合计；n. 总数, 全体, 合计；adv. 统统",B1,,,,
tend,tend,/tend/,vt./vi.,"vi. 走向, 有某种的倾向, 易于, 照顾, 注意；vt. 照料, 护理",B1,,,,
investment,investment,/in'vestmәnt/,n.,n. 投资,B2,,,,
discussion,discussion,/dis'kʌʃәn/,n.,n. 讨论,A2,,,,
finger,finger,/'fiŋgә/,v./n.,"n. 手指, 指状物, (手套的)手指部分, 指针；v. 用手指拨弄, 伸出",A2,,,,
garden,garden,/'gɑ:dn/,vt./vi./n.,"n. 花园, 果园, 菜园；vi. 栽培花木；vt. 造园；a. 花园的, 普通的",A1,,,,
notice,notice,/'nәutis/,vt./vi./n.,"n. 注意, 布告, 通知, 预告, 短评；vt. 注意, 通知, 评论, 提及, 关注；vi. 注意",A2,,,,
collection,collection,/kә'lekʃәn/,n.,"n. 收集, 采集, (一批)收藏品, 募捐",B1,,,,
modern,modern,/'mɒdәn/,n.,"n. 现代人, 有思想的人；a. 现代的, 时髦的",A1,,,,
task,task,/tɑ:sk/,vt./n.,"n. 工作, 任务, 作业, 困难的工作；vt. 派给...工作, 使辛劳",A2,,,,
partner,partner,/'pɑ:tnә/,vt./vi./n.,"n. 合伙人, 股东, 伙伴, 伴侣；vt. 与...合伙, 组成一对；vi. 做伙伴, 当助手",A1,,,,
positive,positive,/'pɒzitiv/,,"a. 肯定的, 积极的, 有把握的",A1,,,,
civil,civil,/'sivәl/,,"a. 市民的, 公民的, 有礼貌的",B2,,,,
kitchen,kitchen,/'kitʃin/,n.,"n. 厨房, 全套炊具",A1,,,,
consumer,consumer,/kәn'sju:mә/,n.,n. 消费者,B1,,,,
shot,shoot,/ʃɒt/,vt./n.,"n. 发射, 炮弹, 射击, 射手, 投篮, 射门, 子弹, 射程, 拍摄, 注射；vt. 装弹, 使成颗粒状；a. 杂色的, 交织着的, 渗透的, 点焊的, 破旧的；shoot的过去式和过去分词",B2,,,,
budget,budget,/'bʌdʒit/,vt./vi./n.,"n. 预算；vi. 编预算；vt. 编入预算, 安排；a. 廉价的",B2,,,,
wish,wish,/wiʃ/,vt./vi./n.,"n. 希望, 愿望, 祝愿, 命令, 请求；vt. 愿, 想要, 希望, 祝愿；vi. 希望",A2,,,,
painting,painting,/'peintiŋ/,n.,"n. 画, 绘画, 油漆",A1,,,,
scientist,scientist,/'saiәntist/,n.,n. 科学家,A1,,,,
safe,safe,/seif/,n.,"n. 保险箱, 冷藏室；a. 安全的, 可靠的, 平安的, 稳健的, 有把握的",A2,,,,
agreement,agreement,/ә'gri:mәnt/,n.,"n. 同意, 合约, 协议",B1,,,,
mouth,mouth,/mauθ/,vt./vi./n.,"n. 嘴, 口, 口腔, 口状物；vi. 装腔作势说话, 做鬼脸；vt. 说出, 做作地说",A1,,,,
capital,capital,/'kæpitәl/,n.,"n. 首都, 大写字母, 资本；a. 首都的, 重要的",A1,,,,
nor,nor,/nɒ:/,conj.,"conj. 也不, 也没有",B1,,,,
victim,victim,/'viktim/,n.,"n. 受害人, 牺牲者, 牺牲品",B1,,,,
newspaper,newspaper,/'nju:z.peipә/,n.,n. 报纸,A1,,,,
threat,threat,/θret/,n.,"n. 恐吓, 恶兆, 威胁",B2,,,,
responsibility,responsibility,/ri.spɒnsә'biliti/,n.,"n. 责任, 职责, 负担, 可靠性",B1,,,,
smile,smile,/smail/,vt./vi./n.,"n. 微笑, 喜色, 笑容；vi. 微笑, 觉得好笑；vt. 微笑着表示",A2,,,,
attorney,attorney,/ә'tә:ni/,n.,"n. 代理人, 律师",B2,,,,
score,score,/skɒ:/,vt./vi./n.,"n. 得分, 抓痕, 二十个, 刻痕, 帐目, 乐谱, 起跑线, 终点线, 大量；vt. 刻划, 划线, 获得, 评价, 把...记下；vi. 刻痕, 记分, 得分",A2,,,,
account,account,/ә'kaunt/,vt./vi./n.,"n. 报告, 解释, 估价, 理由, 利润, 算账, 帐目；vi. 报帐, 解释, 导致, 报偿, 占, 杀死；vt. 认为",B1,,,,
interesting,interesting,/'intristiŋ/,,a. 有趣的,A1,,,,
audience,audience,/'ɒ:diәns/,n.,"n. 听众, 观众, 读者",A2,,,,
rich,rich,/ri:tʃ/,,"a. 富裕的, 富饶的, 浓厚的, 贵重的",A1,,,,
dinner,dinner,/'dinә/,n.,"n. 晚餐, 正餐, 宴会",A1,,,,
vote,vote,/vәut/,vt./vi./n.,"n. 投票, 选举, 选票, 表决, 选举权, 得票数；vi. 投票, 选举；vt. 投票选举, 投票决定, 公认, 使投票",B1,,,,
western,western,/'westәn/,n.,"n. 西方人, 西部片, 西部小说；a. 向西方的, 来自西方的, 西方的, 西洋的, 西部的",B1,,,,
relate,relate,/ri'leit/,vt./vi.,"vt. 讲, 叙述, 使互相关联；vi. 有关, 符合, 相处得好",B1,,,,
travel,travel,/'trævl/,vt./vi./n.,"n. 旅行, 游历, 行进；vi. 旅行, 行进, 移动, 被传播；vt. 旅行, 通过, 使移动",A1,,,,
debate,debate,/di'beit/,v./n.,"n. 辩论, 讨论；v. 争论, 辩论",B2,,,,
prevent,prevent,/pri'vent/,v.,"v. 预防, 防止, 阻止, 妨碍",A2,,,,
citizen,citizen,/'sitizn/,n.,"n. 市民, 公民",B2,,,,
majority,majority,/mә'dʒɒriti/,n.,"n. 多数, 大半",B2,,,,
none,none,/nʌn/,adv./pron.,"adv. 一点也不, 毫不；pron. 没有人, 无一物, 并无一个；a. 没有的",A2,,,,
front,front,/frʌnt/,vt./vi./n.,"n. 前面, 开头, 前线, 阵线, 态度；vt. 面对, 朝向, 对抗；vi. 朝向",A1,,,,
born,bear,/bɒ:n/,,a. 天生的；bear的过去分词,A1,,,,
admit,admit,/әd'mit/,vt./vi.,"vt. 承认, 接受, 允许进入, 容许；vi. 开向, 容许, 承认",B1,,,,
senior,senior,/'si:njә/,n.,"n. 年长者, 资深者, 毕业班学生；a. 年长的, 高级的, 资深的",B2,,,,
assume,assume,/ә'sju:m/,vt./vi.,"vt. 假定, 承担, 呈现；vi. 装腔作势, 僭越",B2,,,,
wind,wind,/wind/,vt./vi./n.,"n. 风, 气息, 气味, 呼吸, 风声, 趋势, 空谈, 卷绕, 弯曲；vt. 使通风, 嗅出, 使喘气, 吹号角, 上发条, 缠绕, 包, 绞起, 吊起, 使弯曲, 使迂回；vi. 嗅出猎物, 吹响号角, 卷曲, 蜿蜒, 迂回, 缠绕",A2,,,,
key,key,/ki:/,vt./vi./n.,"n. 钥匙, 键, 解答, 关键, 要害, 基调, 线索, 答案, 暗礁；vt. 调音, 锁上, 提供线索；vi. 使用钥匙",A1,,,,
professional,professional,/prә'feʃәnl/,n.,"n. 专业人才；a. 专业的, 职业的",A2,,,,
mission,mission,/'miʃәn/,vt./n.,"n. 任务, 代表团, 使命, 传教团；vt. 派遣, 向...传教",B2,,,,
fast,fast,/fɑ:st/,vi./n./adv.,"a. 快速的, 紧的；adv. 很快地, 紧紧地, 彻底地；n. 绝食, 斋戒；vi. 绝食, 斋戒",A1,,,,
alone,alone,/ә'lәun/,adv.,"a. 孤独的, 单独的, 独自的；adv. 独自地",A2,,,,
customer,customer,/'kʌstәmә/,n.,n. 消费者,A1,,,,
suffer,suffer,/'sʌfә/,vt./vi.,"vt. 遭受, 经历, 忍受；vi. 受痛苦, 受损害",B1,,,,
speech,speech,/spi:tʃ/,n.,"n. 演讲, 说话, 谈话, 言语, 引语, 民族语言",A2,,,,
successful,successful,/sәk'sesful/,,"a. 成功的, 一帆风顺的, 顺利的",A2,,,,
option,option,/'ɒpʃәn/,n.,"n. 选择权, 挑选, 选项",A2,,,,
participant,participant,/pɑ:'tisipәnt/,n.,"n. 参加者, 参与者；a. 有份的, 参加的, 参与的",B2,,,,
southern,southern,/'sʌðәn/,n.,"n. 南方人, 男风；a. 向南方的, 来自南方的",B1,,,,
eventually,eventually,/i'ventʃuәli/,adv.,"adv. 最后, 终于",B1,,,,
university,university,/.ju:ni'vә:siti/,n.,n. 大学,A1,,,,
fresh,fresh,/freʃ/,n./adv.,"a. 新鲜的, 新奇的, 另外的, 淡的, 精神饱满的, 冒失的；adv. 最新地, 刚刚；n. 开始, 泛滥",A2,,,,
forest,forest,/'fɒrist/,vt./n.,"n. 森林, 林区；vt. 植树于",A2,,,,
video,video,/'vidiәu/,n.,"n. 影像, 电视；a. 图像的, 电视的",A1,,,,
global,global,/'glәubl/,,"a. 通用的, 全球的, 球形的, 综合的, 普遍的",B1,,,,
senate,senate,/'senit/,n.,"n. 参议院, 立法机构, 评议会",B2,,,,
reform,reform,/ri'fɒ:m/,vt./vi./n.,"n. 改革, 改正, 改造；vt. 改革, 改过, 革新, 重整；vi. 革新, 改过",C1,,,,
access,access,/'ækses/,vt./n.,"n. 通路, 入口, 接近, 进入, 使用权, 发作；vt. 访问, 存取, 接近, 使用",B1,,,,
restaurant,restaurant,/'restәrɒŋ/,n.,"n. 餐馆, 饭店",A1,,,,
judge,judge,/dʒʌdʒ/,vt./vi./n.,"n. 法官, 裁判员, 审判官, 鉴定人；vt. 审理, 鉴定, 判断, 判决, 裁定；vi. 下判断, 作评价",B1,,,,
publish,publish,/'pʌbliʃ/,vt./vi.,"vt. 出版, 发行, 公开, 发表, 宣传, 公布；vi. 出版, 发行",A2,,,,
relation,relation,/ri'leiʃәn/,n.,"n. 关系, 联系, 叙述, 故事, 家属, 亲戚",B1,,,,
release,release,/ri'li:s/,vt./n.,"n. 释放, 发泄, 豁免, 发行, 释放证书；vt. 释放, 解除, 放松, 豁免, 免除, 发布, 放弃, 让与；n. 发布",B1,,,,
bird,bird,/bә:d/,vi./n.,"n. 鸟, 羽毛球；vi. 打鸟",A1,,,,
labor,labor,/'leibә/,vt./vi./n.,"n. 劳动, 努力, 工作, 劳工, 分娩；vi. 劳动, 努力, 苦干；vt. 详细分析, 使厌烦",B2,,,,
opinion,opinion,/ә'pinjәn/,n.,"n. 意见, 评价, 主张",A1,,,,
credit,credit,/'kredit/,vt./n.,"n. 信用, 信任, 荣誉, 贷款, 学分；vt. 归功于, 赞颂, 信任, 相信",A2,,,,
critical,critical,/'kritikәl/,,"a. 批评的, 决定性的, 危险的, 临界的",B2,,,,
corner,corner,/'kɒ:nә/,vt./vi./n.,"n. 角落, 转角, 窘境；vt. 迫至一隅, 垄断, 使陷入绝境；vi. 相交成角, 垄断",A2,,,,
concerned,concerned,/kәn'sә:nd/,,"a. 关心的, 有关的, 参与的, 担心的",B2,,,,
recall,recall,/ri'kɒ:l/,vt./n.,"n. 回忆, 召回, 撤消；vt. 回想, 回忆, 召回, 撤消, 使恢复",B2,,,,
version,version,/'vә:ʒәn/,n.,"n. 一种描述, 版本, 译文",B1,,,,
stare,stare,/stєә/,vt./vi./n.,"vi. 注视, 凝视, 瞪视, 显眼；vt. 盯；n. 凝视",B2,,,,
safety,safety,/'seifti/,vt./n.,"n. 安全, 保险, 平安, 保安设备；vt. 保护, 防护",B1,,,,
effective,effective,/i'fektiv/,n.,"a. 有效的, 有力的, 实际的；n. 有生力量",B1,,,,
neighborhood,neighborhood,/'neibәhud/,n.,"n. 附近, 邻近",A1,,,,
original,original,/ә'ridʒәnl/,n.,"a. 最初的, 原始的, 有创意的；n. 原物, 原作",A2,,,,
troop,troop,/tru:p/,vi./n.,"n. 军队, 一群, 一队；vi. 群集, 结队, 成群而行",B2,,,,
income,income,/'inkʌm/,n.,"n. 收入, 收益, 流入",B2,,,,
directly,directly,"/di'rektli, dai'rektli/",adv./conj.,"adv. 径直地, 直接地, 直率地, 正好地, 直截了当地, (非正式)立即, 马上；conj. 一...(就...), 一当...就...",B1,,,,
hurt,hurt,/hә:t/,v./n.,"n. 伤害, 创伤, 损害；v. 伤害, (使)伤心, 危害, 刺痛",A2,,,,
species,species,/'spi:ʃiz/,n.,"n. 种, 类, 外形",B2,,,,
immediately,immediately,/i'mi:diәtli/,adv.,"adv. 直接地, 立刻, 立即",A2,,,,
track,track,/træk/,vt./vi./n.,"n. 轨迹, 足迹, 径迹, 小道, 轨道, 磁轨, 途径；vt. 循路而行, 追踪, 通过, 用纤拉；vi. 追踪, 留下足迹, 沿轨道运行",A2,,,,
basic,basic,/'beisik/,n.,"n. 基本原理, 要素, 基本规律；a. 基本的, 碱性的；(计算机)BASIC语言",B1,,,,
ms,ms,/miz/,,美国微软公司,Beyond C1,,,,
strike,strike,/straik/,vt./vi./n.,"n. 罢工, 打击, 殴打；vt. 打, 撞击, 冲击, 侵袭, 取消, 结算, 打掉, 罢工, 刺透, 使生根, 遇见；vi. 打, 打击, 抓, 罢工, 搏动, 触礁, 敲, 响, 穿透, 打动",B2,,,,
sky,sky,/skai/,vt./vi./n.,"n. 天空, 天色, 天堂；vt. 击向空中, 挂在高处；vi. 高涨",A2,,,,
freedom,freedom,/'fri:dәm/,n.,"n. 自由, 坦率, 特权",B2,,,,
absolutely,absolutely,/'æbsәlu:tli/,adv.,"adv. 完全地, 绝对地, 确确实实地",B1,,,,
plane,plane,/plein/,vt./vi./n.,"n. 平面, 扁平物, 机翼, 飞机, 水准, 地位；a. 平的, 平面的；vt. 将...刨平, 刨平, 掠过水面；vi. 翱翔, 乘飞机旅行, 刨掉",A1,,,,
nobody,nobody,/'nәubɒdi/,n./pron.,"n. 小人物, 无名小卒；pron. 无人, 没有人",A1,,,,
achieve,achieve,/ә'tʃi:v/,vt./vi.,"vt. 完成, 达到；vi. 如愿以偿",A2,,,,
object,object,/'ɒbdʒekt/,vt./vi./n.,"n. 物体, 目标, 目的, 对象, 宾语, 客体；vi. 反对, 抱反感；vt. 提出...来反对",A1,,,,
nine,nine,/nain/,num.,"num. 九, 九个",A1,,,,
attitude,attitude,/'ætitju:d/,n.,"n. 态度, 看法, 姿势",B1,,,,
refer,refer,/ri'fә:/,vt./vi.,"vt. 提交, 归诸于, 把...提交, 使求助于；vi. 提到, 涉及, 查阅, 查询, 咨询",A2,,,,
client,client,/'klaiәnt/,n.,"n. 客户, 顾客, 委托人",B1,,,,
concept,concept,/'kɒnsept/,n.,"n. 观念, 概念",B2,,,,
powerful,powerful,/'pauәful/,,"a. 有力的, 有权力的, 强大的",B1,,,,
perfect,perfect,/'pә:fikt/,vt./n.,"n. 完成时；a. 完美的, 完好的, 理想的, 熟练的, 精确的, 完成式的；vt. 使完美, 修改, 使精通, 改善, 使熟练",A1,,,,
therefore,therefore,/'ðєәfɒ:/,adv.,"adv. 因此, 所以",B1,,,,
conduct,conduct,"/'kɔndʌkt, -dәkt/",vt./vi./n.,"n. 行为, 举动, 指导；vt. 为人, 指挥, 管理, 实施；vi. 领导, 传导, 指挥",B2,,,,
announce,announce,/ә'nauns/,vt./vi.,"vt. 宣布, 声称, 显示, 预告；vi. 当报幕员, 宣布参加竞选",B1,,,,
conversation,conversation,/.kɒnvә'seiʃәn/,n.,"n. 会话, 说话, 交谈",A1,,,,
examine,examine,/ig'zæmin/,v.,"v. 检查, 调查, 考试",B1,,,,
touch,touch,/tʌtʃ/,vt./vi./n.,"n. 触觉, 碰, 触, 机灵, 轻触, 格调, 少许, 缺点, 弹力；vt. 接触, 触摸, 触及, 使接触, 达到, 涉及, 影响到, 使轻度受害, 感动；vi. 触摸, 接近, 涉及, 提到",A2,,,,
please,please,/pli:z/,vt./vi./adv.,"adv. 请；vt. 使高兴, 合...的心意, 取悦；vi. 使人满意, 讨好, 愿意, 敬请",A1,,,,
attend,attend,/ә'tend/,vt./vi.,"vt. 参加, 照料, 伴随；vi. 专心于, 照顾, 服侍, 出席",A2,,,,
completely,completely,/kәm'pli:tli/,adv.,"adv. 完全地, 十分地, 圆满地",A2,,,,
variety,variety,/vә'raiәti/,n.,"n. 多样, 种类, 变种, 杂耍",A2,,,,
sleep,sleep,/sli:p/,vt./vi./n.,"n. 睡眠, 静止, 昏迷, 麻木, 长眠, 冬眠；vi. 睡觉, 睡眠, 静止；vt. 睡",A1,,,,
involved,involve,/in'vɔlvd/,,"a. 难懂的, 复杂的, 不易懂的, 卷入...之中的, 累及..., 与...有关, 被纠缠的",B1,,,,
investigation,investigation,/in.vesti'geiʃәn/,n.,"n. 调查, 审查",B2,,,,
nuclear,nuclear,/'nju:kliә/,,"a. 核子的, 原子能的, 核的, 中心的",B1,,,,
researcher,researcher,/ri:'sә:tʃә/,n.,n. 研究人员,A2,,,,
press,press,/pres/,vt./vi./n.,"n. 压, 揿, 按, 人群, 印刷机, 压力, 出版社, 记者, 报刊, 新闻舆论, 紧迫；vt. 压, 压榨, 紧抱, 逼迫, 推进, 强迫征募, 催逼；vi. 压, 重压, 催促, 拥挤, 奋力前进, 受压",B1,,,,
conflict,conflict,/'kɒnflikt/,vi./n.,"n. 战斗, 冲突, 矛盾, 争执；vi. 争执, 战斗, 冲突, 抵触",B2,,,,
spirit,spirit,/'spirit/,vt./n.,"n. 精神, 心灵, 灵魂, 态度, 志气, 人格, 情绪, 心情, 烈酒；vt. 诱拐, 鼓励, 鼓舞",B1,,,,
replace,replace,/ri'pleis/,vt.,"vt. 代替, 替换, 放回, 归还",A2,,,,
british,british,/'britiʃ/,n.,"a. 英国的；n. 英国人, 英国英语",Beyond C1,,,,
encourage,encourage,/in'kʌridʒ/,vt.,"vt. 鼓励, 支持, 激励",B1,,,,
argument,argument,/'ɑ:gjumәnt/,n.,"n. 争论, 论证, 论据, 自变量",A2,,,,
camp,camp,/kæmp/,vt./vi./n.,"n. 露营, 帐篷；vi. 露营, 扎营；vt. 使扎营",A2,,,,
brain,brain,/brein/,vt./n.,n. 脑；vt. 打碎脑部,A2,,,,
feature,feature,/'fi:tʃә/,vt./vi./n.,"n. 面孔的一部分(如眼、口等), 特征, 容貌, 特色, 特写；vt. 是...的特色, 特写, 放映；vi. 起重要作用",A2,,,,
afternoon,afternoon,/'ɑ:ftә'nu:n/,n.,"n. 午后, 下午",A1,,,,
am,am,/æm/,,be的单数第一人称,Beyond C1,,,,
weekend,weekend,/'wi:kend/,n.,"n. 周末, 周末休假",A1,,,,
dozen,dozen,/'dʌzn/,n.,"n. 打, 十二个；a. 一打的",B2,,,,
possibility,possibility,/.pɒsә'biliti/,n.,"n. 可能性, 可能的事",A2,,,,
insurance,insurance,/in'ʃurәns/,n.,"n. 保险, 保险业, 保险费",B2,,,,
department,department,/di'pɑ:tmәnt/,n.,"n. 部门, 系, 机关",A2,,,,
battle,battle,/'bætl/,v./n.,n. 战役；v. 战斗,B1,,,,
beginning,begin,/bi'giniŋ/,n.,n. 开始,A1,,,,
date,date,/deit/,vt./vi./n.,"n. 日期, 约会, 枣椰树；vt. 约会, 定日期；vi. 注明日期, 过时",A1,,,,
generally,generally,/'dʒenәrәli/,adv.,"adv. 通常, 逐渐地, 普遍地",B1,,,,
african,african,/'æfrikәn/,n.,"n. 非洲人；a. 非洲的, 非洲人的",Beyond C1,,,,
sorry,sorry,/'sɒri/,,"a. 难过的, 悲哀的, 遗憾的",A1,,,,
crisis,crisis,/'kraisis/,n.,"n. 危机, 危险期, 紧要关头",B2,,,,
complete,complete,/kәm'pli:t/,vt.,"a. 完全的, 十足的, 完成的；vt. 完成, 完工, 使圆满",A1,,,,
fan,fan,/fæn/,vt./vi./n.,"n. 风扇, 迷, 狂热者, 爱好者；vt. 煽动, 刺激, 吹拂；vi. 飘动, 成扇形散开",A2,,,,
stick,stick,/stik/,vt./vi./n.,"n. 棍, 棒, 刺, 枯枝, 茎, 条状物；vt. 插进, 刺入, 钉住, 伸出, 粘贴, 停止；vi. 粘住, 停留, 坚持, 陷住, 伸出",B1,,,,
define,define,/di'fain/,vt.,"vt. 定义, 规定, 使明确",B1,,,,
easily,easily,/'i:zili/,adv.,"adv. 容易地, 轻易地, 流利地",A2,,,,
hole,hole,/hәul/,vt./vi./n.,"n. 孔, 洞, 穴, 漏洞；vt. 挖洞, 掘坑；vi. 进洞, 凿洞",A2,,,,
element,element,/'elimәnt/,n.,"n. 元件, 元素, 要素",B1,,,,
status,status,/'steitәs/,n.,"n. 状态, 情形, 地位, 要人身份",B2,,,,
vision,vision,/'viʒәn/,vt./n.,"n. 视觉, 眼光, 视力, 幻想；vt. 梦见, 想象, 显示",B2,,,,
normal,normal,/'nɒ:ml/,n.,"n. 常态, 标准, 正常, 普通；a. 正常的, 正规的, 标准的, 师范的, 正态的",A2,,,,
chinese,chinese,/tʃai'ni:z/,n.,"n. 中文, 中国话, 中国人；a. 中国的, 中国话的",Beyond C1,,,,
ship,ship,/ʃip/,vt./vi./n.,"n. 船, 舰；vt. 以船运送, 装船, 运送；vi. 上船, 乘船",A2,,,,
stone,stone,/stәun/,vt./n.,"n. 石头, 宝石, 果核, 纪念碑, 结石；vt. 投扔石子, 铺石头；a. 石的, 石制的, 完全的",A2,,,,
solution,solution,/sә'lu:ʃәn/,n.,"n. 解决, 解答, 溶液",A2,,,,
slowly,slowly,/'slәuli/,adv.,"adv. 慢慢地, 迟缓地",A2,,,,
scale,scale,/skeil/,vt./vi./n.,"n. 刻度, 衡量, 比例, 比例尺, 数值范围, 等级, 规模, 天平, 秤, 鳞, 积垢；vt. 依比例决定, 攀登, 测量, 绘制, 刮鳞, 使生垢, 过秤；vi. 剥落, 生水垢, 重量为, 攀登, 衡量",B2,,,,
introduce,introduce,/.intrә'dju:s/,vt.,"vt. 介绍, 引入, 采用, 输入",A1,,,,
driver,driver,/'draivә/,n.,"n. 驾驶员, 驱动器, 驱动程序",A1,,,,
attempt,attempt,/ә'tempt/,vt./n.,"n. 尝试, 企图；vt. 尝试, 企图",B2,,,,
spot,spot,/spɒt/,vt./vi./n.,"n. 污点, 地点, 斑点, 点, 娱乐场所, 处境, 少量；a. 当场的, 现场的, 现货买卖的, 现金交易的, 抽样的；vt. 点缀, 玷污, 认出, 准确定...的位, 用灯光照射；vi. 玷污, (从空中)侦察敌方目标",B1,,,,
lack,lack,/læk/,vt./vi./n.,"n. 缺乏, 无, 不足；vt. 缺乏, 短少, 不足, 需要；vi. 缺乏",B1,,,,
ice,ice,/ais/,vt./vi./n.,"n. 冰, 冰淇淋, 糖衣, 冷若冰霜, 矜持, 贿赂；vt. 使结冰, 冰镇, 覆以糖衣；vi. 结冰",A1,,,,
boat,boat,/bәut/,vt./vi./n.,n. 船；vi. 乘船；vt. 以船运,A1,,,,
christmas,christmas,/'krismәs/,n.,n. 圣诞节,Beyond C1,,,,
drink,drink,/driŋk/,v./n.,"n. 饮料, 酒；v. 喝, 喝酒",A1,,,,
sun,sun,/sʌn/,vt./vi./n.,"n. 太阳, 日, 日光, 阳光；vt. 晒；vi. 晒太阳",A1,,,,
distance,distance,/'distәns/,n.,"n. 距离, 远方, 遥远",A2,,,,
wood,wood,/wud/,vt./vi./n.,"n. 木材, 木制品；vt. 植林于, 给...添加木柴；vi. 收集木材",A2,,,,
truck,truck,/trʌk/,vt./vi./n.,"n. 卡车, 货车, 对...进行交易, 来往, 实物工资, (供应市场的)蔬菜, 废物, 废话；vt. 对...进行交易, 交往, 以卡车运输；vi. 驾驶卡车, 以物易物",A1,,,,
handle,handle,/hændl/,vt./vi./n.,"n. 柄, 把手, 把柄, 柄状物, 手感；vt. 触摸, 运用, 买卖, 处理, 操作；vi. 搬运, 易于操纵；n. 句柄",B2,,,,
mountain,mountain,/'mauntin/,n.,"n. 山, 山脉, 大堆",A1,,,,
survey,survey,/sә'vei/,vt./vi./n.,"n. 纵览, 视察, 测量, 俯瞰, 调查；vt. 审视, 视察, 俯瞰, 通盘考虑；vi. 测量土地",A2,,,,
supposed,suppose,/sә'pәuzd/,,"a. 想象上的, 假定的, 被信以为真的",A2,,,,
tradition,tradition,/trә'diʃәn/,n.,"n. 传说, 传统, 交付",A2,,,,
winter,winter,/'wintә/,vt./vi./n.,"n. 冬季, 萧条期, 衰退期；a. 冬天的；vt. 使度过冬天；vi. 过冬",A1,,,,
village,village,/'vilidʒ/,n.,"n. 村庄；a. 乡村的, 村庄的",A2,,,,
soviet,soviet,/'sәuviәt/,n.,"n. 代表会议, 苏维埃, 苏联；a. 苏维埃的, 苏联的",Beyond C1,,,,
refuse,refuse,/ri'fju:z/,vt./vi./n.,"vt. 拒绝, 谢绝；vi. 拒绝；n. 废物；a. 扔掉的, 无用的",A2,,,,
sales,sales,,,a. 销售的,A2,,,,
roll,roll,/rәul/,vt./vi./n.,"n. 卷, 滚动, 名单, 案卷, 压路机；vi. 滚, 滚动, 飘流, 起伏, 卷, 绕；vt. 使滚动, 卷, 绕",B1,,,,
communication,communication,/kә.mju:ni'keiʃәn/,n.,"n. 交流, 交通, 通讯",B1,,,,
screen,screen,/skri:n/,vt./vi./n.,"n. 幕, 银幕, 屏风, 掩蔽物, 屏蔽, 筛子；vt. 掩蔽, 放映, 拍摄, 掩护, 筛, 甄别；vi. 拍电影",A2,,,,
gain,gain,/gein/,vt./vi./n.,"n. 增益, 获得, 利润, 收获, 增加；vt. 得到, 增进, 赚到；vi. 获利, 增加",B2,,,,
resident,resident,/'rezidәnt/,n.,"n. 居民, 常驻程序, 居住者, 留鸟；a. 居留的, 定居的",B2,,,,
hide,hide,/haid/,vt./vi./n.,"n. 兽皮, 迹象, 躲藏处；vt. 藏, 隐瞒, 遮避, 剥...的皮, 隐藏；vi. 躲藏",A2,,,,
gold,gold,/gәuld/,n.,"n. 黄金, 钱财, 金块, 金色, 宝贵；a. 金的, 似金的, 金色的, 金制的",A2,,,,
club,club,/klʌb/,vt./vi./n.,"n. 俱乐部, 木棍, 球棒；vt. 用棍棒打, 缴纳；vi. 联合起来；a. 俱乐部的",A1,,,,
farm,farm,/fɑ:m/,vt./vi./n.,"n. 农场, 农田；vt. 耕种；vi. 种田",A1,,,,
potential,potential,/pә'tenʃәl/,n.,"n. 潜在性, 可能性, 潜力, 潜能, 势, 位；a. 有潜力的, 可能的, 潜在的",B2,,,,
european,european,/.juәrә'pi:әn/,n.,"n. 欧洲人；a. 欧洲的, 欧洲人的",Beyond C1,,,,
presence,presence,/'prezns/,n.,"n. 出席, 面前, 存在, 仪态, 风度",B2,,,,
independent,independent,/.indi'pendәnt/,n.,"n. 独立自主者, 无党派者；a. 独立的, 有主见的, 不须依赖的, 不受约束的",A2,,,,
district,district,/'distrikt/,n.,"n. 区域, 地方",B1,,,,
shape,shape,/ʃeip/,vt./vi./n.,"n. 形状, 形态, 外形, 形式, 身材；vt. 定形, 使成形, 塑造, 计划, 使符合；vi. 成形, 形成, 成长",A2,,,,
reader,reader,/'ri:dә/,n.,"n. 读者, 读物, 文选, 校对人, 讲师",A1,,,,
contract,contract,/'kɒntrækt/,vt./vi./n.,"n. 合约, 婚约, 契约；vt. 使皱缩, 使缩短, 感染, 订约, 缔结；vi. 皱缩, 订约, 收缩",B2,,,,
crowd,crowd,/kraud/,vt./n.,"n. 群众, 一伙人；vt. 拥挤, 挤满, 挤进",A2,,,,
christian,christian,/'kristʃәn/,n.,"n. 基督徒, 正派人；a. 基督的, 基督教的",Beyond C1,,,,
express,express,/ik'spres/,vt./n.,"n. 快车, 快递, 专使；a. 明确的, 丝毫不差的, 专门的, 快的；vt. 表达, 表示, 表露",A2,,,,
apartment,apartment,/ә'pɑ:tmәnt/,n.,"n. 房间, 公寓",A1,,,,
willing,willing,/'wiliŋ/,,"a. 乐意的, 自愿的, 甘愿的",B2,,,,
strength,strength,/streŋθ/,n.,"n. 力量, 实力, 强度, 浓度, 人数, 抵抗力",B1,,,,
previous,previous,/'pri:viәs/,,"a. 早先的, 前面的, 过急的",B1,,,,
band,band,/bænd/,v./n.,"n. 带子, 队, 乐队；v. 联合, 结合",A1,,,,
obviously,obviously,/'ɔbviәsli/,adv.,"adv. 显而易见地, 明显地",B1,,,,
horse,horse,/hɒ:s/,vt./vi./n.,"n. 马, 骑兵, 脚架；vi. 骑马, 取笑；vt. 使骑马, 系马于",A1,,,,
interested,interest,/'intristid/,,a. 感兴趣的,A1,,,,
target,target,/'tɑ:git/,vt./n.,"n. 目标, 靶子, 指标；vt. 对准, 订指标",A2,,,,
prison,prison,/'prizn/,vt./n.,"n. 监狱, 监禁, 拘留所；vt. 监禁",A2,,,,
ride,ride,/raid/,vt./vi./n.,"n. 骑马, 乘坐, 乘车, 搭便车；vt. 骑, 乘坐, 压迫, 控制；vi. 骑马, 乘车, 漂游",A1,,,,
guard,guard,/gɑ:d/,vt./vi./n.,"n. 守卫者, 警戒, 护卫队, 防护装置；vt. 保卫, 看守, 当心；vi. 防止, 警惕, 警卫, 看守",B1,,,,
terms,term,,n.,"n. 条件, 条款, 费用, 价钱, 关系, 地位, 交谊",B2,,,,
reporter,reporter,/ri'pɒ:tә/,n.,"n. 记者, 报告者",A2,,,,
demand,demand,/di'mɑ:nd/,v./n.,"n. 要求, 需求, 需要；v. 要求, 查询",B2,,,,
deliver,deliver,/di'livә/,vt.,"vt. 递送, 陈述, 释放, 发表, 引渡, 投递, 交付",B1,,,,
text,text,/tekst/,n.,"n. 文本, 正文, 课文, 主题, 圣经文句, 乐谱",A1,,,,
tool,tool,/tu:l/,vt./vi./n.,"n. 工具, 机床, 傀儡；vt. 用工具加工；vi. 使用工具",A2,,,,
wild,wild,/waild/,n./adv.,"n. 荒野, 荒地；a. 野性的, 野蛮的, 野生的, 失控的, 任性的, 杂乱的, 轻率的, 狂热的, 疯狂的；adv. 狂暴地, 失控地",A2,,,,
vehicle,vehicle,/'vi:ikl/,n.,"n. 交通工具, 车辆, 传播媒介",A2,,,,
observe,observe,/әb'zә:v/,vt./vi.,"vt. 觉察到, 遵守, 注意到, 庆祝；vi. 注意, 评论",B2,,,,
flight,flight,/flait/,vt./vi./n.,"n. 飞行, 射程, 逃走, 飞跃, 飞机航程, 班机, 迁徙, 飞逝；vi. 迁徙；vt. 射击(飞禽), 为(箭)装上羽毛, 使惊飞",A1,,,,
facility,facility,/fә'siliti/,n.,"n. 容易, 灵巧, 设备",B2,,,,
understanding,understand,/.ʌndә'stændiŋ/,n.,"n. 理解, 谅解",A2,,,,
average,average,/'ævәridʒ/,vt./vi./n.,"n. 平均, 平均数, 一般水平, 海损；a. 平均的, 中等的, 平常的；vt. 算出...平均数, 平均做, 均分, 使平衡；vi. 平均为, 呈中间色",A2,,,,
emerge,emerge,/i'mә:dʒ/,vi.,"vi. 浮现, 形成, 出现, (事实)显露",B2,,,,
advantage,advantage,/әd'vɑ:ntidʒ/,vt./n.,"n. 优点, 便利, 好处, 优势；vt. 有助于",A2,,,,
quick,quick,/kwik/,n./adv.,"a. 快的, 迅速的, 敏捷的, 灵敏的, 急速的；adv. 快；n. 新长出的肉, 要害, 核心, 感觉敏锐部位",A1,,,,
leadership,leadership,/'li:dәʃip/,n.,"n. 领导能力, 领导阶层",B2,,,,
earn,earn,/ә:n/,vt.,"vt. 赚得, 获得, 博得",A2,,,,
pound,pound,/paund/,vt./vi./n.,"n. 磅, 英镑, 重击, 鱼塘, 拘留所, 兽栏；vt. 强烈打击, 捣烂, 监禁, 关入栏内；vi. 连续重击, 苦干",A1,,,,
basis,basis,/'beisis/,n.,"n. 基础, 主要成分",B1,,,,
bright,bright,/brait/,adv.,"a. 明亮的, 聪明的, 鲜明的, 欢快的；adv. 明亮地, 欢快地",A2,,,,
operate,operate,/'ɒpәreit/,v.,"v. 操作, 运转, 动手术, 活动",B2,,,,
guest,guest,/gest/,n.,"n. 客人, 来宾, 旅客",A2,,,,
sample,sample,/'sæmpl/,vt./n.,"n. 样品, 范例, 样本；vt. 抽样, 尝试",B1,,,,
contribute,contribute,/kәn'tribju:t/,vt./vi.,"vt. 有助于, 捐助, 投稿；vi. 出力, 捐献, 投稿",B2,,,,
tiny,tiny,/'taini/,,"a. 很少的, 微小的",B1,,,,
block,block,/blɒk/,vt./n.,"n. 街区, 木块, 石块, 块；vt. 阻塞, 封锁, 使成块状",A2,,,,
protection,protection,/prә'tekʃәn/,n.,"n. 保护, 防卫, 贸易保护制度",B2,,,,
settle,settle,/'setl/,vt./vi./n.,"n. 有背长椅；vt. 决定, 整理, 安放, 使定居, 使平静, 支付, 安排, 解决, 结算；vi. 停留, 下陷, 沉淀, 澄清, 安下心来, 结清, 定居, 安家",B2,,,,
feed,feed,/fi:d/,vt./vi./n.,"n. 饲料, 一餐, 饲养；vt. 喂, 饲养, 放牧, 靠...为生；vi. 吃东西, 用餐, 流入",A2,,,,
collect,collect,/kә'lekt/,v./adv.,"v. 收集, 聚集, 集中, 搜集；a. 由收到者付款的；adv. 由收到者付款地",A2,,,,
additional,additional,/ә'diʃәnәl/,,"a. 附加的, 另外的, 额外的",B2,,,,
highly,highly,/'haili/,adv.,"adv. 非常, 非常赞许地",B1,,,,
identity,identity,/ai'dentiti/,n.,"n. 身份, 相同, 一致, 特性, 恒等式",B1,,,,
title,title,/'taitl/,vt./n.,"n. 头衔, 名称, 标题, 书名, 扉页, 权利, 资格, 冠军, 字幕；vt. 授予头衔, 加标题于",A1,,,,
mostly,mostly,/'mәustli/,adv.,"adv. 大概, 大部分, 主要",A2,,,,
lesson,lesson,/'lesn/,n.,"n. 课, 课业, 教训",A1,,,,
faith,faith,/feiθ/,n.,"n. 信心, 信任, 忠实, 保证",B2,,,,
river,river,/'rivә/,n.,"n. 河, 江",A1,,,,
photo,photo,/'fәutәu/,v./n.,"n. 相片, 照片, 逼真的描绘；v. 照相；a. 照相的, 摄影用的, 详细记录的, 逼真的, 酷似的",A1,,,,
promote,promote,/prәu'mәut/,vt.,"vt. 促进, 晋升, 创办, 推销",B1,,,,
living,live,/'liviŋ/,n.,"n. 生活, 生计, 生存；a. 活的, 逼真的, 现存的",B1,,,,
count,count,/kaunt/,vt./vi./n.,"vt. 计算, 视为；vi. 计数；n. 计算, 合计, 计数, 伯爵",A2,,,,
unless,unless,/.ʌn'les/,prep./conj.,conj. 除非；prep. 除...之外,B1,,,,
marry,marry,/'mæri/,vt./vi.,"vt. 与...结婚, 娶, 嫁；vi. 结婚",A2,,,,
tomorrow,tomorrow,/tә'mɒ:rәu/,n./adv.,"n. 明天, 未来；adv. 明天, 未来地",A1,,,,
technique,technique,/tek'ni:k/,n.,"n. 技巧, 技术, 方法",B1,,,,
path,path,/pɑ:θ/,n.,"n. 路径, 小路, 道路, 途径, 路线, 轨道",B1,,,,
ear,ear,/iә/,vi./n.,"n. 耳朵, 倾听, 听觉, 穗；vi. 抽穗",A1,,,,
shop,shop,/ʃɒp/,vt./vi./n.,"n. 商店, 工厂, 车间；vi. 购物, 到处寻找；vt. 选购",A1,,,,
folk,folk,/fәuk/,n.,"n. 人们, 家人, 亲属, 民族；a. 民间的",B1,,,,
principle,principle,/'prinsipl/,n.,"n. 原则, 原理, 主义",B2,,,,
survive,survive,/sә'vaiv/,vt./vi.,"vt. 比...活得长, 生存, 生还, 幸免于；vi. 活下来, 幸存",B1,,,,
lift,lift,/lift/,vt./vi./n.,"n. 举起, 帮助, 昂扬, 电梯；vt. 升高, 提高, 鼓舞, 清偿, 空运, 举起, 剽窃；vi. 升起, 消散, 耸立",A2,,,,
border,border,/'bɒ:dә/,vt./vi./n.,"n. 边缘, 边境, 边界, 花坛；vt. 在...上镶边, 接近；vi. 接界, 近似",B1,,,,
competition,competition,/.kɒmpi'tiʃәn/,n.,"n. 竞争, 竞赛",A2,,,,
jump,jump,/dʒʌmp/,vt./vi./n.,"n. 跳跃, 跳动, 暴涨, 惊跳；vt. 跳跃, 跃过, 突升, 使跳跃；vi. 跳跃, 跳, 跳动, 暴涨",A2,,,,
gather,gather,/'gæðә/,vt./vi./n.,"n. 集合, 聚集；vi. 聚集, 集合, 渐增；vt. 使聚集, 搜集, 积聚",B1,,,,
limit,limit,/'limit/,vt./n.,"n. 界限, 边界, 限度, 极限, 限制；vt. 限制, 限定",B1,,,,
fit,fit,/fit/,vt./vi./n.,"n. 适宜, 合身, 发作, 痉挛；a. 适宜的, 对的, 准备好的；vt. 适合, 安装, 使合身, 使适应, 使合格；vi. 适合, 符合, 合身",A2,,,,
cry,cry,/krai/,vt./vi./n.,"n. 叫声, 哭声, 大叫；vi. 哭, 叫, 喊；vt. 叫喊, 大声说, 哭出",A2,,,,
equipment,equipment,/i'kwipmәnt/,n.,"n. 装备, 设备, 才能",A2,,,,
worth,worth,/wә:θ/,n.,"n. 价值, 财产；a. 值...的, 值得的",B1,,,,
associate,associate,/ә'sәuʃieit/,vt./vi./n.,"n. 同伴, 伙伴, 关联的事物；vt. 使联合, 使发生联系；vi. 交往",B2,,,,
critic,critic,/'kritik/,n.,"n. 批评家, 鉴定家",B2,,,,
warm,warm,/wɒ:m/,vt./vi./n.,"a. 暖和的, 暖的, 温暖的, 热烈的, 兴奋的, 激烈的, 多情的, 色情的；vt. 使温暖, 弄热, 使兴奋, 使充满仇恨；vi. 变暖和, 变温暖, 取暖, 激动, 同情, 爱好；n. 暖, 保暖物",A1,,,,
aspect,aspect,/'æspekt/,n.,"n. 外观, 方面, 面貌, 方向",B2,,,,
insist,insist,/in'sist/,v.,"v. 坚持, 坚决主张, 强调",B2,,,,
failure,failure,/'feiljә/,n.,"n. 失败, 失败者, 不足, 缺乏, 破产",B2,,,,
annual,annual,/'ænjuәl/,n.,"n. 年刊, 年报；a. 每年的, 一年一次的, 全年的, 一年生的",B2,,,,
french,french,/frentʃ/,n.,"n. 法国人, 法文, 法式；a. 法国的, 法国人的, 法语的",Beyond C1,,,,
comment,comment,/'kɒment/,vi./n.,"n. 注解, 批评, 评论, 备注；vi. 评论, 注解",A2,,,,
affair,affair,/ә'fєә/,n.,"n. 事件, 事务, 恋爱事件",B2,,,,
responsible,responsible,/ri'spɒnsәbl/,,"a. 有责任的, 负责的, 责任重大的",B1,,,,
procedure,procedure,/prә'si:dʒә/,n.,"n. 程序, 过程, 手续",B2,,,,
regular,regular,/'regjulә/,n./adv.,"a. 规则的, 常例的, 有秩序的, 整齐的, 等边的, 定期的, 经常的, 合格的, 常备军的；n. 正规军, 正式队员；adv. 经常地；n. 正常体",A2,,,,
spread,spread,/spred/,vt./vi./n.,"n. 传播, 散布, 伸展；a. 双唇展开的, 伸展的；vt. 展开, 铺开, 传播, 推广, 伸出, 涂, 敷, 延伸；vi. 展开, 扩大, 传开, 延伸",B1,,,,
chairman,chairman,/'tʃєәmәn/,n.,"n. 主席, 会长",B2,,,,
baseball,baseball,/'beisbɒ:l/,n.,n. 棒球,A1,,,,
soft,soft,/sɒft/,n./adv.,"a. 软的, 温和的, 柔和的, 柔滑的, 温柔的, 软弱的, 坡度小的, 笨的, 纸币的；n. 柔软的东西, 笨人, 纸币；adv. 柔软地, 温和地",A2,,,,
ignore,ignore,/ig'nɒ:/,vt.,"vt. 不理睬, 忽视, 驳回, 忽略",B1,,,,
egg,egg,/eg/,vt./n.,"n. 蛋, 卵；vt. 挑唆, 煽动, 调蛋黄",A1,,,,
belief,belief,/bi'li:f/,n.,"n. 信念, 相信, 信仰",B1,,,,
demonstrate,demonstrate,/'demәnstreit/,vt./vi.,"vt. 示范, 证明；vi. 示威",B2,,,,
anybody,anybody,/'enibɒdi/,n./pron.,pron. 任何人；n. 重要人物,A2,,,,
murder,murder,/'mә:dә/,vt./vi./n.,"n. 谋杀；vt. 谋杀, 损毁, 破坏；vi. 犯杀人罪",B1,,,,
gift,gift,/gift/,vt./n.,"n. 礼物, 赠予, 天才；vt. 赋予",A2,,,,
religion,religion,/ri'lidʒәn/,n.,"n. 宗教, 信仰",B1,,,,
review,review,/ri'vju:/,vt./vi./n.,"n. 检讨, 复习, 回顾, 检阅, 评论；vt. 温习, 检讨, 评论, 再检察, 复审；vi. 复习功课, 写评论",A2,,,,
editor,editor,/'editә/,n.,"n. 编者, 编辑, 主笔, 编辑器, 编辑装置",B1,,,,
engage,engage,/in'geidʒ/,vt./vi.,"vi. 答应, 从事, 交战；vt. 使忙碌, 雇佣, 预定, 使从事于, 使参加",B2,,,,
coffee,coffee,/'kɒfi/,n.,"n. 咖啡, 咖啡色",A1,,,,
document,document,/'dɒkjumәnt/,vt./n.,"n. 文件, 公文, 文档；vt. 证明, 为...引证",A2,,,,
speed,speed,/spi:d/,vt./vi./n.,"n. 速率, 速度, 迅速；vi. 加速, 超速, 快进；vt. 快速传送, 促进, 使加速",A2,,,,
cross,cross,/krɒs/,v./n.,"n. 十字架, 十字架形物件, 交叉, 十字标, 交叉路, 磨难, 杂交；a. 生气的, 交叉的, 相反的；v. 交叉, 横过, 越过",A2,,,,
influence,influence,/'influәns/,vt./n.,"n. 影响力, 权力, 势力；vt. 影响, 改变",B1,,,,
anyway,anyway,/'eniwei/,adv.,"adv. 无论如何, 至少",A2,,,,
commit,commit,/kә'mit/,vt.,"vt. 委托(托付), 犯罪, 指派...作战, 使承担义务",B1,,,,
threaten,threaten,/'θretn/,vt./vi.,"vt. 恐吓, 威胁, 预示...的凶兆；vi. 威胁, 恫吓, 可能来临",B2,,,,
female,female,/'fi:meil/,n.,"n. 女性, 女人, 雌性动物；a. 女性的, 女子的",A2,,,,
youth,youth,/ju:θ/,n.,"n. 年轻, 青年时代, 青年们, 青春",B1,,,,
wave,wave,/weiv/,vt./vi./n.,"n. 波, 波浪, 波动, 起伏, 高潮, 潮涌, 挥手致意, (气压)突变；vi. 波动, 飘动, 挥手示意, 起伏；vt. 使波动, 使飘扬, 挥舞, 使成波浪形",A2,,,,
afraid,afraid,/ә'freid/,,"a. 害怕的, 恐怕的, 遗憾的",A1,,,,
quarter,quarter,/'kwɒ:tә/,vt./vi./n.,"n. 四分之一, 一刻钟, 季度, 地区；vt. 四等分, 肢解；vi. 驻扎, 住宿",A1,,,,
background,background,/'bækgraund/,n.,"n. 背景, 背景资料",A2,,,,
native,native,/'neitiv/,n.,"n. 本地人, 土产, 当地人；a. 本国的, 与生俱来的, 自然的",B1,,,,
broad,broad,/brɒ:d/,n./adv.,"a. 宽广的, 辽阔的, 广大的, 显著的；adv. 宽阔地；n. 宽阔部分",B2,,,,
wonderful,wonderful,/'wʌndәful/,,"a. 令人惊奇的, 奇妙的, 极好的",A1,,,,
deny,deny,/di'nai/,v.,"v. 否认, 拒绝",B2,,,,
apparently,apparently,/ә'pærәntli/,adv.,"adv. 表面上, 清楚地, 显然地",B2,,,,
slightly,slightly,/'slaitli/,adv.,"adv. 些微地, 苗条地",B1,,,,
reaction,reaction,/ri'ækʃәn/,n.,"n. 反应, 反作用, 反动",B1,,,,
twice,twice,/twais/,adv.,"adv. 两次, 两倍",A1,,,,
suit,suit,/sju:t. su:t/,vt./vi./n.,"n. 套装, 诉讼, 请求, 起诉, 套, 组；vt. 适合, 使适应；vi. 合适, 相称",A2,,,,
perspective,perspective,/pә'spektiv/,n.,"n. 远景, 透视感, (观察问题的)视角, 透视法, 看法, 透视图；a. 透视的, 透视法的",B2,,,,
growing,grow,/'grәuiŋ/,,a. 成长的,A1,,,,
blow,blow,/blәu/,v./n.,"n. 吹, 打击, 殴打, 花开；v. 吹, 风吹, 吹响, 开花",A2,,,,
construction,construction,/kәn'strʌkʃәn/,n.,"n. 建筑, 构造, 建筑物",B2,,,,
intelligence,intelligence,/in'telidʒәns/,n.,"n. 智力, 情报, 信息",B1,,,,
destroy,destroy,/di'strɒi/,vt.,"vt. 破坏, 毁坏, 消灭",A2,,,,
cook,cook,/kuk/,vt./vi./n.,"n. 厨子, 厨师；vt. 烹调, 煮饭, 加热；vi. 在煮着",A1,,,,
connection,connection,/kә'nekʃәn/,n.,"n. 连接, 关系, 前后关系",B1,,,,
burn,burn,/bә:n/,vt./vi./n.,"vt. 烧, 烧毁, 烧伤；vi. 燃烧, 发热, 烧毁；n. 烧伤, 烙印",A2,,,,
shoe,shoe,/ʃu:/,vt./n.,"n. 鞋, 靴, 外胎；vt. 给...穿鞋, 为马钉蹄铁",A1,,,,
neighbor,neighbor,/'neibә/,vt./vi./n.,"n. 邻居；vt. 邻接；vi. 毗邻而居, 友好；a. 邻近的",A1,,,,
grade,grade,/greid/,vt./vi./n.,"n. 等级, 年级, 阶段, 成绩, 程度, 坡度, 斜坡；vt. 分等, 分级, 评分；vi. 属于某等级, 逐渐变化",B1,,,,
context,context,/'kɒntekst/,n.,"n. 上下文, 背景, 来龙去脉；n. 上下文",A2,,,,
committee,committee,/kә'miti/,n.,n. 委员会,B2,,,,
hey,hey,/hei/,,interj. 嗨,A1,,,,
mistake,mistake,/mis'teik/,vt./vi./n.,"n. 错误, 误会；vi. 犯错, 误认；vt. 误解, 弄错",A1,,,,
location,location,/lәu'keiʃәn/,n.,"n. 位置, 场所, 特定区域",B1,,,,
clothes,clothes,/klәuðz/,n.,n. 衣服,A1,,,,
quiet,quiet,/'kwaiәt/,vt./vi./n.,"n. 安静, 闲适, 平静；a. 安静的, 静止的, 寂静的, 朴素的, 从容的, 暗中的；vi. 平静下来；vt. 使平静, 使平息, 使安心, 安慰",A1,,,,
indian,indian,/'indiәn/,n.,"n. 印度人, 印第安人, 印第安语；a. 印度的, 印度群岛的, 印第安语的",Beyond C1,,,,
dress,dress,/dres/,vt./vi./n.,"n. 服装, 覆盖物；vi. 穿着；vt. 给...穿衣, 整理",A1,,,,
promise,promise,/'prɒmis/,vt./vi./n.,"n. 诺言, 约定的事情, 有指望；vt. 允诺, 约定, 预示；vi. 允诺, 有前途, 有指望",A2,,,,
aware,aware,/ә'wєә/,,"a. 知道的, 有觉悟的",B1,,,,
function,function,/'fʌŋkʃәn/,vi./n.,"n. 官能, 职务, 功能, 函数；vi. 活动, 运行, 行使职责",B1,,,,
bone,bone,/bәun/,vt./vi./n.,"n. 骨头, 骨, 骨制品；vt. 剔骨；vi. 专心致志",A2,,,,
active,active,/'æktiv/,n.,"a. 活跃的, 起作用的, 积极的, 有效的, 主动的, 活性的, 现行的, 现役的；n. 主动语态, 积极分子",A2,,,,
extend,extend,/ik'stend/,v.,"v. 扩充, 延伸, 伸展, 扩大",B2,,,,
chief,chief,/tʃi:f/,n.,"n. 领袖, 酋长, 长官, 主要部分；a. 主要的, 首位的",B2,,,,
combine,combine,/kәm'bain/,v./n.,"v. (使)联合, (使)结合；n. (企业的)联合, 联合收割机",B1,,,,
wine,wine,/wain/,v./n.,"n. 葡萄酒, 果酒, 暗红色；v. (请)喝酒",A1,,,,
below,below,/bi'lәu/,adv./prep.,prep. 在下面；adv. 在下面,A1,,,,
cool,cool,/ku:l/,vt./vi./n.,"n. 凉爽, 凉爽的空气；a. 凉爽的, 冷淡的, 冷静的；vi. 冷却, 平息；vt. 使冷却, 使平静",A1,,,,
voter,voter,/'vәutә/,n.,"n. 选民, 投票人",Beyond C1,,,,
bus,bus,/bʌs/,n.,n. 公共汽车,A1,,,,
learning,learn,/'lә:niŋ/,n.,"n. 学问, 学识, 学习",A2,,,,
hell,hell,/hel/,vi./n.,"n. 地狱, 邪恶势力, 苦境, 阴间, 毁坏, 训斥；vi. 狂饮, 飞驰",B2,,,,
dangerous,dangerous,/'deindʒәrәs/,,a. 危险的,A1,,,,
remind,remind,/ri'maind/,vt.,"vt. 提醒, 使想起",B1,,,,
moral,moral,/'mɒrәl/,n.,"n. 道德, 品行, 寓意；a. 道德的, 品性端正的, 精神上的",B2,,,,
united,united,/ju:'naitid/,,"a. 联合的, 团结的, 一致的, 和睦的",A2,,,,
category,category,/'kætigәri/,n.,"n. 种类, 类项",B1,,,,
relatively,relatively,/'relәtivli/,adv.,"adv. 相对地, 比较地, 相当地, 相关地",B2,,,,
victory,victory,/'viktәri/,n.,"n. 胜利, 战胜, 克服",B2,,,,
academic,academic,/.ækә'demik/,n.,"a. 学院的, 学术的, 不切实际的；n. 大学生, 大学教师, 学者, 学会会员",B1,,,,
internet,internet,/'intәnet/,,"[计] 因特网, 国际互连网, 网际网络, 互连网络, 广域网",A1,,,,
healthy,healthy,/'helθi/,,"a. 健康的, 有益健康的, 卫生的",A1,,,,
negative,negative,/'negәtiv/,n.,"n. 否定, 否定语, 负数, 底片；a. 否定的, 消极的, 负的, 阴性的；n. 负数, 负值",A1,,,,
following,follow,/'fɒlәuiŋ/,n.,"n. 下列各项, 部下, 追随者；a. 下列的, 其次的",A2,,,,
historical,historical,/hi'stɒrikәl/,,"a. 历史的, 史实的, 历史上的",B1,,,,
medicine,medicine,/'medisin/,vt./n.,"n. 药, 医学, 内科；vt. 给...用药",A2,,,,
tour,tour,/tuә/,vt./vi./n.,"n. 旅游, 观光旅行, 任期；vi. 旅行, 周游, 巡回；vt. 周游, 观光, 游历, 使巡回演出",A2,,,,
depend,depend,/di'pend/,vi.,"vi. 靠, 视...而定, 信赖",A2,,,,
finding,find,/'faindiŋ/,n.,"n. 发现, 发现物, 决定, 裁决",B2,,,,
grab,grab,/græb/,vt./vi./n.,"n. 抓握, 掠夺, 强占, 东方沿岸帆船；vi. 抓取, 抢去；vt. 攫取, 捕获, 霸占",B2,,,,
direct,direct,/di'rekt/,vt./vi./adv.,"a. 直接的, 坦白的；vt. 指示, 指挥, 命令, 导演；vi. 指导, 指挥；adv. 直接地",A2,,,,
classroom,classroom,/'klɑ:sru:m/,n.,n. 教室,A1,,,,
contact,contact,/'kɒntækt/,vt./vi./n.,"n. 联系, 交际, 熟人, 接触；vi. 接触, 联系；vt. 使接触",B1,,,,
justice,justice,/'dʒʌstis/,n.,"n. 正义, 公平, 公正, 正确, 司法, 审判",B2,,,,
photograph,photograph,/'fәutәgrɑ:f/,v./n.,"n. 相片, 照片, 逼真的描绘；v. 照相, 摄影",A1,,,,
participate,participate,/pɑ:'tisipeit/,vt./vi.,"vi. 参加, 分享, 参与, 带有；vt. 分享, 分担",B1,,,,
daily,daily,/'deili/,n./adv.,"a. 每日的, 日常的；adv. 每日地, 日常地；n. 日报",A2,,,,
fair,fair,/fєә/,vi./n./adv.,"n. 展览会, 市集, 美好的事物；a. 公平的, 按规则进行的, 不好不坏的, 晴朗的, 美丽的；adv. 公平地, 正面地, 有教养地, 清楚地；vi. 转晴",A2,,,,
pair,pair,/pєә/,v./n.,"n. 一双, 一对, 一副；v. (使)成对",A1,,,,
famous,famous,/'feimәs/,,"a. 出名的, 极好的",A1,,,,
exercise,exercise,/'eksәsaiz/,vt./vi./n.,"n. 行使, 执行, 运动, 练习, 作业；vt. 运用, 练习, 运动；vi. 练习, 锻炼",A1,,,,
knee,knee,/ni:/,vt./n.,"n. 膝, 膝盖；vt. 膝行, 用膝盖碰",A2,,,,
flower,flower,/'flauә/,vt./vi./n.,"n. 花, 开花植物, 精华, 盛时；vi. 开花, 发育, 旺盛, 成熟；vt. 用花装饰, 使开花",A1,,,,
tape,tape,/teip/,vt./n.,"n. 带子, 录音带, 磁带, 窄带, 卷尺；vt. 以带子绑起, 测量, 录音",B1,,,,
hire,hire,/haiә/,vt./vi./n.,"n. 租金, 租用, 雇用；vt. 雇请, 出租；vi. 受雇",B1,,,,
familiar,familiar,/fә'miljә/,n.,"a. 熟悉的, 常见的, 亲密的；n. 熟友, 常客",B1,,,,
appropriate,appropriate,/ә'prәupriәt/,,a. 适当的,B2,,,,
supply,supply,/sә'plai/,vt./vi./n.,"n. 补给, 供给, 供应品；vt. 补给, 供给, 提供, 补充；vi. 替代",B1,,,,
fully,fully,/'fuli/,adv.,"adv. 十分地, 完全地, 充分地",B2,,,,
actor,actor,/'æktә/,n.,"n. 男演员, 行动者",A1,,,,
birth,birth,/bә:θ/,n.,"n. 出生, 起源",A2,,,,
search,search,/sә:tʃ/,v./n.,"n. 搜寻, 查究；v. 搜寻, 搜查, 探求, 调查, 搜索",A2,,,,
tie,tie,/tai/,vt./vi./n.,"n. 带子, 线, 鞋带, 领带, 领结, 关系, 束缚, 平局, 不分胜负；vt. 系, 打结, 扎, 约束, 与...成平局；vi. 结合, 打结, 不分胜负",A2,,,,
democracy,democracy,/di'mɒkrәsi/,n.,"n. 民主政治, 民主主义",B2,,,,
eastern,eastern,/'i:stәn/,n.,"n. 东方人, 东正教徒；a. 东方的, 向东的, 自东的",B1,,,,
primary,primary,/'praimәri/,n.,"n. 最主要者, 原色；a. 主要的, 初期的, 根本的, 原始的, 首要的, 基本的",B1,,,,
yesterday,yesterday,/'jestәdi/,n./adv.,n. 昨天；adv. 昨天,A1,,,,
circle,circle,/'sә:kl/,vt./vi./n.,"n. 圆周, 社交圈, 循环, 范围；vt. 围着, 环绕；vi. 盘旋, 循环",A2,,,,
device,device,/di'vais/,n.,"n. 装置, 设计, 策略, 发明物, 设备",A2,,,,
progress,progress,/'prәugres/,vi./n.,"n. 进步, 发展, 前进；vi. 进步, 进行",A2,,,,
bottom,bottom,/'bɒtәm/,vt./vi./n.,"n. 底部；a. 底部的；vt. 给...装底, 查明真相；vi. 到达底部, 建立基础",A2,,,,
island,island,/'ailәnd/,vt./n.,"n. 岛, 岛屿, 孤立地区, 安全岛；vt. 使成岛状, 孤立",A1,,,,
exchange,exchange,/iks'tʃeindʒ/,v./n.,"n. 交换, (电话)交换局, 交换机, 汇兑, 交易所；v. 交换, 交易, 兑换",B1,,,,
clean,clean,/kli:n/,vt./vi./n./adv.,"a. 干净的, 清白的, 简洁的；adv. 清洁地, 完全地；vt. 清理, 使干净, 出空；vi. 被搞干净；n. 打扫",A1,,,,
studio,studio,/'stju:diәu/,n.,"n. 工作室, 画室, 演播室, 电影制片厂",B1,,,,
county,county,/'kaunti/,n.,"n. 县, 郡",B2,,,,
train,train,/trein/,vt./vi./n.,"n. 火车, 列车, 行列, 长队, 一连串的后果, 顺序；vt. 训练, 教育, 对准；vi. 受训练, 锻炼",A1,,,,
lady,lady,/'leidi/,n.,"n. 淑女, 夫人, 女士, 贵妇",A2,,,,
colleague,colleague,/'kɒli:g/,n.,"n. 同事, 同僚",A2,,,,
application,application,/.æpli'keiʃәn/,n.,"n. 应用, 申请, 志愿书, 应用程序",B1,,,,
lean,lean,/li:n/,vt./vi./n.,"n. 瘦肉, 倾斜, 倾斜度；a. 瘦的, 贫乏的, 歉收的；vi. 倚靠, 倾斜, 依赖；vt. 使倾斜",B2,,,,
neck,neck,/nek/,vt./vi./n.,"n. 脖子, 衣领, 颈；vi. 拥抱, 拥吻, 收缩；vt. 割颈",A2,,,,
damage,damage,/'dæmidʒ/,v./n.,"n. 损害, 伤害；v. 损害",B1,,,,
plastic,plastic,/'plæstik/,n.,"n. 塑料, 可塑体, 可塑性物质；a. 塑料的, 塑造的, 有可塑性的, 造型的, 易受影响的, 有创造力的",A2,,,,
tall,tall,/tɒ:l/,adv.,"a. 高的, 长的, 夸大的；adv. 夸大地",A1,,,,
plate,plate,/pleit/,vt./n.,"n. 碟, 盘子, 盆中物, 金属板, 图版, 金银餐具, 印版, 金属牌(照)；vt. 镀金, 电镀, 用金属板固定, 给...装钢板, 为...制印版",A2,,,,
hate,hate,/heit/,vt./vi./n.,"n. 憎恨, 恨, 厌恶；vt. 憎恨, 憎恶；vi. 仇恨",A1,,,,
otherwise,otherwise,/'ʌðәwaiz/,adv.,"adv. 否则, 不同地, 别的方式",B2,,,,
writing,write,/'raitiŋ/,n.,"n. 书写, 著作, 笔迹, 作品",A1,,,,
male,male,/meil/,n.,"n. 男人, 雄性动物；a. 男性的, 雄性的, 有力的",A2,,,,
alive,alive,/ә'laiv/,,"a. 活着的, 活泼的, 敏感的, 热闹的",A2,,,,
expression,expression,/ik'spreʃәn/,n.,"n. 表达, 表现, 词语, 措辞",A2,,,,
football,football,/'futbɒ:l/,n.,"n. 足球, 橄榄球",A1,,,,
theater,theater,/'θiәtә/,n.,"n. 戏院, 电影院, 剧场, 全体观众, 戏剧, 戏剧效果, 阶梯式讲堂, 场所",A1,,,,
intend,intend,/in'tend/,vt.,"vt. 计划, 打算, 意思是",B1,,,,
chicken,chicken,/'tʃikin/,n.,"n. 小鸡, 鸡肉",A1,,,,
army,army,/'ɑ:mi/,n.,"n. 军队, 陆军",A2,,,,
abuse,abuse,/ә'bju:s.ә'bju:z/,vt./n.,"n. 滥用, 虐待, 恶习, 辱骂；vt. 滥用, 辱骂, 虐待",C1,,,,
shut,shut,/ʃʌʃ/,vt./vi./n.,"n. 关闭；vt. 关上, 闭起, 幽禁, 合拢, 轧住；vi. 关上, 停止营业",A2,,,,
map,map,/mæp/,vt./n.,"n. 地图, 天体图, 映像；vt. 映射, 绘制...地图, 计划",A1,,,,
extra,extra,/'ekstrә/,n./adv.,"n. 额外的事物, 另外的收费；a. 额外的, 特别的；adv. 额外地, 特别地, 非常地",A1,,,,
session,session,/'seʃәn/,n.,"n. 期间, 开庭期, 会议, 学期",B2,,,,
welcome,welcome,/'welkәm/,vt./n.,"n. 欢迎, 欢迎词；a. 受欢迎的, 可随意的, 可喜的；vt. 欢迎, 接待；interj. 欢迎",A1,,,,
danger,danger,/'deindʒә/,n.,"n. 危险, 威胁",A2,,,,
domestic,domestic,/dәu'mestik/,,"a. 家庭的, 国内的, 驯养的",B2,,,,
earth,earth,/ә:θ/,vt./vi./n.,"n. 地球, 泥土, 世界, 尘世；vt. 埋入土中, 赶入洞内；vi. 躲入洞内",A2,,,,
lots,lot,/lɔts/,n.,"n. 大量, 许多；一堆；命运（lot的复数）",A1,,,,
literature,literature,/'litәrәtʃә/,n.,"n. 文学, 文艺, 著作",B1,,,,
rain,rain,/rein/,vt./vi./n.,"n. 雨, 下雨, 雨天；vi. 下雨；vt. 使大量落下",A1,,,,
desire,desire,/di'zaiә/,vt./vi./n.,"n. 欲望, 要求；vt. 想要, 请求；vi. 渴望",B2,,,,
assessment,assessment,/ә'sesmәnt/,n.,"n. 评估, 估定, 评定的款额",B2,,,,
injury,injury,/'indʒәri/,n.,"n. 伤害, 侮辱",A2,,,,
respect,respect,/ri'spekt/,vt./n.,"n. 尊敬, 尊重, 问候；vt. 尊敬, 注意, 遵守",B1,,,,
paint,paint,/peint/,vt./vi./n.,"n. 油漆, 颜料, 绘画作品, 涂漆；vt. 油漆, 绘, 画, 描绘, 装饰, 点缀；vi. 绘画, 涂漆",A1,,,,
northern,northern,/'nɒ:ðәn/,n.,"n. 北方人；a. 北方的, 向北的, 自北方来的",B1,,,,
nod,nod,/nɒd/,vt./vi./n.,"n. 点头, 打盹, 晃动；vi. 点头, 打盹；vt. 点头表示, 点(头)",C1,,,,
fuel,fuel,/'fjuәl/,vt./vi./n.,"n. 燃料, 木炭；vt. 加燃料, 供燃料；vi. 得到燃料",B1,,,,
leaf,leaf,/li:f/,vt./vi./n.,"n. 叶, 树叶, 花瓣, 页；vi. 生叶, 翻书页；vt. 在...上长叶, 翻...的页",B1,,,,
dry,dry,/drai/,vt./vi./n.,"a. 干的, 无酒的, 枯燥无味的, 干燥的；vt. 把...弄干；vi. 变干；n. 干, 干涸",A2,,,,
russian,russian,/'rʌʃәn/,n.,"n. 俄国人, 俄语；a. 俄国的, 俄语的",Beyond C1,,,,
instruction,instruction,/in'strʌkʃәn/,n.,"n. 指令, 教导, 命令",A2,,,,
pool,pool,/pu:l/,vt./vi./n.,"n. 池, 水塘, 石油层, 联营；vt. 合伙经营, 共享, 采掘, 汇聚成；vi. 汇合成塘, 淤积, 联营",A1,,,,
climb,climb,/klaim/,v./n.,"v. 攀登, 上升, 爬；n. 攀登, 爬升",A1,,,,
sweet,sweet,/swi:t/,n.,"n. 甜蜜, 糖果, 情人；a. 甜的, 芳香的, 悦耳的, 漂亮的, 和蔼的, 不咸的, 灵活的, 轻快的",A2,,,,
engine,engine,/'endʒin/,vt./n.,"n. 引擎, 发动机, 机车；vt. 安装发动机于",A2,,,,
fourth,fourth,/fɒ:θ/,num.,"num. 第四, 四分之一",A1,,,,
salt,salt,/sɒ:lt/,vt./n.,"n. 盐, 风趣, 刺激；a. 含盐的, 咸的, 风趣的, 辛辣的；vt. 加盐于, 用盐腌",A1,,,,
expand,expand,/ik'spænd/,vt./vi.,"vt. 使膨胀, 详述, 扩张；vi. 张开, 发展；vt. 展开；vi. 展开",B1,,,,
importance,importance,/im'pɒ:tәns/,n.,"n. 重要, 重要性, 重要地位, 自大",B1,,,,
metal,metal,/'metәl/,vt./n.,"n. 金属, 金属制品, 合金, 本质, 质料；a. 金属制的；vt. 以金属覆盖",A2,,,,
fat,fat,/fæt/,n.,"n. 脂肪, 脂油, 肥肉；a. 肥的, 胖的, 油腻的；n. 文件分配表",A1,,,,
ticket,ticket,/'tikit/,vt./n.,"n. 票, 券, 车票, 标签, 入场券, 证明书；vt. 加标签于, 为...购票",A1,,,,
software,software,/'sɒftwєә/,n.,n. 软件,B1,,,,
disappear,disappear,/.disә'piә/,vi.,"vi. 消失, 不见",A2,,,,
corporate,corporate,/'kɒ:pәrit/,,"a. 社团的, 合伙的, 公司的",B2,,,,
strange,strange,/streindʒ/,,"a. 奇怪的, 陌生的, 生疏的, 不熟悉的, 不可思议的, 外行的, 外地的, 异乡的",A2,,,,
reading,read,/'ri:diŋ/,n.,"n. 阅读, 知识, 读物；a. 阅读的",A1,,,,
lip,lip,/lip/,vt./n.,"n. 唇, 口缘, 唇状构造；vt. 以嘴唇碰, 轻轻说出；a. 口头上的",B1,,,,
urban,urban,/'ә:bәn/,,"a. 都市的, 住在都市的, 习惯于都市的",B2,,,,
mental,mental,/'mentl/,n.,"a. 心智的, 精神病的, 心理的, 颏的；n. 精神病患者",B1,,,,
increasingly,increasingly,/in'kri:siŋli/,adv.,"adv. 逐渐地, 渐增地",B2,,,,
lunch,lunch,/lʌntʃ/,n.,n. 午餐,A1,,,,
educational,educational,/.edju'keiʃәnl/,,"a. 教育的, 教育性的",B1,,,,
somewhere,somewhere,/'sʌmhwєә/,adv.,"adv. 到某处, 在某处",A2,,,,
farmer,farmer,/'fɑ:mә/,n.,"n. 农夫, 农场主",A1,,,,
sugar,sugar,/'ʃugә/,vt./vi./n.,"n. 糖, 糖块, 甜言蜜语；vt. 加糖于, 使甜蜜, 粉饰, 美化；vi. 制成糖",A1,,,,
planet,planet,/'plænit/,n.,"n. 行星, 命运星辰, 杰出的人, 重大影响的事",A2,,,,
favorite,favorite,/'feivәrit/,n.,"n. 喜欢的事物, 幸运儿；a. 特别受喜爱的, 喜爱的, 宠爱的, 中意的",A1,,,,
explore,explore,/ik'splɒ:/,v.,"v. 探险, 探测, 探究",B1,,,,
obtain,obtain,/әb'tein/,vt./vi.,"vt. 获得, 达到；vi. 流行, 得到公认",B2,,,,
enemy,enemy,/'enimi/,n.,"n. 敌人, 仇敌, 敌军；a. 敌人的",B1,,,,
greatest,great,/'^reitist/,,[计] 最大的,A1,,,,
complex,complex,/kәm'pleks/,n.,"n. 综合体, 情结, 络合物；a. 复杂的, 组合的",B1,,,,
surround,surround,/sә'raund/,vt./n.,"vt. 包围, 环绕, 围绕；n. 围绕物",B2,,,,
athlete,athlete,/'æθli:t/,n.,"n. 运动员, 运动选手",A2,,,,
invite,invite,/in'vait/,vt./n.,"vt. 邀请, 请求, 引起, 招致；n. 邀请",A2,,,,
repeat,repeat,/ri'pi:t/,vt./vi./n.,"n. 重复, 反复；vt. 重做, 重复, 复述, 使再现, 复制；vi. 重复",A1,,,,
carefully,carefully,/'kєәfuli/,adv.,"adv. 小心地, 谨慎地",A2,,,,
soul,soul,/sәul/,n.,"n. 灵魂, 心灵, 精神, 精髓, 人, 化身, 典型, 鬼魂；a. 黑人的",B2,,,,
scientific,scientific,/.saiәn'tifik/,,"a. 科学的, 系统的, 符合科学规律的",B1,,,,
impossible,impossible,/im'pɒsәbl/,,"a. 不可能的, 难以置信的, 令人无法忍受的",A2,,,,
panel,panel,/'pænl/,vt./n.,"n. 嵌板, 仪表板, 专题讨论小组, 全体陪审员；vt. 嵌镶板",B2,,,,
meaning,mean,/'mi:niŋ/,n.,"n. 意义, 含义, 目的, 意图；a. 意味深长的",A1,,,,
mom,mom,/mʌm/,n.,n. 妈妈,A1,,,,
married,marry,/'mærid/,,"a. 已婚的, 婚姻的",A1,,,,
instrument,instrument,/'instrumәnt/,n.,"n. 工具, 手段, 仪器",A2,,,,
predict,predict,/pri'dikt/,v.,"v. 预知, 预言, 预报",A2,,,,
weather,weather,/'weðә/,vt./vi./n.,"n. 天气, 气象, 处境；a. 迎风的；vt. 使受风吹雨打, 侵蚀, 使风化, 经受住；vi. 风化, 受侵蚀, 经受风雨",A1,,,,
presidential,presidential,/.prezi'denʃәl/,,"a. 总统制的, 总统的, 首长的, 统辖的",B2,,,,
commitment,commitment,/kә'mitmәnt/,n.,"n. 委托, 交押, 承担义务, 赞助",B2,,,,
emotional,emotional,/i'mәuʃәnәl/,,"a. 情绪的, 情感的",B2,,,,
supreme,supreme,/sju'pri:m/,n.,"n. 至高, 霸权；a. 至高的, 终极的, 极端的, 最大的",C1,,,,
bear,bear,/bєә/,vt./vi./n.,"n. 熊；vt. 忍受, 支承, 产生, 怀有, 通过卖空使跌价；vi. 忍受, 结果实, 压挤, 行进, 转向",A2,,,,
pocket,pocket,/'pɒkit/,vt./n.,"n. 口袋, 钱袋, 钱, 容器；vt. 装...在口袋里, 隐藏, 抑制, 私吞, 搁置, 击...入袋；a. 袖珍的, 小型的, 压缩的, 金钱上的",A2,,,,
thin,thin,/θin/,vt./vi./n./adv.,"a. 薄的, 细的, 瘦的, 稀疏的, 稀薄的, 淡的, 弱的, 空洞的；vt. 使变薄, 使变细, 使稀少, 使淡；vi. 变薄, 变细, 变少, 变淡；adv. 薄地, 稀疏地, 微弱地；n. 细小部分",A2,,,,
temperature,temperature,/'temprәtʃә/,n.,"n. 温度, 发烧, 热度",A2,,,,
poll,poll,/pәul/,vt./vi./n.,"n. 投票, 民意测验, 选举投票, 投票数, 一组人中的一个, 头颈和后脑部, 鹦鹉；vt. 对...进行民意测验, 获得...票, 剪树枝, 轮询；vi. 投票；a. 剪过毛的, 修过枝的",C1,,,,
surprise,surprise,/sә'praiz/,vt./n.,"n. 惊奇, 奇袭, 诧异；vt. 使惊奇, 撞见, 奇袭",A2,,,,
proposal,proposal,/prә'pәuzl/,n.,"n. 提议, 计划, 求婚",B2,,,,
consequence,consequence,/'kɒnsikwәns/,n.,"n. 结果, 重要性",B1,,,,
breath,breath,/breθ/,n.,"n. 呼吸, 气息, 瞬间",B1,,,,
sight,sight,/sait/,vt./vi./n.,"n. 景观, 视力, 眼界, 阅读, 见解, 意见；vt. 看见, 瞄准；vi. 瞄准, 观看；a. 即席的, 见票即付的",B1,,,,
balance,balance,/'bælәns/,vt./vi./n.,"n. 平衡, 差额；vi. 平衡, 相等；vt. 称, 权衡, 比较, 使平衡, 结算, 抵消",B1,,,,
adopt,adopt,/ә'dɒpt/,vt.,"vt. 采用, 正式通过, 收养, 接受",B2,,,,
minority,minority,/mai'nɒriti/,n.,"n. 少数, 未成年, 少数民族；a. 少数的, 属于少数派的",B2,,,,
straight,straight,/streit/,n./adv.,"n. 直线, 直；a. 直的, 笔直的, 正直的, 直接的, 连续的, 整齐的；adv. 直接地, 立即, 不断地",A2,,,,
connect,connect,/kә'nekt/,v.,"v. 连接, 联合, 联系",A2,,,,
works,work,,n.,"n. 工程, 工厂, 工事, 活动部件, 机件, 著作, 作品, 善行, 德行",A1,,,,
teaching,teach,/'ti:tʃiŋ/,n.,"n. 教学, 学说, 教导",A2,,,,
belong,belong,/bi'lɒŋ/,vi.,"vi. 属于, 合适",A2,,,,
aid,aid,/eid/,vt./vi./n.,"n. 帮助, 外援, 助手；vt. 援助, 帮助, 有助于；vi. 帮助",B2,,,,
advice,advice,/әd'vais/,n.,"n. 忠告, 劝告, 意见, 报道, 通知",A1,,,,
okay,okay,/әj'kei/,vt./n./adv.,"a. 好, 可以, 行, 对, 好吗, 很好；adv. 好, 可以, 行, 对, 好吗, 很好；n. 同意, 签认, 批准, 认可；vt. 同意, 签认, 批准, 认可",Beyond C1,,,,
organize,organize,/'ɒ:gәnaiz/,vt./vi.,"vt. 组织, 有机化, 给予生机；vi. 组织起来",A2,,,,
empty,empty,/'empti/,vt./vi./n.,"a. 空的, 空虚的, 空腹的, 空洞的；n. 空的东西, 空车；vt. 倒空, 使变空, 使排出；vi. 流空",A2,,,,
regional,regional,/'ri:dʒәnәl/,,"a. 地方的, 地域性的",B2,,,,
trail,trail,/treil/,vt./vi./n.,"n. 踪迹, 痕迹, 一串, 尾部, 小径, 持枪姿势；vt. 拖, 尾随, 追踪, 落后于, 开出路；vi. 拖曳, 垂下, 落后, 飘出, 蔓生",C1,,,,
novel,novel,/'nɒvl/,n.,"n. 小说, 长篇故事；a. 新奇的, 异常的",A2,,,,
code,code,/kәud/,vt./n.,"n. 代码, 密码, 法规, 法典；vt. 把...编码",A2,,,,
somehow,somehow,/'sʌmhau/,adv.,adv. 不知何故,B2,,,,
jury,jury,/'dʒuәri/,n.,"n. 陪审团, 评判委员会；a. 应急的",B2,,,,
iraqi,iraqi,/i'rɑ:ki/,n.,"n. 伊拉克人, 伊拉克阿拉伯语；a. 伊拉克的, 伊拉克人的",Beyond C1,,,,
breast,breast,/brest/,vt./n.,"n. 胸部, 乳房, 胸怀；vt. 以胸对着, 面对",B2,,,,
acknowledge,acknowledge,/әk'nɒlidʒ/,vt.,"vt. 承认, 告知收悉, 答谢, 报偿",B2,,,,
theme,theme,/θi:m/,n.,"n. 主题, 话题, 题目",B1,,,,
storm,storm,/stɒ:m/,vt./vi./n.,"n. 暴风雨, 骚动, 风波, 风暴, 猛攻；vi. 起风, 猛冲, 怒吼；vt. 猛攻",A2,,,,
union,union,/'ju:njәn/,n.,"n. 联盟, 联合, 结合, 工会",B1,,,,
desk,desk,/desk/,n.,"n. 书桌, 办公桌, 工作台",A1,,,,
thanks,thank,,n.,"n. 感谢, 谢意, 谢忱；interj. 谢谢, 谢谢你",A1,,,,
fruit,fruit,/fru:t/,n.,"n. 水果, 果类, 结果",A1,,,,
expensive,expensive,/ik'spensiv/,,"a. 贵的, 奢华的, 费用浩大的, 乱化钱的",A1,,,,
yellow,yellow,/'jelәu/,n.,n. 黄色；a. 黄色的,A1,,,,
conclusion,conclusion,/kәn'klu:ʒәn/,n.,"n. 结论, 结尾, 推论",B1,,,,
prime,prime,/praim/,v./n.,"n. 最佳部分, 初期, 全盛期；a. 主要的, 最初的, 根本的；v. 加油启动, 灌注, 填装",B2,,,,
shadow,shadow,/'ʃædәu/,vt./vi./n.,"n. 阴影, 荫, 影子, 影像, 阴暗, 幽灵, 少许, 隐蔽处, 庇护；vt. 遮蔽, 使朦胧, 预示, 尾随；vi. 渐变, 变阴暗",B2,,,,
struggle,struggle,/'strʌgl/,vi./n.,"n. 斗争, 努力, 奋斗；vi. 努力, 奋斗, 挣扎",B2,,,,
conclude,conclude,/kәn'klu:d/,vt./vi.,"vt. 结束, 作结论, 推断；vi. 结束, 推断",B1,,,,
dance,dance,/dæns. dɑ:ns/,v./n.,"n. 跳舞, 舞蹈, 舞会；v. 跳舞",A1,,,,
analyst,analyst,/'ænәlist/,n.,"n. 分析者, 精神分析学家",B2,,,,
regulation,regulation,/.regju'leiʃәn/,n.,"n. 规则, 管理, 调整",B2,,,,
being,be,/'bi:iŋ/,n.,"n. 存在, 性质, 生命, 人, 生物, be的现在分词",B2,,,,
ring,ring,/riŋ/,vt./vi./n.,"n. 环, 环形物, 拳击场, 戒指, 角逐, 小集团, 铃声, 钟声, 声调；vt. 包围, 套住, 按铃, 敲钟；vi. 成环形, 响, 鸣, 按铃, 敲钟, 回响",A2,,,,
largely,largely,/'lɑ:dʒli/,adv.,"adv. 大量地, 很多地, 大半地",B2,,,,
shift,shift,/ʃift/,vt./vi./n.,"n. 变化, 移动, 轮班, 手段, 应急办法, 移位；vt. 替换, 转移, 改变, 推卸, 变速；vi. 转换, 移动, 转变, 推托, 变速",B1,,,,
revenue,revenue,/'revinju:/,n.,"n. 收入, 岁入, 税收, 税务局",B2,,,,
locate,locate,/'lәukeit/,vt./vi.,"vt. 找出, 设于, 位于；vi. 定居",B1,,,,
mark,mark,/mɑ:k/,vt./vi./n.,"n. 标志, 分数, 马克, 痕迹, 斑点, 靶子, 刻度, 记号, 符号, 戳记, 标准, 起跑线；vt. 做标记于, 留意, 打分数, 表明, 标志, 记录；vi. 作记号, 记得分",A2,,,,
appearance,appearance,/ә'piәrәns/,n.,"n. 出现, 露面, 外观, 外表, 出版",A2,,,,
package,package,/'pækidʒ/,vt./n.,"n. 包裹, 套装软件, 包, 包装用物, 程序包；vt. 包装, 打包；a. 一揽子的",B1,,,,
difficulty,difficulty,/'difikәlti/,n.,"n. 困难, 难点",B1,,,,
bridge,bridge,/bridʒ/,vt./n.,"n. 桥, 舰桥, 桥梁, 桥牌；vt. 架桥于, 跨越",A2,,,,
recommend,recommend,/.rekә'mend/,vt.,"vt. 推荐, 介绍, 劝告, 使受欢迎, 托付",A2,,,,
obvious,obvious,/'ɒbviәs/,,"a. 明显的, 明白的, 显然的, 平淡无奇的",B1,,,,
basically,basically,/'beisikli/,adv.,"adv. 基本上, 主要地",B2,,,,
generate,generate,/'dʒenәreit/,vt.,"vt. 产生, 发生, 导致",B2,,,,
anymore,anymore,/'eni'mɔ:/,adv.,"adv. 再也不, 不再",A2,,,,
propose,propose,/prә'pәuz/,vt./vi.,"vt. 计划, 打算, 建议, 提议, 求(婚)；vi. 打算, 求婚",B2,,,,
thinking,think,/'θiŋkiŋ/,n.,"n. 思考, 思想；a. 思考的, 有理性的",A2,,,,
possibly,possibly,/'pɒsәbli/,adv.,"adv. 可能, 也许",B1,,,,
trend,trend,/trend/,vi./n.,"n. 趋势, 倾向, 走向；vi. 倾向, 转向",B1,,,,
visitor,visitor,/'vizitә/,n.,"n. 参观者, 游客, 访客",A1,,,,
loan,loan,/lәun/,v./n.,"n. 贷款, 借出；v. 借, 供应货款, 借给",B2,,,,
currently,currently,/'kʌrәntli/,adv.,"adv. 现在, 当前, 一般, 普通",B1,,,,
comfortable,comfortable,/'kʌmfәtәbl/,n.,"a. 舒服的, 轻松的；n. 盖被",A2,,,,
investor,investor,/in'vestә/,n.,n. 投资者,B2,,,,
profit,profit,/'prɒfit/,vt./vi./n.,"n. 利润, 赢利, 利益；vi. 有益, 获利, 赚钱；vt. 有益于",B1,,,,
angry,angry,/'æŋgri/,,"a. 生气的, 愤怒的",A1,,,,
crew,crew,/kru:/,n.,"n. 全体人员, 一群人, 全体队员；crow的过去式",B2,,,,
accident,accident,/'æksidәnt/,n.,"n. 意外事件, 机遇, 事故, 次要方面",A2,,,,
meal,meal,/mi:l/,vi./n.,"n. 一餐, 膳食, 粗粉；vi. 进餐",A1,,,,
hearing,hear,/'hiәriŋ/,n.,"n. 听, 听觉, 听讯",B2,,,,
traffic,traffic,/'træfik/,vt./vi./n.,"n. 交通, 通行, 运输, 交通量, 贸易, 交易, 交往, 通信量；vi. 交易, 做买卖；vt. 用...作交换",A1,,,,
muscle,muscle,/'mʌsl/,n.,"n. 肌肉, 臂力",B1,,,,
notion,notion,/'nәuʃәn/,n.,"n. 概念, 观念, 想法, 打算, 别致的小东西",B2,,,,
capture,capture,/'kæptʃә/,vt./n.,"n. 抓取, 战利品, 捕获之物；vt. 抓取, 获得, 迷住",B2,,,,
prefer,prefer,/pri'fә:/,vt.,"vt. 宁可, 较喜欢, 提出",A1,,,,
chest,chest,/tʃest/,n.,"n. 胸, 胸部, 衣柜, 箱子",B1,,,,
japanese,japanese,/.dʒæpә'ni:z/,n.,"n. 日本人, 日语；a. 日本的, 日语的",Beyond C1,,,,
truly,truly,/'tru:li/,adv.,"adv. 真实地, 不假",B2,,,,
thick,thick,/θik/,n./adv.,"a. 厚的, 粗壮的, 浓的, 迟钝的, 浑浊的, 多雾的, 过分的, 口齿不清的；adv. 厚地, 密地, 浓浓地；n. 最浓处, 最厚处, 最密集处",A2,,,,
cash,cash,/kæʃ/,vt./n.,n. 现金；vt. 兑现,A2,,,,
museum,museum,/mju:'ziәm/,n.,n. 博物馆,A1,,,,
beauty,beauty,/'bju:ti/,n.,"n. 美, 美人",B1,,,,
emergency,emergency,/i'mә:dʒәnsi/,n.,"n. 紧急状况, 紧急事件, 紧急需要",B1,,,,
unique,unique,/ju:'ni:k/,,"a. 独一无二的, 独特的, 稀罕的",B2,,,,
internal,internal,/in'tә:nәl/,,"a. 内在的, 国内的",B2,,,,
ethnic,ethnic,/'eθnik/,,"a. 人种的, 种族的",B2,,,,
link,link,/liŋk/,vt./vi./n.,"n. 环, 连结物, 链接, 火把；vt. 连结, 联合, 挽住；vi. 连接起来",A2,,,,
stress,stress,/stres/,vt./n.,"n. 压力, 紧迫, 强调, 重音, 重点, 应力；vt. 加压力于, 着重, 重读",A2,,,,
content,content,/kәn'tent/,vt./n.,"n. 内容, 满足, 意义, 要旨；a. 满足的, 满意的；vt. 使...满足, 使...安心",B1,,,,
select,select,/si'lekt/,v./n.,"a. 挑选出来的, 极好的；v. 选择, 挑选；n. 被挑选者, 精萃",B2,,,,
root,root,/ru:t/,vt./vi./n.,"n. 根, 根本, 根源, 基础, 底部；vt. 使扎根, 使固定, 根除, 肃清, 搜出, 用鼻拱；vi. 生根, 固定, 源于, 用鼻拱土, 寻找, 捧场, 支持",B2,,,,
nose,nose,/nәuz/,vt./vi./n.,"n. 鼻子, 突出部分, 嗅觉；vt. 嗅到, 探出, 用鼻子触；vi. 闻, 嗅, 探听, 告密",A1,,,,
declare,declare,/di'klєә/,v.,"v. 宣布, 声明, 申报, 断言",B2,,,,
appreciate,appreciate,/ә'pri:ʃieit/,vt./vi.,"vt. 赏识, 鉴别, 为...而感激, 领会, 欣赏；vi. 增值, 涨价",B1,,,,
actual,actual,/'æktʃuәl/,,"a. 真实的, 实际的, 现行的",B2,,,,
bottle,bottle,/'bɒtl/,vt./n.,"n. 瓶子, 酒瓶；vt. 装瓶, 抑制, 围困",A1,,,,
hardly,hardly,/'hɑ:dli/,adv.,"adv. 刚刚, 几乎不, 勉强是",B1,,,,
setting,set,/'setiŋ/,n.,"n. 环境, 背景, 布景, 镶嵌, 调整, 沉落, 一副餐具",B1,,,,
launch,launch,/lɒ:ntʃ/,vt./vi./n.,"n. 下水, 汽艇, 发射；vt. 使下水, 发射, 发动；vi. 起飞, 下水, 投入, 开始",B2,,,,
file,file,/fail/,vt./vi./n.,"n. 档案, 公文箱, 文件夹, 文件, 卷宗, 锉刀；vi. 列队行进, 用锉刀做；vt. 归档, 申请, 锉, 琢磨",B1,,,,
sick,sick,/sik/,vt./n.,"n. 病人；a. 不舒服, 有病的, 恶心的, 厌恶的, 渴望的, 病态的；vt. 呕吐, 追击, 使(狗)去攻击",A1,,,,
outcome,outcome,/'autkʌm/,n.,"n. 结果, 出口",B2,,,,
ad,ad,/æd/,n.,n. 广告,B1,,,,
defend,defend,/di'fend/,vt.,"vt. 防护, 辩护, 防卫",B2,,,,
duty,duty,/'dju:ti/,n.,"n. 责任, 关税, 职务, 尊敬",B1,,,,
sheet,sheet,/ʃi:t/,vt./vi./n.,"n. 床单, 张, 纸张, 印刷品, 裹尸布, 薄片；vt. 盖上被单, 遍布；vi. 大片落下；a. 片状的, 成薄片的",A2,,,,
ensure,ensure,/in'ʃuә/,vt.,"vt. 确定, 保证, 担保, 保护",B2,,,,
ought,ought,/ɒ:t/,n.,"aux. 应该, 大概；n. 责任",B1,,,,
extremely,extremely,/ik'stri:mli/,adv.,"adv. 极端地, 非常地",A2,,,,
catholic,catholic,/'kæθәlik/,n.,"n. 天主教徒；a. 天主教的, 普遍的, 广泛的, 宽宏大量的",Beyond C1,,,,
extent,extent,/ik'stent/,n.,"n. 范围, 程度, 区域",B2,,,,
mix,mix,/miks/,vt./vi./n.,"n. 混合物, 混乱, 糊涂；vt. 使混合, 弄混, 使结合, 混淆；vi. 相混合, 交往, 参与",B1,,,,
component,component,/kәm'pәunәnt/,n.,"n. 元件, 组件, 成分；a. 组成的, 构成的",B2,,,,
slow,slow,/slәu/,v./adv.,"a. 慢的, 缓慢的, 迟缓的, 迟钝的, 冷漠的, 落后的；adv. 慢地, 迟缓地；v. (使)慢下来",A1,,,,
contrast,contrast,/kәn'træst/,vt./vi./n.,"n. 差别, 对比, 对照物；vt. 使对比；vi. 成对照",B1,,,,
zone,zone,/zәun/,vt./vi./n.,"n. 地带, 带, 地区；vt. 环绕, 使分成地带；vi. 分成区",B2,,,,
wake,wake,/weik/,vt./vi./n.,"vt. 叫醒, 激发；vi. 醒来, 醒着, 觉醒, 活跃起来；n. 守侯, 守夜, 尾迹, 痕迹",A1,,,,
airport,airport,/'єәpɒ:t/,n.,n. 飞机场,A1,,,,
ourselves,ourselves,/.auә'selvz/,pron.,pron. 我们自己,A2,,,,
brown,brown,/braun/,v./n.,n. 褐色；a. 褐色的；v. (使)变褐色,A1,,,,
shirt,shirt,/ʃә:t/,n.,"n. 衬衫, 内衣, 汗衫",A1,,,,
pilot,pilot,/'pailәt/,vt./n.,"n. 飞行员, 领航员, 航船者, 导向器, 驾驶仪, 向导, 领导人；vt. 领航, 驾驶, 引导, 试用；a. 引导的, 控制的, 试点的",A2,,,,
warn,warn,/wɒ:n/,vt./vi.,"vt. 警告, 提醒, 通知；vi. 发出警告",B1,,,,
ultimately,ultimately,/'ʌltimәtli/,adv.,"adv. 最后, 最终",B2,,,,
cat,cat,/kæt/,vi./n.,"n. 猫, 恶妇；vi. 呕吐；计算机辅助教育, 计算机辅助测试, 计算机辅助翻译, 计算机辅助排版",A1,,,,
contribution,contribution,/.kɒntri'bju:ʃәn/,n.,"n. 捐助, 捐助之物, 贡献",B2,,,,
capacity,capacity,/kә'pæsiti/,n.,"n. 容量, 能力, 才能, 资格",B2,,,,
estate,estate,/i'steit/,n.,"n. 不动产, (人生的)阶段, 阶层, 财产",B2,,,,
guide,guide,/gaid/,vt./vi./n.,"n. 引导者, 导游, 指南, 路标；vt. 指导, 支配, 管理, 带领, 操纵；vi. 任向导",A2,,,,
circumstance,circumstance,/'sә:kәmstәns/,n.,"n. 环境, 状况, 事件",B2,,,,
snow,snow,/snәu/,vt./vi./n.,"n. 雪, 积雪, 下雪, 雪花形干扰；vi. 下雪, 似雪般落下；vt. 使雪白, 用雪覆盖, 使像雪般落下",A1,,,,
english,english,/'iŋgliʃ/,n.,"n. 英语；a. 英文的, 英国人的",Beyond C1,,,,
politician,politician,/.pɒli'tiʃәn/,n.,"n. 政客, 政治家, 从事党派政治的人",B1,,,,
steal,steal,/sti:l/,vt./vi./n.,vt. 剽窃；偷偷地做；偷窃；vi. 窃取；偷偷地行动；[棒球]偷垒；n. [口]偷窃；便宜货；偷垒；[篮球]断球,A2,,,,
pursue,pursue,/pә'sju:/,vt./vi.,"vt. 追赶, 追踪, 追随, 追求, 实行, 继续, 从事；vi. 追赶, 继续",B2,,,,
slip,slip,/slip/,vt./vi./n.,"n. 滑, 滑行, 事故, 溜, 差错, 滑台, 下降, 插条, 后裔, 板条, 瘦长的年轻人；vi. 滑动, 滑倒, 失足, 溜走, 滑落, 犯错, 变坏；vt. 使滑动, 滑过, 摆脱, 闪开, 塞入, 从...取接枝；a. 滑动的, 滑移的, 活络的, 有活结的",B2,,,,
percentage,percentage,/pә'sentidʒ/,n.,"n. 百分比, 比率, 部分, 可能性",B1,,,,
meat,meat,/mi:t/,n.,"n. 肉, 餐, 食物",A1,,,,
funny,funny,/'fʌni/,n.,"a. 好笑的, 有趣的, 滑稽的；n. 滑稽人物",A1,,,,
neither,neither,/'naiðә/,adv./conj./pron.,"adv. 皆不, 两个都不；a. (两者)都不的；pron. 两者都不；conj. 既非, 既不",A2,,,,
soil,soil,/sɒil/,vt./vi./n.,"n. 土壤, 土地, 国家, 国土, 温床, 污物, 粪便, 水池；vt. 弄脏, 污辱；vi. 变脏",B1,,,,
aids,aid,/eidz/,n.,"n. 爱滋病(获得性免疫缺陷综合征)；美国决策学学会, 信息自动显示系统, 自动综合调试系统",B2,,,,
surgery,surgery,/'sә:dʒәri/,n.,"n. 外科, 手术, 手术室, 换球术",B2,,,,
correct,correct,/kә'rekt/,vt.,"a. 正确的, 合适的；vt. 改正, 订正",A1,,,,
jew,jew,/dʒu:/,vt./n.,"n. 犹太人, 守财奴, 犹太教信徒；vt. 欺骗, 杀价",Beyond C1,,,,
jewish,jewish,/'dʒu:iʃ/,,"a. 犹太人的, 犹太族的",Beyond C1,,,,
due,due,/dju:/,n.,"n. 应得的东西, 应付款；a. 到期的, 应得的, 应付的, 约定的",B1,,,,
blame,blame,/bleim/,vt./n.,"n. 过失, 责备；vt. 责备, 归咎于",B2,,,,
estimate,estimate,/'estimeit/,vt./vi./n.,"n. 估计, 判断；vt. 估计, 评价, 判断；vi. 估计",B2,,,,
basketball,basketball,/'bɑ:skitbɒ:l/,n.,n. 篮球,A1,,,,
hill,hill,/hil/,vt./n.,"n. 小山, 丘陵, 小土堆；vt. 作成土堆, 堆成小丘",A2,,,,
golf,golf,/gɒlf/,vi./n.,n. 高尔夫球；vi. 打高尔夫球,A2,,,,
investigate,investigate,/in'vestigeit/,v.,"v. 调查, 审查",B1,,,,
crazy,crazy,/'kreizi/,,"a. 发狂的, 狂热的",A2,,,,
significantly,significantly,,adv.,adv. 值得注目地；意味深长地,B2,,,,
chain,chain,/tʃein/,vt./n.,"n. 链, 枷锁, 束缚；vt. 用铁练锁住, 束缚, 囚禁",B1,,,,
branch,branch,/bræntʃ/,vt./vi./n.,"n. 树枝, 支店, 支流, 分部；vi. 分支, 出枝；vt. 分割, 用枝状叶脉刺绣花纹装饰",B1,,,,
combination,combination,/.kɒmbi'neiʃәn/,n.,"n. 组合, 合并, 联合",B2,,,,
frequently,frequently,/'fri:kwәntli/,adv.,"adv. 频繁, 经常地",B1,,,,
governor,governor,/'gʌvәnә/,n.,"n. (美)州长, (英)总督, 统治者, 管理者, 理事",B2,,,,
relief,relief,/ri'li:f/,n.,"n. 减轻, 解除, 救济, 安慰, 调剂, 浮雕, 换班, (地势的)起伏",B2,,,,
user,user,/'ju:zә/,n.,n. 使用者,A2,,,,
dad,dad,/dæd/,n.,"n. 爸爸, 爹爹",A1,,,,
kick,kick,/kik/,vt./vi./n.,"n. 踢, 反冲, 后座力, 凹底；vi. 踢, 反抗, 反冲；vt. 踢, 反冲",B1,,,,
ancient,ancient,/'einʃәnt/,,"a. 古代的, 古老的, 年老的, 旧的",A2,,,,
manner,manner,/'mænә/,n.,"n. 样子, 礼貌, 风格",A2,,,,
rating,rate,/'reitiŋ/,n.,"n. 等级, 额定功率, 责骂",B2,,,,
silence,silence,/'sailәns/,vt./n.,"n. 沉默, 无声, 静寂, 湮没, 无声息；vt. 使缄默；interj. 安静",B2,,,,
golden,golden,/'gәuldn/,,"a. 金的, 含金的, 金色的, 贵重的, 繁盛的",B2,,,,
motion,motion,/'mәuʃәn/,v./n.,"n. 移动, 手势, 动作, 意向, 请求, 提议；v. 打手势",B2,,,,
german,german,/'dʒә:mәn/,n.,"n. 德国人, 德语；a. 德国的, 德国人的, 德国语的, 同父母的",Beyond C1,,,,
gender,gender,/'dʒendә/,vt./n.,n. 性；vt. 产生,B2,,,,
solve,solve,/sɒlv/,vt./vi.,"vt. 解决, 付给, 溶解；vt. 求解；vi. 求解",A2,,,,
fee,fee,/fi:/,vt./n.,"n. 费用, 小费, 封地, 所有权；vt. 付费给",B2,,,,
landscape,landscape,/'lændskeip/,vt./vi./n.,"n. 风景, 山水, 风景画；vi. 从事景观美化；vt. 美化...景观",B2,,,,
used,use,/'ju:st/,,"a. 使用过的, 二手的, 习惯的",B1,,,,
bowl,bowl,/bәul/,v./n.,"n. 碗, 木球, 大酒杯；v. 滚木球, 快而稳地行驶",A2,,,,
equal,equal,/'i:kwәl/,vt./n.,"n. 对手, 匹敌, 同辈；a. 相等的, 平等的, 胜任的, 合适的, 平静的, 不相上下的；vt. 等于, 比得上",B1,,,,
frame,frame,/freim/,vt./n.,"n. 框, 结构, 体格；vt. 构成, 设计, 制定, 使适合, 陷害",B1,,,,
forth,forth,/fɒ:θ/,adv.,"adv. 往前, 以后, 向外",C1,,,,
typical,typical,/'tipikl/,,"a. 典型的, 象征性的",A2,,,,
except,except,/ik'sept/,vt./vi./prep./conj.,"vt. 除, 除外；vi. 反对；prep. 除了...之外, 若不是, 除非；conj. 只是",A2,,,,
conservative,conservative,/kәn'sә:vәtiv/,,"a. 保守的, 守旧的, 有保存力的",B2,,,,
eliminate,eliminate,/i'limineit/,vt.,"vt. 除去, 排除, 剔除, 消除",B2,,,,
hall,hall,/hɒ:l/,n.,"n. 门厅, 走廊, 会堂",A2,,,,
host,host,/hәust/,vt./n.,"n. 主人, 旅馆老板, 节目主持人；vt. 当主人招待, 作...节目主持人",B1,,,,
trust,trust,/trʌst/,vt./vi./n.,"n. 信任, 信赖, 相信, 受托, 职责, 信心, 托拉斯；a. 信托的, 托拉斯的；vt. 信赖, 信任, 相信, 盼望, 赊卖给；vi. 相信, 信赖, 依靠",B2,,,,
ocean,ocean,/'әuʃәn/,n.,"n. 海洋, 广阔, 许多, 一大片",A1,,,,
row,row,/rәu. rau/,vt./vi./n.,"n. 排, 行, 街道, 划船, 吵闹；vt. 使成排, 划, 划船, 参加(赛船), 痛骂；vi. 划船, 划动, 争吵",B1,,,,
producer,producer,/prә'dju:sә/,n.,"n. 生产者, 制作者, 制作人",B1,,,,
afford,afford,/ә'fɒ:d/,vt.,"vt. 买得起, 足以, 给予",B1,,,,
meanwhile,meanwhile,/'mi:nhwail/,n./adv.,"n. 其时, 其间；adv. 同时, 于此时",B1,,,,
regime,regime,/rei'ʒi:m/,n.,"n. 政权, 当权期间, 政体, 社会制度, 体制, 情态",C1,,,,
division,division,/di'viʒәn/,n.,"n. 分, 分开, 除法, 部门(如部、处、系等), 师",B2,,,,
fix,fix,/fiks/,vt./vi./n.,"vt. 使固定, 修理, 准备, 安装, 凝视, 牢记, 确定, 整理；vi. 固定, 注视, 确定；n. 困境, 方位, 维修, 贿赂",A2,,,,
confirm,confirm,/kәn'fә:m/,vt.,"vt. 证实, 确定, 批准, 使巩固",B1,,,,
appeal,appeal,/ә'pi:l/,vt./vi./n.,"n. 恳求, 诉请, 上诉, 吸引力；vi. 呼吁, 诉请, 要求, 上诉, 有吸引力；vt. 将...上诉",B2,,,,
mirror,mirror,/'mirә/,vt./n.,"n. 镜子, 写真, 典范；vt. 反映, 映出",A2,,,,
tooth,tooth,/tu:θ/,vt./vi./n.,"n. 牙齿, 齿状物, 爱好；vt. 装以齿, 将...切成齿状；vi. 啮合",A1,,,,
length,length,/leŋθ/,n.,"n. 长度, 长, 期间, 一段",B1,,,,
smart,smart,/smɑ:t/,vi./n.,"a. 聪明的, 漂亮的, 刺痛的, 剧烈的, 敏捷的, 巧妙的, 伶俐的, 潇洒的；n. 刺痛, 痛苦；vi. 刺痛",A1,,,,
rely,rely,/ri'lai/,vi.,"vi. 信赖, 依赖, 信任",B2,,,,
entirely,entirely,/in'taiәli/,adv.,"adv. 完全, 全然, 一概",B2,,,,
association,association,/ә.sәuʃә'eiʃәn/,n.,n. 协会,B2,,,,
complain,complain,/kәm'plein/,v.,"v. 抱怨, 抗议, 控诉",A2,,,,
topic,topic,/'tɒpik/,n.,"n. 主题, 论题, 话题",A1,,,,
variable,variable,/'vєәriәbl/,n.,"n. 易变的事物, 变数, 可变物, 变量；a. 可变的, 不定的, 易变的, 变量的",C1,,,,
telephone,telephone,/'telifәun/,v./n.,"n. 电话, 电话机；v. 打电话",A1,,,,
perception,perception,/pә'sepʃәn/,n.,"n. 知觉, 感觉, 领悟力, 获取",B2,,,,
attract,attract,/ә'trækt/,vt./vi.,"vt. 吸引, 诱惑；vi. 有吸引力",B1,,,,
secret,secret,/'si:krit/,n.,"n. 秘密, 机密, 秘诀, 秘方；a. 秘密的, 极机密的, 隐蔽的, 暗中的, 神秘的, 偏僻的",A2,,,,
bedroom,bedroom,/'bedrum/,n.,n. 卧室,A1,,,,
confidence,confidence,/'kɒnfidәns/,n.,n. 信心,B2,,,,
debt,debt,/det/,n.,"n. 债务, 罪过",B2,,,,
rare,rare,/rєә/,adv.,"a. 稀罕的, 罕有的, 珍奇的, 稀薄的, 半熟的, 非常好的；adv. 非常",B1,,,,
tank,tank,/tæŋk/,vt./n.,"n. 槽, 箱, 柜, 罐, 池塘, 储水池, 坦克；vt. 储于箱中",B2,,,,
nurse,nurse,/nә:s/,vt./vi./n.,"n. 护士, 保姆, 奶妈；vt. 看护, 照顾, 培养；vi. 喂奶, 看护病人",A1,,,,
opposition,opposition,/.ɒpә'ziʃәn/,n.,"n. 反对, 敌对, 相反, 在野党",B2,,,,
coverage,coverage,/'kʌvәridʒ/,n.,"n. 覆盖的范围, 保险总额, 新闻报导",B2,,,,
aside,aside,/ә'said/,n./adv.,"n. 小声说的话, 旁白；adv. 在一边, 离开, 另外",B2,,,,
anywhere,anywhere,/'enihwєә/,adv.,adv. 无论何处,A2,,,,
bond,bond,/bɒnd/,vt./vi./n.,"n. 捆绑物, 结合, 债券, 契约, 粘合剂, 保证人, 键, 关栈保留；vt. 存入关栈, 使黏合；vi. 结合",B2,,,,
pleasure,pleasure,/'pleʒә/,v./n.,"n. 快乐, 愉快, 令人高兴的事, 娱乐, 希望；v. (使)高兴",B1,,,,
master,master,/'mɑ:stә. 'mæstә/,vt./n.,"n. 主人, 硕士, 大师, 母机；a. 主人的, 主要的；vt. 征服, 控制, 精通",B2,,,,
era,era,/'iәrә/,n.,"n. 时代, 纪元, 时期",B2,,,,
requirement,requirement,/ri'kwaiәmәnt/,n.,"n. 需求, 必要条件, 要求",B2,,,,
fun,fun,/fʌn/,vi./n.,"n. 乐趣, 玩笑, 娱乐；vi. 开玩笑；a. 供娱乐用的",A1,,,,
wing,wing,/wiŋ/,vt./vi./n.,"n. 翅膀, 翼, 机翼, 派别；vt. 给...装上翼, 飞过, 使飞, 空运, 增加...速度；vi. 飞行",B1,,,,
expectation,expectation,/.ekspek'teiʃәn/,n.,"n. 期待, 指望, 展望",B2,,,,
separate,separate,/'sepәreit/,vt./vi./n.,"n. 独立件, 抽印本；a. 分开的, 各别的, 单独的, 分隔的；vi. 分开, 隔开, 分居；vt. 使分离, 使分开, 区分, 使分居",A2,,,,
somewhat,somewhat,/'sʌmhwɒt/,n./adv.,"n. 某物, 几分；adv. 多少, 几分",B2,,,,
pour,pour,/pɒ:/,vt./vi./n.,"n. 流出, 倾泻, 骤雨；vt. 倒, 灌, 注, 倾泻, 诉说, 倾吐；vi. 倾泻, 蜂涌而来, 下大雨",B1,,,,
stir,stir,/stә:/,vt./vi./n.,"n. 骚动, 轰动, 搅动, 监狱；vt. 移动, 摇动, 激起, 惹起, 搅拌；vi. 走动, 传播, 搅拌",C1,,,,
judgment,judgment,/'dʒʌdʒmәnt/,n.,"n. 裁判, 宣告, 判决书",B2,,,,
beer,beer,/biә/,n.,n. 啤酒,A1,,,,
reference,reference,/'refәrәns/,vt./vi./n.,"n. 参考, 索引, 参照；vt. 给...加上参考资料；vt. 引用；vi. 引用",B1,,,,
tear,tear,/tiә. tєә/,vt./vi./n.,"n. 泪滴, 眼泪, 撕, 扯, 裂缝, 激怒, 飞奔；vi. 流泪, 撕破, 赶快, 飞奔, 被撕破；vt. 撕裂, 戳破, 拉掉, 撕掉, 使分裂, 使精神不安, 折磨",B2,,,,
doubt,doubt,/daut/,v./n.,"n. 怀疑, 疑惑；v. 怀疑, 不信",B1,,,,
grant,grant,/grænt/,vt./n.,"n. 授予, 授予物, 允许；vt. 允许, 承认, 授与",B2,,,,
seriously,seriously,/'siәriәsli/,adv.,"adv. 严肃地, 认真地, 严重地",B1,,,,
minister,minister,/'ministә/,vi./n.,"n. 部长, 牧师, 公使；vi. 服侍, 救助, 主持宗教仪式",B2,,,,
totally,totally,/'tәutli/,adv.,adv. 完全地,B1,,,,
hero,hero,/'hiәrәu/,n.,"n. 英雄, 超越常人者, 男主角",A2,,,,
industrial,industrial,/in'dʌstriәl/,n.,"a. 工业的, 供工业用的, 工业高度发展的, 产业的；n. 工业工人, 工业股票",B2,,,,
cloud,cloud,/klaud/,vt./vi./n.,"n. 云, 阴暗, 烟雾, 疑团；vt. 以云遮敝, 笼罩, 使黯然；vi. 乌云密布, 阴沉",A2,,,,
stretch,stretch,/stretʃ/,vt./vi./n.,"n. 伸展, 张开, 连绵, 一段路, 一段时间；a. 可伸缩的, 弹性的；vt. 伸展, 张开, 曲解, 使过度伸展；vi. 伸展, 延伸",B2,,,,
winner,winner,/'winә/,n.,"n. 胜利者, 优胜者",A2,,,,
volume,volume,/'vɒljum/,vt./vi./n.,"n. 册, 卷, 体积, 容量, 大量, 许多, 份量, 音量；vi. 成团卷起；vt. 把...收集成卷；a. 大量的",B2,,,,
seed,seed,/si:d/,vt./vi./n.,"n. 种子, 籽, 萌芽, 子孙, 精液；vt. 在...播种, 催...发育, 脱...籽；vi. 结实, 播种",B1,,,,
surprised,surprise,/sә'praizd/,,a. 感到惊讶的,A2,,,,
fashion,fashion,/'fæʃәn/,vt./n.,"n. 流行, 风尚, 时样；vt. 形成, 造, 作",A2,,,,
pepper,pepper,/'pepә/,n.,"n. 胡椒粉, 胡椒, 辣椒",A1,,,,
busy,busy,/'bizi/,vt./vi.,"a. 忙碌的, 热闹的, 没空的；vt. 使忙；vi. 忙碌",A1,,,,
intervention,intervention,/.intә'venʃәn/,n.,"n. 插入, 介入, 调停",C1,,,,
copy,copy,/'kɒpi/,v./n.,"n. 副本, 摹仿, 一册；v. 复印, 抄袭, 复制；将几个文件合并成一个文件, 以及将文件传至外设或在设备之间传送",A2,,,,
tip,tip,/tip/,vt./vi./n.,"n. 顶, 尖端, 梢, 末端, 倾斜, 垃圾场, 小费, 轻击, 指点, 秘密消息；vt. 装顶端, 使倾斜, 使翻倒, 泄露, 告诫, 暗示, 给...小费, 轻击；vi. 倾斜, 翻倒, 倾覆, 踮脚走, 给小费",A2,,,,
cheap,cheap,/tʃi:p/,adv.,"a. 便宜的, 不值钱的, 可鄙的；adv. 便宜地",A1,,,,
aim,aim,/eim/,vt./vi./n.,"n. 目标, 瞄准, 击中目标的能力；vi. 对准目标, 致力, 打算；vt. 瞄准；应用接口模块, 医学人工智能, 相联索引法, 异步接口模块；自动化信息管理, 自动化综合制造, 自动化库存管理",B1,,,,
cite,cite,/sait/,vt.,"vt. 引用, 引证, 表彰",B2,,,,
welfare,welfare,/'welfєә/,n.,"n. 福利, 安宁, 幸福, 福利事业；a. 福利的",B2,,,,
vegetable,vegetable,/'vedʒәtәbl/,n.,"n. 蔬菜, 植物, 无精打采之人；a. 蔬菜的, 植物的",A1,,,,
dish,dish,/diʃ/,n.,"n. 盘子, 碟, 菜肴",A1,,,,
improvement,improvement,/im'pru:vmәnt/,n.,"n. 进步, 改善, 利用",B1,,,,
beach,beach,/bi:tʃ/,n.,n. 海滩,A1,,,,
everywhere,everywhere,/'evrihwєә/,adv.,"adv. 各处, 到处",A2,,,,
gray,gray,/grei/,v./n.,"n. 灰色, 暗淡；a. 灰色的, 灰白的, 面色苍白的, 年老的, 老练的, 阴沉的；v. (使)变灰色",A1,,,,
opening,open,/'әupәniŋ/,n.,"n. 开始, 口子, 穴, 揭幕；a. 开始的",B2,,,,
overall,overall,/'әuvәrɒ:l/,n./adv.,"a. 全部的, 全体的, 从头至尾的, 一切在内的；adv. 从头到尾, 总的说来；n. 罩衫, 工作服",B2,,,,
divide,divide,/di'vaid/,vt./vi./n.,"vi. 分开, 分配, 分裂；vt. 分, 分开, 分裂, 除；n. 分配, 分水岭",B1,,,,
initial,initial,/i'niʃәl/,vt./n.,"n. 字首, 首字母；a. 开始的, 最初的, 字首的；vt. 用姓名的首字母签名",B2,,,,
terrible,terrible,/'terәbl/,,"a. 可怕的, 令人恐惧的, 极坏的",A1,,,,
oppose,oppose,/ә'pәuz/,vt./vi.,"vt. 反对, 以...对抗, 抗争；vi. 反对",B2,,,,
route,route,/ru:t/,vt./n.,"n. 路径, 途径, 路线；vt. 确定路线, 按规定路线发送",A2,,,,
contemporary,contemporary,/kәn'tempәrәri/,n.,"n. 同时代的人；a. 同时代的, 属于同一时期的",B2,,,,
multiple,multiple,/'mʌltipl/,n.,"n. 倍数, 并联；a. 多样的, 许多的, 多功能的",B2,,,,
essential,essential,/i'senʃәl/,n.,"n. 要素, 要点, 本质；a. 必要的, 重要的, 本质的",B1,,,,
lake,lake,/leik/,v./n.,"n. 湖, 池, 色淀；v. (使)血球溶解",A2,,,,
league,league,/li:g/,v./n.,"n. 同盟, 联盟, 盟约；v. 组联盟, (使)加盟",B2,,,,
careful,careful,/'kєәful/,,"a. 小心的, 谨慎的",A2,,,,
criminal,criminal,/'kriminәl/,n.,"n. 罪犯, 犯人, 刑事；a. 犯了罪的, 刑事的, 有罪的",A2,,,,
core,core,/kɒ:/,vt./n.,"n. 核心, 果心, 要点；vt. 挖...的核",B2,,,,
upper,upper,/'ʌpә/,n.,"a. 上面的, 较高的, 上级的, 上院的, 穿在外面的, 北部的, 地表的, 后期的；n. 鞋帮, 上齿",B2,,,,
rush,rush,/rʌʃ/,vt./vi./n.,"n. 匆促, 冲进, 急流, 灯心草；vi. 冲, 奔, 闯, 赶紧, 匆促行事, 涌现；vt. 使冲, 匆忙地做, 突袭, 飞跃, 用灯心草做；a. 紧急的",B2,,,,
necessarily,necessarily,/'nesisәrili/,adv.,"adv. 必然地, 必须地, 必要地",B1,,,,
specifically,specifically,/spi'sifikli/,adv.,"adv. 特定地, 明确地, 按特性",B1,,,,
tired,tired,/taiәd/,,"a. 疲累的, 疲乏的, 厌倦的",A1,,,,
employ,employ,/im'plɒi/,vt./n.,"n. 雇用；vt. 雇用, 使用, 使从事于",A2,,,,
holiday,holiday,/'hɒlәdi/,vi./n.,"n. 假日, 假期, 节日；vi. 度假",A2,,,,
vast,vast,/vɑ:st/,,"a. 巨大的, 广大的, 非常的, 大量的",B2,,,,
fewer,fewer,/'fju:ә/,,a. 较少的,A1,,,,
household,household,/'haushәuld/,n.,"n. 一家人, 家庭, 家族, 王室；a. 家庭的, 家常的, 王室的",B2,,,,
resolution,resolution,/.rezә'lu:ʃәn/,n.,"n. 解析, 决心, 坚定, 决定, 决议, 消除, 解答, 分解；n. 图形分辨率",B2,,,,
abortion,abortion,/ә'bɒ:ʃәn/,n.,"n. 流产, 堕胎, 失败, 夭折, 中止",C1,,,,
witness,witness,/'witnis/,vt./vi./n.,"n. 证人, 目击者, 证据, 证词；vt. 目击, 作证, 证明, 表明；vi. 作证人, 作为证据",B2,,,,
apart,apart,/ә'pɑ:t/,adv.,"adv. 成零碎, 成距离, 分别地, 分离着；a. 分离的",B1,,,,
match,match,/mætʃ/,vt./vi./n.,"n. 比赛, 火柴, 对手；vt. 使相配, 使比赛, 与...竞争；vi. 结婚, 相配",A1,,,,
barely,barely,/'bєәli/,adv.,adv. 几乎不,B2,,,,
sector,sector,/'sektә/,vt./n.,"n. 扇形, 部门, 部分, 函数尺, 象限仪, 段, 区段；vt. 把...分成扇形",B2,,,,
emphasize,emphasize,/'emfәsaiz/,vt.,"vt. 强调, 加强语气, 着重",B2,,,,
representative,representative,/.repri'zentәtiv/,n.,"n. 代表, 众议员, 典型；a. 描写的, 表现的, 代理的, 代表的, 代议制的, 典型的",B2,,,,
beneath,beneath,/bi'ni:θ/,adv./prep.,prep. 在...下方；adv. 在...下方,C1,,,,
incident,incident,/'insidәnt/,n.,"n. 事件, 事变, 小事；a. 附带的, 易于发生的, 外来的, 入射的",B2,,,,
beside,beside,/bi'said/,prep.,prep. 在旁边,B2,,,,
limited,limit,/'limitid/,n.,"a. 有限制的, 有限的, 有限责任的；n. 特别快车",B2,,,,
proud,proud,/praud/,,"a. 骄傲的, 自大的, 自豪的, 辉煌的, 壮丽的",B1,,,,
flow,flow,/flәu/,vt./vi./n.,"n. 流程, 流动, 流量, 洋溢, 泛滥, 涨潮；vi. 流动, 流泄, 畅流, 川流不息, 飘扬, 涌出；vt. 使流动, 淹没, 流出",B1,,,,
faculty,faculty,/'fækәlti/,n.,"n. 才能, 能力, 全体教员, (大学的)系",B2,,,,
waste,waste,/weist/,vt./vi./n.,"n. 浪费, 废物, 损耗, 消耗, 荒地, 垃圾, 地面风化物；a. 废弃的, 荒芜的, 多余的；vt. 浪费, 消耗, 使荒芜；vi. 浪费, 消耗, 变消瘦",B1,,,,
increased,increase,/in'kri:st/,,a. 增强的（increase的过去分词）,A2,,,,
merely,merely,/'miәli/,adv.,adv. 只,C1,,,,
mass,mass,/mæs/,vt./vi./n.,"n. 块, 大多数, 质量, 大量, 群众, 弥撒；a. 群众的, 大规模的, 整个的；vt. 使集合, 集中；vi. 聚集",B2,,,,
experiment,experiment,/ik'sperimәnt/,vi./n.,"n. 实验, 试验, 实验仪器；vi. 实验, 尝试",A2,,,,
definitely,definitely,/'definitli/,adv.,"adv. 明确无疑地, 清楚地",A2,,,,
bomb,bomb,/bɒm/,vt./vi./n.,"n. 炸弹；vt. 轰炸, 投弹于；vi. 失败",B1,,,,
liberal,liberal,/'libәrәl/,n.,"n. 自由主义者；a. 慷慨的, 不拘泥的, 宽大的, 自由主义的",C1,,,,
enormous,enormous,/i'nɒ:mәs/,,"a. 巨大的, 庞大的",A2,,,,
tone,tone,/tәun/,vt./vi./n.,"n. 音调, 音质, 语调, 语气, 色调, 气氛, 状况, 思想状态；vt. 给...定色调, 增强, 使...的声调和谐, 定音调；vi. 颜色调和",B2,,,,
massive,massive,/'mæsiv/,,"a. 大而重的, 宽大的, 宏伟的",B2,,,,
engineer,engineer,/.endʒi'niә/,vt./n.,"n. 工程师, 工兵；vt. 设计, 监造, 精明地处理, 策划",A2,,,,
wheel,wheel,/hwi:l/,vt./vi./n.,"n. 轮子, 车轮, 轮, 方向盘, 旋转, 机构, 重要人物；vt. 使旋转, 转动, 使转向；vi. 旋转, 转弯, 盘旋",A2,,,,
decline,decline,/di'klain/,vt./vi./n.,"n. 衰退, 跌落, 下降；vt. 使降低, 婉谢；vi. 下降, 衰落, 偏斜",B2,,,,
invest,invest,/in'vest/,vt./vi.,"vt. 投资, 花费, 笼罩, 授予；vi. 投资, 利用",B1,,,,
cable,cable,/'keibl/,vt./vi./n.,"n. 电缆, 海底电报, 缆, 索；vi. 打海底电报；vt. 发海底电报, 缚住",B1,,,,
towards,towards,/tә'wɔ:dz/,prep.,"prep. 向, 对于, 为了",A2,,,,
expose,expose,/ik'spәuz/,vt.,"vt. 使暴露, 使曝光, 揭穿, 陈列",B2,,,,
rural,rural,/'ruәrәl/,,"a. 乡下的, 田园的, 乡村风味的",B2,,,,
narrow,narrow,/'nærәu/,vt./vi./n.,"n. 狭窄部分, 隘路；a. 狭窄的, 仔细的, 有限的, 勉强的, 狭隘的, 手紧的；vi. 变窄；vt. 使变狭窄",A2,,,,
cream,cream,/kri:m/,n.,"n. 乳酪, 奶油, 面霜",A1,,,,
secretary,secretary,/'sekrәtәri/,n.,"n. 秘书, 书记, 大臣",A2,,,,
gate,gate,/geit/,vt./n.,"n. 门, 牌楼, 大门, 通道, 闸；vt. 装门于",A2,,,,
solid,solid,/'sɒlid/,n.,"n. 固体；a. 坚硬的, 稳固的, 固体的, 实心的, 纯质的, 立体的, 立方的",B1,,,,
noise,noise,/nɒiz/,vt./vi./n.,"n. 噪音, 杂音, 响声, 喧闹；vt. 谣传；vi. 喧闹",A2,,,,
typically,typically,/'tipikәli/,adv.,adv. 代表性地；作为特色地,B1,,,,
grass,grass,/græs/,n.,"n. 草, 草原, 牧场",A2,,,,
hat,hat,/hæt/,vt./n.,n. 帽子；vt. 给...戴帽子,A1,,,,
unfortunately,unfortunately,/ʌn'fɔ:tjjnәtli/,adv.,"adv. 恐怕, 不幸的是",A2,,,,
legislation,legislation,/.ledʒis'leiʃәn/,n.,"n. 立法, 法律",C1,,,,
succeed,succeed,/sәk'si:d/,vt./vi.,"vi. 成功, 继承, 继续；vt. 继承, 接替",A2,,,,
celebrate,celebrate,/'selibreit/,v.,"v. 庆祝, 祝贺, 举行",A2,,,,
achievement,achievement,/ә'tʃi:vmәnt/,n.,"n. 完成, 成就, 功业",B1,,,,
fishing,fish,/'fiʃiŋ/,n.,"n. 钓鱼, 鱼业；a. 钓鱼的",A2,,,,
accuse,accuse,/ә'kju:z/,vt./vi.,"vt. 指责, 控告, 归咎于；vi. 指责, 控告",B2,,,,
useful,useful,/'ju:sful/,,"a. 有用的, 有益的",A1,,,,
reject,reject,/ri'dʒekt/,vt./n.,"n. 被拒之人, 被弃之物, 不合格品, 次品；vt. 拒绝, 抵制, 否决, 驳回, 丢弃, 呕出",B1,,,,
talent,talent,/'tælәnt/,n.,"n. 天才, 才能, 有才干的人, 天资",B1,,,,
taste,taste,/teist/,vt./vi./n.,"n. 味道, 品味, 味觉, 感受, 体验, 爱好, 审美, 少量；vt. 尝, 察觉...的味道, 体会；vi. 品尝, 察觉味道, 有某种味道",A2,,,,
characteristic,characteristic,/.kærәktә'ristik/,n.,"n. 特性, 特征, 特色；a. 特性的, 特有的, 有特色的",B2,,,,
milk,milk,/milk/,vt./vi./n.,"n. 奶, 乳状物；vt. 挤乳, 榨取；vi. 产乳",A1,,,,
escape,escape,/i'skeip/,vt./vi./n.,"n. 逃亡, 避难设备, 逃跑；vi. 逃脱, 避开, 溜走；vt. 逃避, 避免, 被...忘掉",B1,,,,
cast,cast,/kɑ:st. kæst/,vt./vi./n.,"n. 演员阵容, 投掷, 铸件, 预测, 特性；vt. 投, 掷, 抛, 脱落, 铸, 使弯曲, 计算；vi. 投, 计算, 浇铸成型",B2,,,,
sentence,sentence,/'sentәns/,vt./n.,"n. 句子, 命题, 宣判；vt. 宣判, 判决",A1,,,,
unusual,unusual,/.ʌn'ju:ʒu:l/,,"a. 不寻常的, 罕见的, 与众不同的",A2,,,,
closely,closely,/'klәusli/,adv.,adv. 接近地,B2,,,,
convince,convince,/kәn'vins/,vt.,"vt. 说服, 使相信",B1,,,,
height,height,/hait/,n.,"n. 高度, 海拔, 高地, 顶点",A2,,,,
physician,physician,/fi'ziʃәn/,n.,"n. 医师, 内科医师, 解除痛苦者",B2,,,,
assess,assess,/ә'ses/,vt.,"vt. 估定, 对...征税, 评定",B2,,,,
plenty,plenty,/'plenti/,n.,"n. 充分, 很多, 丰富；a. 很多的, 足够的, 丰富的",B1,,,,
virtually,virtually,/'vә:tʃuәli/,adv.,adv. 事实上,Beyond C1,,,,
addition,addition,/ә'diʃәn/,n.,"n. 加法, 增加的人(或物)",B1,,,,
sharp,sharp,/ʃɑ:p/,n./adv.,"n. 半升音调, 利刃, 骗子；a. 锋利的, 明显的, 敏锐的, 急剧的, 尖刻的, 严厉的, 刺耳的, 精明的；adv. 锐利地, 急速地",B1,,,,
creative,creative,/kri:'eitiv/,,"a. 有创造力的, 创作的, 产生的",A2,,,,
lower,low,/'lәuә/,vt./vi.,"a. 低的, 下级的, 下层的；vi. 降低, 跌落, 减弱；vt. 放下, 降下, 减弱, 贬低",B2,,,,
approve,approve,/ә'pru:v/,vt./vi.,"vt. 赞同, 核准, 为...提供证据；vi. 赞许",B2,,,,
explanation,explanation,/.eksplә'neiʃәn/,n.,"n. 解释, 说明, 辩解, 表明",A2,,,,
gay,gay,/gei/,,"a. 欢快的, 艳丽的, 快乐的, 放荡的",B2,,,,
honor,honor,/'ɒnә/,vt./n.,"n. 荣誉, 头衔, 信用, 尊敬, 名誉, 阁下, 勋章；vt. 尊敬, 授予荣誉, 承兑, 实践",B2,,,,
proper,proper,/'prɒpә/,adv.,"a. 适当的, 固有的, 高尚的, 专属的；adv. 完全地, 彻底地",B1,,,,
campus,campus,/'kæmpәs/,n.,"n. 校园, 大学生活",A2,,,,
guilty,guilty,/'gilti/,,"a. 犯罪的, 有过失的, 自觉有错的, 心虚的",B1,,,,
acquire,acquire,/ә'kwaiә/,vt.,"vt. 获得, 学到",B2,,,,
technical,technical,/'teknikl/,,"a. 技术上的, 专门的, 工业的, 严格根据法律的",B1,,,,
compete,compete,/kәm'pi:t/,vi.,"vi. 竞争, 对抗",A2,,,,
plus,plus,/plʌs/,n./prep.,"prep. 加上, 加, 外加；a. 正的, 附加的；n. 正号, 加号, 附加额, 正数, 增益",B1,,,,
immigrant,immigrant,/'imigrәnt/,n.,"n. 移民；a. 移入的, 移民的",B1,,,,
weak,weak,/wi:k/,,"a. 不牢固的, 弱的, 虚弱的, 软弱的, 无力的, 无权力的, (论据等)不充分的",A2,,,,
illegal,illegal,/i'li:gәl/,,"a. 违法的, 不合规定的",B1,,,,
hi,hi,/hai/,,interj. 喂,A1,,,,
alternative,alternative,/ɒ:l'tә:nәtiv/,n.,"n. 两者择一, 供替代的选择；a. 两者择一的, 供选择的",A2,,,,
column,column,/'kɒlәm/,n.,"n. 专栏, 圆柱, 纵队, 列, 柱形物",A2,,,,
interaction,interaction,/.intәr'ækʃәn/,n.,"n. 交互作用, 交感",B2,,,,
personality,personality,/.pә:sә'næliti/,n.,"n. 个性, 人格, (团体、地方、国家)特有特性, 名人",A2,,,,
curriculum,curriculum,/kә'rikjulәm/,n.,n. 课程,B2,,,,
signal,signal,/'signl/,vt./vi./n.,"n. 信号, 暗号, 近因, 导火线；vt. 向...作信号, 标志, 用信号通知；vi. 发信号；a. 作为信号的, 显著的",B1,,,,
king,king,/kiŋ/,vt./vi./n.,"n. 国王, 君主；vt. 使...成为君主；vi. 君临, 统治",A2,,,,
passenger,passenger,/'pæsindʒә/,n.,"n. 乘客, 旅客",A2,,,,
assistance,assistance,/ә'sistәns/,n.,"n. 协助, 援助",B2,,,,
forever,forever,/fә'revә/,adv.,adv. 永远,B1,,,,
regard,regard,/ri'gɑ:d/,vt./vi./n.,"n. 关心, 注意, 尊敬, 关系, 问候；vt. 视为, 注意, 考虑, 和...有关, 看待；vi. 注视, 注意",B2,,,,
israeli,israeli,/iz'reili/,n.,"a. 以色列的, 以色列人(语)的；n. 以色列人",Beyond C1,,,,
twenty,twenty,/'twenti/,num.,"num. 二十, 二十个",A1,,,,
knock,knock,/nɒk/,v./n.,"n. 敲, 敲打, 敲门；v. 敲击, 互撞, 攻击",A2,,,,
lab,lab,/læb/,n.,"n. 实验室, 研究室",A2,,,,
wrap,wrap,/ræp/,vt./vi./n.,"n. 外套, 围巾, 包裹物, 限制, 约束, 秘密, 换行；vt. 包装, 卷, 缠绕, 包, 裹, 覆盖, 遮蔽, 隐藏, 掩护；vi. 缠绕, 穿外衣, 包起来",B2,,,,
display,display,/dis'plei/,vt./n.,"n. 显示, 陈列, 炫耀, 显示器；vt. 陈列, 显示, 表现, 夸示",B2,,,,
criticism,criticism,/'kritisizm/,n.,"n. 批评, 评论, 非难",B2,,,,
asset,asset,/'æset/,n.,"n. 资产, 有益的东西",B2,,,,
depression,depression,/di'preʃәn/,n.,"n. 不景气, 消沉, 沮丧, 洼地",B2,,,,
spiritual,spiritual,/'spiritʃuәl/,n.,"a. 精神上的, 神圣的, 崇高的, 高尚的, 鬼的, 招魂术的；n. 有关教会的事",B2,,,,
musical,musical,/'mju:zikl/,n.,"n. 音乐片, 音乐舞台剧；a. 音乐的, 声音美妙的, 喜爱音乐的",A2,,,,
prayer,prayer,/prєә. 'preiә/,n.,"n. 祈祷, 恳求, 祷辞, 祈祷者",B1,,,,
journalist,journalist,/'dʒә:nәlist/,n.,"n. 新闻记者, 从事新闻杂志业的人",A2,,,,
suspect,suspect,/sә'spekt/,v./n.,"n. 被怀疑者, 嫌疑犯；a. 令人怀疑的, 不可信的, 可疑的；v. 怀疑, 猜想",B2,,,,
scholar,scholar,/'skɒlә/,n.,"n. 学者, 奖学金获得者, 有文化者, 学习者",B2,,,,
warning,warn,/'wɒ:niŋ/,n.,"n. 警告, 预告, 预兆, 通知",B1,,,,
climate,climate,/'klaimit/,n.,"n. 气候, 社会趋势, 气候区",A2,,,,
cheese,cheese,/tʃi:z/,n.,n. 乳酪,A1,,,,
observation,observation,/.ɒbzә:'veiʃәn/,n.,"n. 观察, 注意, 观测, 观察力",B2,,,,
payment,payment,/'peimәnt/,n.,"n. 付款, 支付的款项(或实物), 偿还, 报应, 惩罚",B1,,,,
childhood,childhood,/'tʃaildhud/,n.,n. 孩童时期,B1,,,,
sir,sir,/sә:/,n.,"n. 先生, 阁下",A2,,,,
permit,permit,/pә'mit/,vt./vi./n.,"n. 许可证, 许可, 执照, 通行证；vt. 允许, 容许, 可能, 使放手做；vi. 容许, 给以机会, 提供可能",B2,,,,
definition,definition,/.defi'niʃәn/,n.,"n. 定义, 精确度, 清晰度",B1,,,,
cigarette,cigarette,/.sigә'ret/,n.,"n. 香烟, 纸烟",A2,,,,
priority,priority,/prai'ɒriti/,n.,"n. 优先权, 优先",B2,,,,
bread,bread,/bred/,vt./n.,"n. 面包, 生计, 食物；vt. 裹以面包屑",A1,,,,
creation,creation,/kri:'eiʃәn/,n.,"n. 创造, 创作物, 发明",B2,,,,
graduate,graduate,/'grædʒueit/,vt./vi./n.,"n. 毕业生, 量杯；a. 已得学位的, 研究生的, 毕业的；vi. 毕业, 得学位, 逐渐变为；vt. 准予...毕业, 授予...学位, 分等级, 刻刻度",B1,,,,
request,request,/ri'kwest/,vt./n.,"n. 请求, 需要, 申请书；vt. 请求, 要求, 邀请",A2,,,,
emotion,emotion,/i'mәuʃәn/,n.,"n. 情绪, 激动, 强烈的情感",B1,,,,
scream,scream,/skri:m/,vt./vi./n.,"n. 尖叫声；vi. 尖叫, 大笑, 尖啸, 令人震惊；vt. 尖叫着说, 大叫大嚷着要求",B2,,,,
dramatic,dramatic,/drә'mætik/,,"a. 戏剧性的, 生动的",B2,,,,
universe,universe,/'ju:nivә:s/,n.,"n. 宇宙, 星系, (思想等)范围",B2,,,,
gap,gap,/gæp/,vt./vi./n.,"n. 缝隙, 缺口, 间断, 间距, 通用汇编程序；vt. 打开缺口, 造成缝隙；vi. 豁开",A2,,,,
deeply,deeply,/'di:pli/,adv.,"adv. 深刻地, 在深处, 深沉地",B2,,,,
excellent,excellent,/'ekslәnt/,,"a. 优良的, 杰出的, 出色的",A2,,,,
prosecutor,prosecutor,/'prɒsikju:tә/,n.,"n. 实行者, 告发者, 公诉人",C1,,,,
lucky,lucky,/'lʌki/,,"a. 幸运的, 吉祥的, 好运的, 侥幸的",A2,,,,
drag,drag,/dræg/,v./n.,"n. 拖, 拖累；v. 拖累, 拖拉, 沉重缓慢地走, 拖动",B2,,,,
airline,airline,/'єәlain/,n.,"n. 航线, 航线的设备, 航空公司",A2,,,,
library,library,/'laibrәri/,n.,"n. 图书馆, 藏书, 库",A1,,,,
agenda,agenda,/ә'dʒendә/,,"pl. 议程, 日常工作事项",B2,,,,
recover,recover,/ri'kʌvә/,vt./vi.,"vt. 重新获得, 恢复, 复原, 拯救；vi. 痊愈, 复原, 胜诉",B2,,,,
factory,factory,/'fæktәri/,n.,"n. 工厂, 产生地, 代理店",A2,,,,
selection,selection,/si'lekʃәn/,n.,"n. 选择, 选文, 精选品",B2,,,,
primarily,primarily,/'praimәrili/,adv.,"adv. 主要地, 首先地",B2,,,,
roof,roof,/ru:f/,vt./n.,"n. 屋顶, 室顶；vt. 给...盖屋顶, 遮蔽",A2,,,,
unable,unable,/ʌn'eibl/,,"a. 不能的, 不会的",B1,,,,
expense,expense,/ik'spens/,n.,"n. 费用, 代价, 开支, 损失",B2,,,,
initiative,initiative,/i'niʃiәtiv/,n.,"n. 主动行动, 首创精神, 主动权；a. 自发的, 起始的",B2,,,,
diet,diet,/'daiәt/,vt./vi./n.,"n. 日常饮食, 议会；vt. 照规定饮食；vi. 忌食",A1,,,,
arrest,arrest,/ә'rest/,vt./n.,"n. 逮捕, 监禁；vt. 拘捕, 抑制, 吸引, 阻止",B1,,,,
funding,fund,/'fʌndiŋ/,,[经] 债务转期,B2,,,,
therapy,therapy,/'θerәpi/,n.,n. 治疗,B2,,,,
wash,wash,/wɒʃ/,vt./vi./n.,"n. 洗, 洗涤, 冲洗, 洗的衣服, 冲积物, 洼地；vt. 洗, 洗涤, 洗清, 用水冲洗, 流过, 弄湿, 粉刷, 镀金属薄层于；vi. 洗涤, 洗澡, 被冲蚀, 漂浮",A1,,,,
schedule,schedule,/'skedʒuәl/,vt./n.,"n. 时间表, 一览表, 计划表, 议事日程；vt. 预定, 编制目录, 制...表, 安排",A2,,,,
sad,sad,/sæd/,,"a. 忧愁的, 悲哀的",A1,,,,
brief,brief,/bri:f/,vt./n.,"n. 摘要, 简报；a. 简短的, 短暂的；vt. 对...作简报, 摘要, 节录",B2,,,,
housing,house,/'hausiŋ/,n.,"n. 遮盖, 住房供给, 居留(处), 房屋, 装饰",B2,,,,
post,post,/pәust/,vt./vi./n./adv.,"n. 柱, 杆, 准星, 邮件, 邮政, 标竿, 职位, 岗位, 哨所, 兵营；vt. 张帖, 邮递, 公布, 登入帐, 使熟悉, 布置；vi. 快速行进；adv. 急速地",A1,,,,
purchase,purchase,/'pә:tʃәs/,vt./n.,"n. 购买, 购买品, 紧握, 绞辘；vt. 购买, 赢得, 努力取得, 用滑轮起(锚等)",B2,,,,
existing,exist,/i^'zistiŋ/,,"a. 存在的, 目前的, 现存的, 现有的",A2,,,,
steel,steel,/sti:l/,vt./n.,"n. 钢, 钢制品, 钢铁, 坚硬, 坚固；a. 钢的, 钢制的, 钢铁业的, 坚强的；vt. 使坚强, 钢化, 使冷酷",B2,,,,
regarding,regard,/ri'gɑ:diŋ/,prep.,prep. 关于,B2,,,,
shout,shout,/ʃaut/,vt./vi./n.,"n. 呼喊, 喊声；vi. 呼喊, 喊叫, 嚷；vt. 高喊",A2,,,,
remaining,remain,,,[电] 剩余的,B1,,,,
visual,visual,/'viʒuәl/,,a. 视觉的,B2,,,,
fairly,fairly,/'fєәli/,adv.,"adv. 美观地, 公平地, 相当地, 清楚地",B1,,,,
violent,violent,/'vaiәlәnt/,,"a. 暴力的, 猛烈的, 激烈的, 极端的, 凶暴的",B1,,,,
chip,chip,/tʃip/,vt./vi./n.,"n. 屑片, 薄片, 碎片；vt. 削, 切, 削成碎片, 使摔倒, 凿；vi. 削下屑片",A2,,,,
silent,silent,/'sailәnt/,,"a. 沉默的, 安静的, 无声的, 静止的",B1,,,,
suppose,suppose,/sә'pәuz/,vt./vi.,"vt. 推想, 假设, 以为, 想像, 假定；vi. 料想",A2,,,,
self,self,/self/,vt./vi./n.,"n. 自己, 自我, 本性, 本质, 私心, 本人；vt. 使近亲繁殖, 使自花授精；vi. 自花授精；a. 同一的",B2,,,,
bike,bike,/baik/,n.,"n. 自行车, 脚踏车",A1,,,,
tea,tea,/ti:/,n.,"n. 茶, 茶叶",A1,,,,
perceive,perceive,/pә'si:v/,vt.,"vt. 感觉, 认知, 理解, 意识到",B2,,,,
comparison,comparison,/kәm'pærisn/,n.,"n. 比较, 对照, 比喻",B1,,,,
settlement,settlement,/'setlmәnt/,n.,"n. 安顿, 解决, 处理, 结算, 殖民, 殖民地, 沉降",C1,,,,
layer,layer,/'leiә/,vt./n.,"n. 层, 产卵鸡, 放置者；vt. 分层堆积, 压植",B1,,,,
planning,plan,,n.,"n. 计划的制订, 策划, 设计, 规划",B1,,,,
description,description,/di'skripʃәn/,n.,"n. 描述, 说明, 种类",A1,,,,
slide,slide,/slaid/,vt./vi./n.,"n. 滑, 滑道, 山崩, 雪崩, 幻灯片；vt. 使滑动, 偷偷放入；vi. 滑动, 滑落, 不知不觉陷入, 偷偷地走",B2,,,,
widely,widely,/'waidli/,adv.,adv. 广泛地,B2,,,,
wedding,wedding,/'wediŋ/,n.,"n. 婚礼, 结婚, 结婚周年纪念日, 结合",A2,,,,
inform,inform,/in'fɒ:m/,vt./vi.,"vt. 通知, 使了解, 使充满；vi. 提供资料, 告发",B2,,,,
portion,portion,/'pɒ:ʃәn/,vt./n.,"n. 部分, 一份, 命运, 嫁妆；vt. 分配, 给...嫁妆",B2,,,,
territory,territory,/'teritәri/,n.,"n. 领土, 领地, 版图, 地区, 活动范围",B2,,,,
immediate,immediate,/i'mi:diәt/,,"a. 立即的, 直接的, 接近的",B1,,,,
opponent,opponent,/ә'pәunәnt/,n.,"n. 对手, 敌手, 反对者；a. 敌对的, 反对的, 对面的",B2,,,,
abandon,abandon,/ә'bændәn/,vt./n.,"vt. 放弃, 抛弃, 遗弃, 使屈从, 沉溺, 放纵；n. 放任, 无拘束, 狂热",B2,,,,
transform,transform,/træns'fɒ:m/,vt./vi.,"vt. 使转换, 改变, 改造, 使...变形；vi. 改变, 转化, 变换",B2,,,,
tension,tension,/'tenʃәn/,vt./n.,"n. 紧张, 不安, 拉紧, 张力, 压力, 电压；vt. 拉紧, 使紧张",B2,,,,
leading,lead,/'li:diŋ/,n.,"n. 领导, 指挥, 神示, 铅板；a. 领导的, 主要的, 在前的",B1,,,,
bother,bother,/'bɒðә/,vt./vi./n.,"vt. 烦扰, 迷惑；vi. 烦恼, 操心；n. 麻烦, 纠纷, 讨厌的人",B1,,,,
consist,consist,/kәn'sist/,vi.,"vi. 组成, 存在于, 一致",B1,,,,
alcohol,alcohol,/'ælkәhɒl/,n.,"n. 酒精, 酒",B1,,,,
enable,enable,/i'neibl/,vt.,vt. 使能够,B2,,,,
saving,save,/'seiviŋ/,n./prep.,"n. 存款, 挽救, 节约；a. 搭救的, 节约的, 保留的, 补偿的；prep. 除...之外",B2,,,,
bend,bend,/bend/,vt./vi./n.,"vi. 变弯曲, 屈服；vt. 使弯曲, 使屈服；n. 弯曲",B1,,,,
desert,desert,/'dezәt. di'sә:t/,vt./vi./n.,"n. 沙漠, 应得的赏罚, 功劳；a. 沙漠的, 不毛的；vt. 放弃, 遗弃, 擅离；vi. 逃掉",A2,,,,
shall,shall,/ʃæl/,,aux. 将,B2,,,,
error,error,/'erә/,n.,"n. 错误, 过失, 失误, 误差",A2,,,,
cop,cop,/kɒp/,vt./n.,n. 警官；vt. 抓住,B2,,,,
arab,arab,/'ærәb/,n.,"n. 阿拉伯人, 阿拉伯马；a. 阿拉伯人的, 阿拉伯的",Beyond C1,,,,
double,double,/'dʌbl/,vt./vi./n.,"n. 两倍；a. 两倍的, 双重的；vt. 使加倍；vi. 加倍, 代替, 快步走",A2,,,,
spanish,spanish,/'spæniʃ/,n.,"n. 西班牙人, 西班牙语；a. 西班牙的",Beyond C1,,,,
sand,sand,/sænd/,vt./n.,"n. 沙, 沙子, 沙滩, 光阴, 生涯；vt. 撒沙, 以沙掩盖",B1,,,,
print,print,/print/,v./n.,"n. 打印, 版, 印刷物, 痕迹, 印刷业, 印刷字体, 图片, 印花布, 印章；v. 打印, 印刷, 铭记, 留印记于, 用印刷体写",A2,,,,
preserve,preserve,/pri'zә:v/,vt./vi./n.,"vt. 保护, 保持, 保存, 维持, 腌, 禁猎；vi. 加工食品, 禁猎；n. 加工成的食品, 禁猎地, 保护区, 防护物",B2,,,,
ceo,ceo,,,abbr. 首席执行官；执行总裁（chief executive officer）,Beyond C1,,,,
passage,passage,/'pæsidʒ/,vt./vi./n.,"n. 通道, 通过, 移居, 航行, 一段, 走廊；vi. 通过, 经过, 航行, 横渡, 争吵；vt. (使)马以斜横步前进, 使传代",B2,,,,
formal,formal,/'fɒ:mәl/,n.,"a. 正式的, 形式的, 礼仪的, 拘于礼节的, 拘谨的；n. 正式的社交活动",A2,,,,
transition,transition,/træn'ziʃәn/,n.,"n. 转变, 转换, 变迁, 过渡时期, 临时转调",B2,,,,
existence,existence,/ig'zistәns/,n.,"n. 存在, 生存",B2,,,,
participation,participation,/.pɑ:tisi'peiʃәn/,n.,"n. 参与, 分享",B2,,,,
album,album,/'ælbәm/,n.,"n. 粘贴簿, 唱片套",B1,,,,
arrange,arrange,/ә'reindʒ/,v.,"v. 安排, 排列, 达成协议",A2,,,,
atmosphere,atmosphere,/'ætmәsfiә/,n.,"n. 大气, 空气, 气氛",B1,,,,
joint,joint,/dʒɒint/,vt./vi./n.,"n. 连接处, 接合, 关节；a. 共同的, 联合的, 连接的, 合办的；vt. 连接, 接合, 使有接头；vi. 贴合, 长节",B2,,,,
reply,reply,/ri'plai/,vt./vi./n.,"n. 答复, 回答, 答辩；vi. 答复, 回答, 回击, 反响, 答辩；vt. 回答",A2,,,,
cycle,cycle,/'saikl/,vt./vi./n.,"n. 周期, 循环, 自行车, 一段时间, 整套；vi. 循环, 轮转, 骑自行车；vt. 使循环, 使轮转",A2,,,,
lock,lock,/lɒk/,vt./vi./n.,"n. 锁, 刹车, 水闸, 一缕头发；vt. 锁, 锁上, 拘禁, 隐藏, (用锁等)拴住, 刹住；vi. 锁住, (齿轮等)啮合, (船)过闸",A2,,,,
opposite,opposite,/'ɒpәzit/,n./prep.,"a. 相对的, 相反的, 对面的；prep. 对面；n. 对立面",A1,,,,
deserve,deserve,/di'zә:v/,vt./vi.,"vt. 该得到, 值得；vi. 应得报答",B2,,,,
consistent,consistent,/kәn'sistәnt/,,"a. 一致的, 坚持的, 并立的, 坚固的",B2,,,,
resistance,resistance,/ri'zistәns/,n.,"n. 抵抗力, 反抗, 耐力, 阻力, 电阻",C1,,,,
discovery,discovery,/dis'kʌvәri/,n.,"n. 发现, 被发现的事物",A2,,,,
exposure,exposure,/ik'spәuʒә/,n.,"n. 暴露, 揭发, 揭露",B2,,,,
pose,pose,/pәuz/,vt./vi./n.,"n. 姿势, 姿态, 装模作样, 伪装；vi. 摆姿势, 装模作样, 假装；vt. 使摆好姿势, 提出, 造成",B2,,,,
stream,stream,/stri:m/,vt./vi./n.,"n. 水流, 小河, 流出, 趋势, 人潮；vt. 流出, 流动, 展开；vi. 流, 涌, 飘扬",B2,,,,
sale,sale,/seil/,n.,"n. 出售, 卖, 拍卖, 销售额, 廉价出售",A2,,,,
pot,pot,/pɒt/,vt./vi./n.,"n. 盆, 罐, 壶, 坩埚, 奖杯；vt. 装入盆中, 在锅中煮, 随手射击；vi. 随手射击",B1,,,,
mine,mine,/main/,vt./vi./n./pron.,"n. 矿, 矿藏, 地雷；vt. 挖掘, 开采, 在...布雷, 破坏；vi. 开矿, 埋设地雷；pron. 我的",A2,,,,
grand,grand,/grænd/,,"a. 庄重的, 壮观的, 显赫的, 重大的, 最高的, 雄伟的, 宏大的, 豪华的, 傲慢的",B2,,,,
hello,hello,/hә'lәu/,,"interj. 喂, 嘿",A1,,,,
tale,tale,/teil/,n.,"n. 故事, 谎言, 谣言, 陈述, 叙述",B2,,,,
knife,knife,/naif/,vt./vi./n.,"n. 小刀, 匕首；vt. 切割, 伤害, 切, 戳；vi. 劈开, 穿过",A2,,,,
coalition,coalition,/.kәuә'liʃәn/,n.,"n. 结合体, 结合, 联合",C1,,,,
resolve,resolve,/ri'zɒlv/,vt./vi./n.,"vi. 决定, 分解, 决心；vt. 使分解, 解析, 解决, 消除, 决心；n. 决定之事, 决心, 坚决",B2,,,,
racial,racial,/'reiʃәl/,,"a. 人种的, 种族的",B2,,,,
phase,phase,/feiz/,vt./n.,"n. 时期, 局面, 方面, 位相, 相, 阶段；vt. 使调整相位, 使定相, 使一致, 逐步执行, 实行",B2,,,,
joke,joke,/dʒәuk/,v./n.,"n. 笑话, 玩笑, 笑柄；v. 开玩笑, 取笑, 作弄",A2,,,,
coat,coat,/kәut/,vt./n.,"n. 外套；vt. 外面覆盖, 给...穿外套",A1,,,,
mexican,mexican,/'meksikәn/,n.,"n. 墨西哥人, 墨西哥语；a. 墨西哥的",Beyond C1,,,,
symptom,symptom,/'simptәm/,n.,"n. 症状, 征候, 征兆",B1,,,,
manufacturer,manufacturer,/.mænju'fæktʃәrә/,n.,"n. 制造业者, 厂商",Beyond C1,,,,
philosophy,philosophy,/fi'lɒsәfi/,n.,"n. 哲学, 人生观, 哲学思想, 哲理, 基本原理, 见解, 达观, 沉着",B2,,,,
potato,potato,/pә'teitәu/,n.,n. 马铃薯,A1,,,,
quote,quote,/kwәut/,vt./vi./n.,"n. 引用；vt. 引述, 举证, 报(价)；vi. 引用",B1,,,,
foundation,foundation,/faun'deiʃәn/,n.,"n. 基础, 根据, 建立",B2,,,,
online,online,,,[计] 联机,A1,,,,
negotiation,negotiation,/ni.gәuʃi'eiʃәn/,n.,"n. 谈判, 磋商, 交涉",B2,,,,
urge,urge,/ә:dʒ/,vt./vi./n.,"n. 冲动, 推动力, 迫切的要求；vt. 驱策, 力劝, 竭力主张, 推动；vi. 强烈要求",B2,,,,
occasion,occasion,/ә'keiʒәn/,vt./n.,"n. 场合, 时机, 机会, 诱因, 理由；vt. 惹起, 引起",B1,,,,
dust,dust,/dʌst/,vt./vi./n.,"n. 灰尘, 尘埃, 粉末, 花粉, 土, 骚乱；vt. 拂去灰尘, 撒, 弄成粉末；vi. 拂去灰尘, 化为粉末",B1,,,,
breathe,breathe,/bri:ð/,vt./vi.,"vi. 呼吸, 生存, 低语；vt. 呼吸, 使喘息, 发散, 低声说",B1,,,,
elect,elect,/i'lekt/,vt./vi./n.,"n. 当选人, 被选的人；a. 被选的, 选出的；vt. 选举, 选择；vi. 作选择",B2,,,,
investigator,investigator,/in'vestigeitә/,n.,"n. 调查者, 审查者",C1,,,,
jacket,jacket,/'dʒækit/,vt./n.,"n. 夹克, 外套, 护套；vt. 给...穿夹克, 给...装护套",A1,,,,
ordinary,ordinary,/'ɒ:dinәri/,n.,"a. 平常的, 普通的, 平凡的；n. 平常的人(或事)",A2,,,,
glad,glad,/glæd/,,"a. 高兴的, 喜欢的, 情愿的",B1,,,,
reduction,reduction,/ri'dʌkʃәn/,n.,"n. 减少, 缩影, 变化",B2,,,,
rarely,rarely,/'rєәli/,adv.,"adv. 很少地, 罕有地",B1,,,,
pack,pack,/pæk/,vt./vi./n.,"n. 包裹, 一伙, 一副, 背包, 包装；vt. 包装, 捆扎, 塞满, 压紧, 挑选；vi. 包装货物, 挤, 群集, 被包装",A2,,,,
suicide,suicide,/'sjuisaid/,v./n.,"n. 自杀, 自杀者；v. 自杀；a. 自杀的",C1,,,,
numerous,numerous,/'nju:mәrәs/,,"a. 很多的, 数目众多的, 多数的",B2,,,,
substance,substance,/'sʌbstәns/,n.,"n. 物质, 实质, 主旨, 资产, 本质, 牢固",B1,,,,
discipline,discipline,/'disiplin/,vt./n.,"n. 训练, 纪律；vt. 训练, 惩罚",B2,,,,
elsewhere,elsewhere,/'elshwєә/,adv.,adv. 在别处,B2,,,,
iron,iron,/'aiәn/,vt./vi./n.,"n. 铁, 熨斗, 铁器, 坚强, 烙铁, 镣铐；vt. 烫平, 熨, 用铁包；vi. 烫平",B1,,,,
practical,practical,/'præktikl/,,"a. 实际的, 现实的, 实用性的",B1,,,,
moreover,moreover,/mɒ:'әuvә/,adv.,"adv. 而且, 此外",B2,,,,
passion,passion,/'pæʃәn/,n.,"n. 激情, 酷爱, 热爱, 强烈感情, 耶稣受难(故事)",B1,,,,
volunteer,volunteer,/.vɒlәn'tiә/,v./n.,n. 志愿者；a. 志愿的；v. 自愿,B1,,,,
implement,implement,/'implimәnt/,vt./n.,"n. 工具, 器具, 手段；vt. 实现, 使生效, 执行",B2,,,,
essentially,essentially,/i'senʃәli/,adv.,"adv. 本质上, 本来",B2,,,,
gene,gene,/dʒi:n/,n.,n. 基因,B2,,,,
enforcement,enforcement,/in'fɒ:smәnt/,n.,"n. 执行, 强制",C1,,,,
sauce,sauce,/sɒ:s/,vt./n.,"n. 酱油, 调味汁, 酱；vt. 给...调味, 使增加趣味",A2,,,,
vs,vs,,prep.,prep. 对,Beyond C1,,,,
independence,independence,/.indi'pendәns/,n.,"n. 独立, 自立, 自主",B2,,,,
marketing,marketing,/'mɑ:kitiŋ/,n.,"n. 行销, 买卖",B1,,,,
priest,priest,/pri:st/,n.,"n. 祭司, 牧师, 神父, 神质人员, 僧侣, 泰斗",B1,,,,
amazing,amazing,/ә'meiziŋ/,,a. 令人惊异的,A1,,,,
intense,intense,/in'tens/,,"a. 非常的, 强烈的, 紧张的, 热情的",B2,,,,
advance,advance,/әd'vɑ:ns/,vt./vi./n.,"n. 前进, 进展, 行过的路程；vi. 前进, 进展, 提高, 上涨；vt. 使前进, 促进, 提出, 提高, 使提前, 预付；a. 前面的, 预先的",B2,,,,
employer,employer,/im'plɒiә/,n.,"n. 雇主, 老板",A2,,,,
shock,shock,/ʃɒk/,vt./vi./n.,"n. 震动, 冲突, 震惊, 冲击, 突击, 禾束堆, 休克, 长毛狗；vt. 使震动, 使休克, 使受电击, 震惊得；vi. 震动, 吓人；a. 蓬乱浓密的",B2,,,,
inspire,inspire,/in'spaiә/,vt./vi.,"vt. 使感动, 激发, 启示, 吸入, 鼓舞, 产生, 使生灵感；vi. 吸入, 赋予灵感",B2,,,,
adjust,adjust,/ә'dʒʌst/,vt./vi.,"vt. 调整, 使适应于, 校准；vi. 适应于, 被调节, 相互熟悉而适应",B2,,,,
retire,retire,/ri'taiә/,vt./vi./n.,"n. 隐居；vi. 引退, 退役, 退休, 退去, 撤退, 退却；vt. 使...撤退, 辞退",B1,,,,
kiss,kiss,/kis/,vt./vi./n.,n. 吻；vt. 吻；vi. 接吻,B1,,,,
illness,illness,/'ilnis/,n.,"n. 疾病, 恶意",A2,,,,
visible,visible,/'vizәbl/,n.,"a. 看得见的, 明显的, 显然的；n. 可见物",B2,,,,
cap,cap,/kæp/,vt./vi./n.,"n. 盖子, 帽子；vt. 戴帽子, 覆盖, 胜过；vi. 脱帽致意",B1,,,,
competitive,competitive,/kәm'petitiv/,,a. 竞争的,B1,,,,
habit,habit,/'hæbit/,vt./n.,"n. 习惯, 嗜好, 习性；vt. 使穿衣",A2,,,,
congressional,congressional,/kәn'greʃәnl/,,"a. 会议的, 议会的, 国会的",C1,,,,
juice,juice,/dʒu:s/,vt./n.,"n. 汁, 活力, 体液；vt. 挤出汁来, 加汁",A1,,,,
involvement,involvement,/in'vɔlvmәnt/,n.,"n. 卷入, 牵连, 包含, 困窘",C1,,,,
dominate,dominate,/'dɒmineit/,v.,"v. 支配, 占优势",B2,,,,
previously,previously,/'pri:vju:sli/,adv.,"adv. 先, 先前, 以前, 前, (非正式)过早, 过急, 在前, 在...以前, 在先",B1,,,,
whenever,whenever,/hwen'evә/,adv./conj.,"conj. 每当；adv. 不论何时, 每逢",B1,,,,
transfer,transfer,/træns'fә:/,vt./vi./n.,"n. 迁移, 移动, 传递, 转让, 转移, 过户, 汇兑, 换车；vt. 使转移, 调转, 调任, 改变, 传递, 转让；vi. 转移, 转学, 转职, 换车",B2,,,,
analyze,analyze,/'ænәlaiz/,vt.,"vt. 分析, 细察, 分解",A2,,,,
attach,attach,/ә'tætʃ/,vt./vi.,"vt. 附上, 使依附, 使附属, 使喜爱, 系, 缚；vi. 附属, 归属, 联系在一起",B1,,,,
disaster,disaster,/di'zɑ:stә/,n.,"n. 灾祸, 不幸, 彻底失败",A2,,,,
parking,park,/'pɑ:kiŋ/,n.,n. 停车；a. 停车的,A2,,,,
prospect,prospect,/'prɒspekt/,vt./vi./n.,"n. 景色, 展望；vt. 勘探, 勘察；vi. 勘探, 有前途",B2,,,,
boss,boss,/bɒs/,vt./n.,"n. 老板, 上司, 岩瘤, 浮雕, 母牛；vt. 指挥, 控制, 浮雕",A2,,,,
complaint,complaint,/kәm'pleint/,n.,"n. 诉苦, 抱怨, 控诉",B1,,,,
championship,championship,/'tʃæmpiәnʃip/,n.,"n. 冠军身份, 冠军称号, 捍卫",B2,,,,
fundamental,fundamental,/.fʌndә'mentәl/,n.,"n. 基本原理, 原则, 基波；a. 基本的, 重要的, 原音的",B2,,,,
severe,severe,/si'viә/,,"a. 严格的, 尖锐的, 严肃的, 严重的, 严厉的, 朴素的",B2,,,,
enhance,enhance,/in'hæns/,vt.,"vt. 提高, 加强, 增加",B2,,,,
mystery,mystery,/'mistәri/,n.,"n. 秘密, 神秘, 奥秘",B1,,,,
poverty,poverty,/'pɒvәti/,n.,"n. 贫穷, 贫困, 缺乏",B1,,,,
impose,impose,/im'pәuz/,vt./vi.,"vt. 征(税), 把...强加于, 以...欺骗；vi. 利用, 欺骗, 施加影响",B2,,,,
spending,spend,/'spendiŋ/,n.,"n. 经费, 开销",B1,,,,
entry,entry,/'entri/,n.,"n. 登录, 条目, 进入, 入口, 报关",B1,,,,
evaluate,evaluate,/i'væljueit/,vt.,"vt. 评估, 评价, 赋值",B2,,,,
symbol,symbol,/'simbl/,n.,"n. 符号, 象征, 代号, 信条",A2,,,,
maker,maker,/'meikә/,n.,"n. 制造者, 上帝",Beyond C1,,,,
mood,mood,/mu:d/,n.,"n. 心情, 气氛, 生气, 基调",B1,,,,
accomplish,accomplish,/ә'kʌmpliʃ/,vt.,"vt. 完成, 达到, 实现, 使完美",B2,,,,
emphasis,emphasis,/'emfәsis/,n.,"n. 强调, 加强, 重点, 强语气",B2,,,,
boot,boot,/bu:t/,vt./n.,"n. 长靴, 踢, 解雇, 效用；vt. 使穿靴, 踢, 解雇, 有用",A1,,,,
illustrate,illustrate,/'ilәstreit/,vt./vi.,"vt. 举例说明, 作图解, 阐明；vi. 举例说明",B2,,,,
monitor,monitor,/'mɒnitә/,v./n.,"n. 监督器, 级长, 监听员, 班长, 监视器, 告诫物；v. 监视, 监听, 监督",B2,,,,
entertainment,entertainment,/.entә'teinmәnt/,n.,"n. 娱乐, 款待, 娱乐表演",B1,,,,
asian,asian,/'eiʃәn/,n.,"n. 亚洲人；a. 亚洲的, 亚洲人的",Beyond C1,,,,
bean,bean,/bi:n/,n.,n. 豆子,A2,,,,
creature,creature,/'kri:tʃә/,n.,"n. 人, 动物, 创造物, 生物",B2,,,,
evaluation,evaluation,/i.vælju'eiʃәn/,n.,"n. 评估, 估价, 求值",B2,,,,
commander,commander,/kә'mɑ:ndә/,n.,"n. 司令官, 指挥官",B2,,,,
digital,digital,/'didʒitәl/,n.,"a. 数字显示的, 数字的；n. 数字仪表, 数字式电子表(或时钟)",A2,,,,
arrangement,arrangement,/ә'reindʒmәnt/,n.,"n. 排列, 整齐, 安排",A2,,,,
concentrate,concentrate,/'kɒnsәntreit/,v./n.,"n. 浓缩, 精选；v. 集中, 专心",B1,,,,
usual,usual,/'ju:ʒuәl/,,"a. 平常的, 通常的",A2,,,,
psychological,psychological,/.saikә'lɒdʒikәl/,,"a. 心理学的, 精神上的, 心灵的",B2,,,,
anger,anger,/'æŋgә/,vt./vi./n.,"n. 忿怒；vt. 激怒, 使发怒；vi. 发怒",B2,,,,
heavily,heavily,/'hevili/,adv.,"adv. 很重地, 严重地, 难以忍受地",B1,,,,
peak,peak,/pi:k/,vt./vi./n.,"n. 山峰, 巅, 山顶, 顶点, 尖峰, 帽舌；a. 最高的, 最大值的；vi. 到达最高点, 消瘦, 变憔悴, 逐渐缩小；vt. 使竖起, 使达到最高点",C1,,,,
approximately,approximately,/ә'prɒksimәtli/,adv.,"adv. 大约, 大致, 近于",B1,,,,
increasing,increase,/in'kri:siŋ/,,[经] 递增,A2,,,,
missile,missile,/'misail/,n.,"n. 发射物, 导弹, 飞弹, 火箭；a. 可发射的",C1,,,,
disorder,disorder,/dis'ɒ:dә/,vt./n.,"n. 杂乱, 混乱；vt. 扰乱, 使失调",B2,,,,
equally,equally,/'i:kwәli/,adv.,"adv. 相等地, 同样地, 平等地",B1,,,,
wire,wire,/'waiә/,vt./vi./n.,"n. 电线, 电报, 电信, 铁丝网, 金属丝；vt. 用金属丝捆扎, 拍电报；vi. 打电报",B2,,,,
vary,vary,/'vєәri/,vt./vi.,"vt. 改变, 使多样化；vi. 变化, 有不同, 违反",B2,,,,
round,round,/raund/,vt./n./adv./prep.,"n. 圆, 圆形物, 巡回, 循环, 一轮, 一回合, 一局, 范围, 轮唱；a. 圆的, 球形的, 丰满的, 肥胖的, 完全的, 大概的, 完美的, 圆润的；prep. 围着, 附近, 绕过, 在...周围；adv. 围绕着, 在周围, 迂回地, 挨个, 朝反方向；vt. 弄圆, 使成圆形, 绕行, 完成, 围捕, 把...四舍五入",A2,,,,
distribution,distribution,/.distrә'bju:ʃәn/,n.,n. 分配,B2,,,,
transportation,transportation,/.trænspә'teiʃәn/,n.,"n. 运输, 输送, 交通车辆",A2,,,,
holy,holy,/'hәuli/,n.,"a. 神圣的, 圣洁的, 至善的；n. 神圣的东西",B2,,,,
twin,twin,/twin/,vt./vi./n.,"n. 双胞胎中一人, 一对非常相像的人(或物)中的一个；a. 双胞胎的, 成对的, 孪生的；vi. 生双胞胎, 成对；vt. 怀(双胞胎), 使成对",A2,,,,
command,command,/kә'mɑ:nd/,v./n.,"n. 命令, 指挥, 控制, 部队, 司令部；v. 命令, 指挥, 控制",B2,,,,
commission,commission,/kә'miʃәn/,vt./n.,"n. 委任状, 任官令, 所委职责, 佣金, 犯, 委托, 所托之事；vt. 委任, 委托制作, 使服役",B2,,,,
interpretation,interpretation,/in.tә:pri'teiʃәn/,n.,"n. 解释, 演出, 翻译",B2,,,,
breakfast,breakfast,/'brekfәst/,n.,n. 早餐,A1,,,,
strongly,strongly,/'strɒŋli/,adv.,"adv. 强有力地, 坚强地, 激烈地",B1,,,,
luck,luck,/lʌk/,vi./n.,"n. 运气, 幸运, 好运, 侥幸；vi. 靠好运成功",A2,,,,
engineering,engineering,/.endʒi'niәriŋ/,n.,"n. 工程学, 工程, 操纵",B1,,,,
constant,constant,/'kɒnstәnt/,n.,"n. 常数, 恒量；a. 不变的, 一定的, 时常的",B2,,,,
clinic,clinic,/'klinik/,n.,"n. 诊所, 临床教学",B2,,,,
veteran,veteran,/'vetәrәn/,n.,"n. 老手, 退伍军人, 老兵, 老树；a. 老兵的, 老练的, 经验丰富的",C1,,,,
smell,smell,/smel/,vt./vi./n.,"n. 味道, 气味, 嗅觉, 嗅, 臭味, 气息；vt. 闻, 探出, 察觉, 发出...的气味；vi. 嗅, 散发气味, 发臭",A2,,,,
tablespoon,tablespoon,/'teiblspu:n/,n.,n. 大汤匙,Beyond C1,,,,
capable,capable,/'keipәbl/,,"a. 有能力的, 能的, 能干的",B2,,,,
nervous,nervous,/'nә:vәs/,,"a. 神经紧张的, 不安的, 神经的",A2,,,,
tourist,tourist,/'tuәrist/,n.,"n. 观光客, 旅行者；a. 旅游的",A1,,,,
toss,toss,/tɒs/,vt./vi./n.,"n. 投掷, 抛, 摇摆, 震荡, 掷钱币决定；vt. 投掷, 猛抬, 摇荡, 使不安, 掷钱币决定；vi. 被到处扔, 摇摆, 颠簸, 辗转, 掷钱币决定某事",C1,,,,
crucial,crucial,/'kru:ʃәl/,,"a. 决定性的, 重要的, 严厉的",B2,,,,
bury,bury,/'beri/,vt.,"vt. 埋葬, 埋藏",B1,,,,
pray,pray,/prei/,v.,"v. 祈祷, 恳求, 请",B1,,,,
tomato,tomato,/tә'mɑ:tәu/,n.,"n. 番茄, 西红柿",A1,,,,
exception,exception,/ik'sepʃәn/,n.,"n. 例外, 除外, 异议",B2,,,,
butter,butter,/'bʌtә/,vt./n.,"n. 奶油, 黄油；vt. 涂黄油于",A1,,,,
deficit,deficit,/'defisit/,n.,"n. 赤字, 不足额",C1,,,,
bathroom,bathroom,/'bɑ:θru:m/,n.,"n. 浴室, 厕所",A1,,,,
objective,objective,/әb'dʒektiv/,n.,"n. 目的, 目标, 宗旨, 宾格, 实物；a. 客观的, 如实的, 无偏见的, 宾格的",B2,,,,
electronic,electronic,/.ilek'trɒnik/,,a. 电子的,A2,,,,
ally,ally,/'ælai. ә'lai/,vt./vi./n.,"n. 同盟者, 同盟国, 助手；vt. 使联盟, 使联合, 使有关系；vi. 结盟",C1,,,,
journey,journey,/'dʒә:ni/,vt./vi./n.,"n. 旅程, 旅行, 行程；vi. 旅行；vt. 游历",B1,,,,
surely,surely,/'ʃuәli/,adv.,"adv. 的确地, 安全地",B1,,,,
reputation,reputation,/.repju'teiʃәn/,n.,"n. 名誉, 名声, 声望",B2,,,,
tower,tower,/'tauә/,vi./n.,"n. 塔, 高楼, 堡垒；vi. 高耸, 翱翔",A2,,,,
mixture,mixture,/'mikstʃә/,n.,"n. 混合, 混淆, 混合物",B1,,,,
smoke,smoke,/smәuk/,vt./vi./n.,"n. 烟, 雾气, 烟熏剂, 抽烟, 烟色；vi. 吸烟, 冒烟, 弥漫；vt. 以烟熏, 抽烟而导致...",A2,,,,
confront,confront,/kәn'frʌnt/,vt.,"vt. 使面对, 对抗, 遭遇, 使对质, 比较",C1,,,,
pure,pure,/pjuә/,,"a. 纯的, 纯净的, 纯洁的, 清白的, 完美的, 无瑕的, 抽象的",B2,,,,
glance,glance,/'glɑ:ns/,vt./vi./n.,"n. 一瞥, 闪光, 掠过, 辉矿类；vi. 扫视, 闪光, 掠过, 提到, 略说；vt. 扫视, 反射, 使掠过",C1,,,,
toy,toy,/tɒi/,vi./n.,"n. 玩具, 小玩艺儿, 小型的东西, 消遣；a. 供玩耍的, 作为玩具的；vi. 玩弄, 戏弄, 调情",A2,,,,
prisoner,prisoner,/'priznә/,n.,"n. 囚犯, 犯人, 战俘",B1,,,,
dimension,dimension,/dai'menʃәn/,vt./n.,"n. 尺寸, 次元, 面积, 维数；vt. 标出尺寸",C1,,,,
fellow,fellow,/'felәu/,n.,"n. 男人, 朋友, 同事；a. 同伴的, 同事的, 同道的",B2,,,,
smooth,smooth,/smu:ð/,vt./vi./n.,"a. 平滑的, 平稳的, 流畅的, 和蔼的, 安祥的, 圆滑的, 调匀的, 无毛的；vt. 使光滑, 烫平, 使平和, 消除；vi. 变平滑, 变平静；n. 一块平地, 平滑部分",B1,,,,
nearby,nearby,/'niәbai/,adv./prep.,"a. 附近的, 近旁的；adv. 在附近, 近旁地；prep. 在...附近",B2,,,,
peer,peer,/piә/,vt./vi./n.,"n. 同等的人, 匹敌, 贵族；vi. 凝视, 窥视, 费力地看, 隐现；vt. 与...同等, 封为贵族",B2,,,,
personnel,personnel,/.pә:sә'nel/,n.,"n. 人员, 人事部门, 人事科(处)",C1,,,,
designer,designer,/di'zainә/,n.,"n. 设计者, 谋划者, 制图者",A2,,,,
relative,relative,/'relәtiv/,n.,"n. 亲戚, 关系词；a. 有关系的, 相对的, 比较的",B1,,,,
educator,educator,/'edjukeitә/,n.,n. 教育家,C1,,,,
belt,belt,/belt/,n.,"n. 带子, 地带",A2,,,,
immigration,immigration,/.imi'greiʃәn/,n.,"n. 移民, 移居",B2,,,,
teaspoon,teaspoon,/'ti:spu:n/,n.,n. 茶匙,Beyond C1,,,,
birthday,birthday,/'bә:θdei/,n.,n. 生日,A1,,,,
implication,implication,/.impli'keiʃәn/,n.,"n. 牵连, 含义, 暗示",B2,,,,
perfectly,perfectly,/'pә:fiktli/,adv.,"adv. 完全地, 无瑕疵地, 完整地",B1,,,,
coast,coast,/kәust/,v./n.,"n. 海岸, 滑坡；v. 沿海岸而行",A2,,,,
supporter,supporter,/sә'pɒ:tә/,n.,"n. 支持者, 后盾, 迫随者, 护身织物",B1,,,,
accompany,accompany,/ә'kʌmpәni/,vt./vi.,"vt. 陪伴, 伴随, 补充, 为...伴奏；vi. 伴奏, 伴唱",B2,,,,
silver,silver,/'silvә/,vt./vi./n.,"n. 银, 银币, 银器；a. 银的, 银制的, 银器的；vt. 镀银；vi. 变银白色",A2,,,,
teenager,teenager,/'ti:nidʒә/,n.,n. 十三岁到十九岁的少年,A1,,,,
recognition,recognition,/.rekәg'niʃәn/,n.,"n. 赞誉, 认得, 识别, 承认, 认可, 认识",B2,,,,
retirement,retirement,/ri'taiәmәnt/,n.,"n. 退休, 隐居, 撤退",B2,,,,
recovery,recovery,/ri'kʌvәri/,n.,"n. 恢复, 复原, 痊愈, 重获",B2,,,,
flag,flag,/flæg/,vt./vi./n.,"n. 标志, 旗标, 旗子, 信号旗, 菖蒲；vt. 悬旗, 打旗号, 铺石板；vi. 无力地下垂",B1,,,,
whisper,whisper,/'hwispә/,vt./vi./n.,"n. 耳语, 密谈, 谣传, 沙沙声；vi. 耳语, 密谈, 沙沙地响；vt. 低声说",B2,,,,
gentleman,gentleman,/'dʒentlmәn/,n.,"n. 绅士, 先生",B1,,,,
corn,corn,/kɒ:n/,vt./n.,"n. 玉蜀黍, 谷类, 谷粒, 鸡眼；vt. 使成颗粒, 腌",B1,,,,
inner,inner,/'inә/,n.,"a. 内部的, 内心的；n. 内部",B2,,,,
moon,moon,/mu:n/,vt./vi./n.,"n. 月亮, 月球, 月光；vi. 闲荡；vt. 虚度",A2,,,,
junior,junior,/'dʒu:njә/,n.,"n. 年少者, 地位较低者, 大学三年级学生；a. 年少的, 下级的, 后进的",B2,,,,
swing,swing,/swiŋ/,vt./vi./n.,"n. 摇摆, 振幅, 音律, 节奏, 涨落, 秋千, 旋转, 行动自由；vi. 摇摆, 悬挂, 旋转, 大摇大摆地走, 转向；vt. 挥舞, 使旋转, 使转向, 悬挂, 吊运；a. 旋转的, 悬挂的, 强节奏爵士音乐的",C1,,,,
throat,throat,/θrәut/,vt./n.,"n. 咽喉, 喉咙, 嗓音；vt. 用喉音说, 开沟于",B1,,,,
salary,salary,/'sælәri/,vt./n.,n. 薪水；vt. 给...加薪,A2,,,,
observer,observer,/әb'zә:vә/,n.,"n. 观察者, 遵守者, 观察员",B2,,,,
publication,publication,/.pʌbli'keiʃәn/,n.,"n. 出版物, 出版, 公布",B2,,,,
dig,dig,/dig/,vt./vi./n.,"vt. 挖, 翻土, 发掘；vi. 挖掘；n. 挖掘",B2,,,,
crop,crop,/krɒp/,vt./vi./n.,"n. 农作物, 产量, 平头；vt. 收割, 修剪, 种植；vi. 收获",B2,,,,
permanent,permanent,/'pә:mәnәnt/,n.,"a. 永久的, 不变的, 固定的, 持久的；n. 烫发",B2,,,,
phenomenon,phenomenon,/fi'nɒminәn/,n.,"n. 现象, 迹象, 表现, 奇迹, 奇才",B2,,,,
anxiety,anxiety,/æŋ'zaiәti/,n.,"n. 焦虑, 忧虑, 令人焦虑的事",B2,,,,
unlike,unlike,/.ʌn'laik/,prep.,"a. 不像的, 不同的；prep. 不像, 和...不同",B1,,,,
literally,literally,/'litәrәli/,adv.,"adv. 逐字地, 按照字面上地, 不夸张地",B2,,,,
resist,resist,/ri'zist/,v./n.,"v. 抵抗, 耐得住, 抵制, 反抗；n. 防染材料",B2,,,,
wet,wet,/wet/,vt./vi./n.,"n. 湿气, 潮湿, 水分, 雨天；a. 湿的, 潮的, 搞错的, 下雨的, 反对禁酒的；vi. 变湿；vt. 使...湿",A2,,,,
convention,convention,/kәn'venʃәn/,n.,"n. 大会, 协定, 惯例, 约定",B2,,,,
embrace,embrace,/im'breis/,vt./vi./n.,"n. 拥抱；vt. 拥抱, 互相拥抱, 包含, 收买；vi. 拥抱",B2,,,,
assist,assist,/ә'sist/,vt./vi./n.,"n. 帮助, 协助；vt. 帮助, 促进；vi. 协助, 参加",B1,,,,
exhibition,exhibition,/.eksi'biʃәn/,n.,"n. 表现, 展览会, 展览品",B1,,,,
construct,construct,/kәn'strʌkt/,vt./n.,"vt. 构造, 建造, 对...进行构思, 作图；n. 构成物",B2,,,,
viewer,viewer,/'vju:ә/,n.,"n. 观察者, 看电视者, 视察员, 观察器",B1,,,,
pan,pan,/pæn/,v./n.,"n. 平锅, 浅盘, 盆地, 硬土层, 拍摄全景；v. 上下左右移动, 摇镜头, 淘洗, 淘金",B1,,,,
consultant,consultant,/kәn'sʌltәnt/,n.,"n. 顾问, 征询意见者",B2,,,,
administrator,administrator,/әd'ministreitә/,n.,"n. 管理人, 行政官",C1,,,,
occasionally,occasionally,/ә'keiʒәnli/,adv.,"adv. 有时候, 偶而",B2,,,,
mayor,mayor,/'mєә/,n.,n. 市长,A2,,,,
consideration,consideration,/kәn.sidә'reiʃәn/,n.,"n. 考虑, 原因",B2,,,,
pink,pink,/piŋk/,vt./vi./n.,"n. 粉红色, 石竹花, 化身, 典范, 头面人物, 极度；a. 粉红的, 石竹科的, 比较激进的, 脸色发红的, 精致的, 有点下流的；vt. 刺, 扎, 刺痛, 射伤, 使面红耳赤, 使变粉红色；vi. 变粉红色",A1,,,,
secure,secure,/si'kjuә/,vt./vi.,"a. 无虑的, 安心的, 安全的, 可靠的, 保险的；vt. 固定, 获得, 保证, 使安全, 掩护, 招致；vi. 停止操作, 船抛锚",B2,,,,
historic,historic,/hi'stɒrik/,,"a. 历史上著名的, 有历史性的",B1,,,,
buck,buck,/bʌk/,vt./vi./n.,"n. 元, 雄鹿, 纨绔子弟, 鞍马, 培克(赌博时的庄家标志), 碱水, 自夸, 谈话；vi. 马背突然拱起, 反对, 吹牛, 闲聊；vt. 马背突然拱起将骑手摔下, 反对, 用碱水洗；a. 雄的",B2,,,,
poem,poem,/'pәuim/,n.,"n. 诗, 诗般美的事物",B1,,,,
grandmother,grandmother,/'grændmʌðә/,n.,"n. 祖母, 女祖先",A1,,,,
bind,bind,/baind/,vt./vi.,"vt. 绑, 约束, 装订, 包扎, 使结合；vi. 凝固, 有约束力",C1,,,,
fifth,fifth,/fifθ/,num.,"num. 第五, 五分之一",A1,,,,
constantly,constantly,/'kɒnstәntli/,adv.,"adv. 不变地, 不断地, 时常地",B2,,,,
enterprise,enterprise,/'entәpraiz/,n.,"n. 企业, 事业心, 进取心, 干事业",C1,,,,
favor,favor,/'feivә/,vt./n.,"n. 好意, 喜爱；vt. 赐予, 支持, 喜欢, 证实",B1,,,,
testing,test,/'testiŋ/,n.,"n. 测试；a. 吃力的, 试验的",B2,,,,
apparent,apparent,/ә'pærәnt/,,"a. 清晰可见的, 显然的, 表面上的",B2,,,,
stomach,stomach,/'stʌmәk/,vt./n.,"n. 胃, 食欲, 欲望, 肚子；vt. 吃下, 忍受",A2,,,,
weigh,weigh,/wei/,vt./vi./n.,"vt. 称...重量, 衡量, 把...压弯, 考虑, 权衡, 起锚；vi. 称分量, 有意义, 重压, 起锚；n. 过秤, 称分量",B1,,,,
install,install,/in'stɒ:l/,vt.,"vt. 安装, 安置, 使就职",B2,,,,
sensitive,sensitive,/'sensitiv/,,"a. 敏感的, 易感的, 灵敏的, 感光的",B2,,,,
suggestion,suggestion,/sә'dʒestʃәn/,n.,"n. 提议, 意见",A2,,,,
mail,mail,/meil/,vt./n.,"n. 邮件, 邮政, 邮递, 盔甲；vt. 邮寄, 给...穿盔甲",A2,,,,
recipe,recipe,/'resipi/,n.,"n. 食谱, 处方, 秘诀",A2,,,,
reasonable,reasonable,/'ri:znәbl/,,"a. 合理的, 明理的, 适当的",B2,,,,
elementary,elementary,/.eli'mentәri/,,"a. 初步的, 基本的",B2,,,,
wooden,wooden,/'wudn/,,"a. 木制的, 呆笨的, 木然的",A2,,,,
preparation,preparation,/.prepә'reiʃәn/,n.,"n. 准备, 预备, 预习",B2,,,,
aggressive,aggressive,/ә'gresiv/,,"a. 侵略的, 挑畔的, 进取的",B2,,,,
concert,concert,/'kɒnsәt/,vt./vi./n.,"n. 音乐会, 和声, 一致；vt. 协力, 协调；vi. 协力",A1,,,,
false,false,/fɒ:ls/,adv.,"a. 错误的, 虚伪的, 假的, 不老实的；adv. 不准确地, 欺诈地",A1,,,,
intention,intention,/in'tenʃәn/,n.,"n. 意图, 目的, 含义",B1,,,,
channel,channel,/'tʃænәl/,vt./n.,"n. 海峡, 航道, 频道；vt. 引导, 在...上挖沟, 形成河道",B1,,,,
extreme,extreme,/ik'stri:m/,n.,"n. 极端, 末端；a. 极端的, 尽头的, 极度的, 偏激的",A2,,,,
tube,tube,/tju:b/,vt./n.,"n. 管, 软管, 隧道；vt. 把...装管, 使通过管子",B1,,,,
drawing,draw,/'drɒ:iŋ/,n.,"n. 图画, 制图, 拉",A2,,,,
quit,quit,/kwit/,vt./vi./n.,"vi. 离开, 辞职, 停止；vt. 离开, 放弃, 使解除, 停止；n. 离开",B1,,,,
protein,protein,/'prәuti:in/,n.,n. 蛋白质；a. 蛋白质的,B2,,,,
absence,absence,/'æbsәns/,n.,"n. 缺席, 缺乏, 没有",C1,,,,
latin,latin,/'lætin/,n.,"n. 拉丁人, 拉丁语；a. 拉丁人的, 拉丁语的",Beyond C1,,,,
rapidly,rapidly,/'ræpidli/,adv.,"adv. 飞快地, 迅速地, 赶紧地",B2,,,,
jail,jail,/dʒeil/,vt./n.,"n. 监牢, 监狱, 拘留所；vt. 监禁, 下狱",B2,,,,
honest,honest,/'ɒnist/,,"a. 诚实的, 坦直的, 可靠的",B1,,,,
diversity,diversity,/dai'vә:siti/,n.,"n. 差异, 多样性",B2,,,,
palestinian,palestinian,"/,pælis'tiniәn/",,[经] 巴勒斯坦的,Beyond C1,,,,
pace,pace,/peis/,vt./vi./n.,"n. 速度, 步调, 步法；vi. 踱步, 缓慢走；vt. 用步测, 踱步于",B2,,,,
employment,employment,/im'plɒimәnt/,n.,"n. 雇用, 职业, 工作",B1,,,,
speaker,speaker,/'spi:kә/,n.,"n. 说话人, 讲演者, 发言人, 喇叭, 扬声器",A2,,,,
essay,essay,/'esei. e'sei/,vt./n.,"n. 随笔, 短文, 评论, 企图；vt. 试图",A2,,,,
impression,impression,/im'preʃәn/,n.,"n. 印象, 意念, 盖印, 印记, 印数, 底色, 效果",B1,,,,
respondent,respondent,/ri'spɒndәnt/,n.,"a. 回答的, 应答的, 反射的；n. 应答者, 被告",Beyond C1,,,,
giant,giant,/'dʒaiәnt/,n.,"n. 巨人, 大力士, 巨大怪物；a. 庞大的, 巨大的",B1,,,,
cake,cake,/keik/,vt./vi./n.,"n. 蛋糕, 块, 饼；vt. 使结块, 加块状物于；vi. 结块",A1,,,,
negotiate,negotiate,/ni'gәuʃieit/,vt./vi.,"vi. 商议, 谈判, 交涉；vt. 谈妥, 转让, 处理",B2,,,,
historian,historian,/hi'stɒ:riәn/,n.,"n. 历史学家, 记事者",B2,,,,
restore,restore,/ri'stɒ:/,vt./vi.,"vt. 回复, 恢复, 归还, 修补, 修复；vt. 还原；vi. 还原",B2,,,,
substantial,substantial,/sәb'stænʃәl/,n.,"n. 重要材料(或事物), 有实际价值的东西；a. 实质上的, 物质的, 有内容的, 结实的",C1,,,,
pop,pop,/pɒp/,vt./vi./n./adv.,"n. 砰然声, 枪击, 含气饮料, 流行音乐, 通俗艺术；a. 流行的, 热门的, 通俗的；vt. 使发出爆裂声, 开枪打, 突然伸出；vi. 发出爆裂声, 射击, 突然出现, 瞪大；adv. 突然, 砰地",A2,,,,
specialist,specialist,/'speiʃәlist/,n.,"n. 专门医师, 专家；a. 专业的, 专家的",B2,,,,
origin,origin,/'ɒridʒin/,n.,"n. 起源, 起因, 出身, 开端",B2,,,,
approval,approval,/ә'pru:vl/,n.,"n. 赞成, 批准",B2,,,,
criticize,criticize,/'kritisaiz/,v.,"v. 批评, 吹毛求疵, 非难",B2,,,,
advise,advise,/әd'vaiz/,vt./vi.,"vt. 劝告, 给...出主意, 通知, 建议；vi. 提意见, 商量",B1,,,,
quietly,quietly,/'kwaiәtli/,adv.,"adv. 安静地, 沉着地, 秘密地",A2,,,,
conventional,conventional,/kәn'venʃәnl/,,"a. 传统的, 习惯的, 约定的",B2,,,,
depth,depth,/depθ/,n.,"n. 深度, 深处, 深奥",B2,,,,
disability,disability,/disә'biliti/,n.,"n. 无力, 无能, 残疾",B2,,,,
wealth,wealth,/welθ/,n.,"n. 财富, 资源, 财产, 丰富, 富裕, 大量",B2,,,,
shell,shell,/ʃel/,vt./vi./n.,"n. 贝壳, 壳, 外形, 炮弹；vt. 去壳, 脱落, 炮轰；vi. 剥落, 脱壳",B1,,,,
biological,biological,/.baiәu'lɒdʒikәl/,,a. 生物学的,B2,,,,
effectively,effectively,/i'fektivli/,adv.,"adv. 有效地, 有力地, 实际上",B1,,,,
onion,onion,/'ʌnjәn/,vt./n.,n. 洋葱；vt. 因洋葱使掉泪,A1,,,,
deputy,deputy,/'depjuti/,n.,n. 副手，代理人,C1,,,,
flat,flat,/flæt/,v./n./adv.,"a. 平坦的, 单调的, 无力的, 浅的, 萧条的, 干脆的, 无聊的；adv. 平直地, 断然地；n. 扁平物, 平面, 平地, 平原, 平板车；v. (使)变平",A2,,,,
brand,brand,/brænd/,vt./n.,"n. 商标, 牌子, 烙印；vt. 打烙印于",B1,,,,
assure,assure,/ә'ʃuә/,vt.,"vt. 保证, 使确信, 弄清楚, 担保",B2,,,,
mad,mad,/mæd/,n.,"a. 疯狂的, 发疯的, 生气的, 愚蠢的, 狂欢的；n. 狂怒",B1,,,,
award,award,/ә'wɒ:d/,vt./n.,"n. 奖品, 裁定, 判决；vt. 授予, 给予",A2,,,,
criteria,criterion,/krai'tiәriә/,,pl. 标准,B2,,,,
dealer,dealer,/'di:lә/,n.,"n. 经销商, 商人",B2,,,,
via,via,/vaiә/,prep.,"prep. 经由, 经过, 通过",B2,,,,
utility,utility,/ju:'tiliti/,n.,"n. 功用, 有用之物, 实用, 公用事业, 实用程序；a. 实用的, 有多种用途的",C1,,,,
precisely,precisely,/pri'saisli/,adv.,"adv. 精确地, 明确地, 刻板地, 拘泥地, 正好, 恰恰, 对, 正是如此, 确实如此, 不错",B2,,,,
armed,arm,/ɑ:md/,,"a. 有扶手的, 武装的, 有防卫器官的",B2,,,,
arise,arise,/ә'raiz/,vi.,"vi. 站立, 出现, 起来",B2,,,,
nevertheless,nevertheless,/.nevәðә'les/,adv./conj.,"adv. 然而, 虽然如此；conj. 然而",B2,,,,
highway,highway,/'haiwei/,n.,"n. 公路, 大道, 捷径",B1,,,,
clinical,clinical,/'klinikәl/,,"a. 临床的, 门诊部的",C1,,,,
routine,routine,/ru:'ti:n/,n.,"n. 常规, 日常工作, 惯例, 例行公事；a. 日常的, 常规的",A1,,,,
wage,wage,/weidʒ/,vt./vi./n.,"n. 工资, 报应, 报偿；vt. 开展, 进行；vi. 进行",B2,,,,
normally,normally,/'nɒ:mәli/,adv.,"adv. 正规地, 合规则, 正常地",A2,,,,
phrase,phrase,/freiz/,vt./n.,"n. 惯用语, 词组, 成语, 措词, 乐句；vt. 用短语表达, 把(乐曲)分成短句",A1,,,,
ingredient,ingredient,/in'gri:diәnt/,n.,"n. 成分, 因素",B1,,,,
stake,stake,/steik/,vt./vi./n.,"n. 桩, 炮烙刑, 木柱, 赌注, 奖金；vt. 打桩, 用桩撑, 下赌注, 资助；vi. 打赌",C1,,,,
muslim,muslim,/'mjzlim; (?@) 'mʌzlem/,n.,"n. 伊斯兰教, 伊斯兰教教徒",Beyond C1,,,,
fiber,fiber,/'faibә/,n.,"n. 纤维, 构造, 纤维制品",C1,,,,
activist,activist,/'æktivist/,n.,n. 激进主义分子,C1,,,,
islamic,islamic,/iz'læmik/,,"a. 伊斯兰教的, 穆斯林的",Beyond C1,,,,
snap,snap,/snæp/,vt./vi./n./adv.,"vt. 使突然中断, 猛咬, 争夺, 拉断, 使有啪啪声, 厉声说, 突然射击, 用快照拍摄；vi. 咬, 扑, 抓, 折断, 劈啪地响, 厉声说, 砰然关上；n. 猛咬, 猛扑, 劈啪声, 申斥, 快照, 活力, 一般时期的寒冷天气, 揿钮；a. 突然的, 装搭扣的；adv. 猛地",C1,,,,
terrorism,terrorism,/'terәrizm/,n.,"n. 恐怖主义, 恐怖统治, 恐怖状态",B2,,,,
refugee,refugee,/.refju'dʒi:/,n.,"n. 难民, 流亡者",B2,,,,
incorporate,incorporate,/in'kɒ:pәreit/,vt./vi.,"a. 合并的, 组成公司的, 一体化的；vt. 吸收, 合并, 使组成公司, 体现；vi. 合并, 混合, 组成公司",B2,,,,
ultimate,ultimate,/'ʌltimit/,n.,"n. 终极, 根本, 顶点, 基本原则；a. 终极的, 根本的, 极限的, 最远的, 最后的, 最大的",B2,,,,
corporation,corporation,/.kɒ:pә'reiʃәn/,n.,"n. 公司, 合作, 法人团体",B2,,,,
hip,hip,/hip/,vt./n.,"n. 臀部, 蔷薇果, 忧郁；a. 熟悉内情的；vt. 使忧郁, 给(屋顶)造屋脊；interj. 喝彩声",B2,,,,
switch,switch,/switʃ/,vt./vi./n.,"n. 开关, 电闸, 转换, 软枝, 鞭子, 道岔；vt. 转变, 切换, 摆动, 转换, 使转轨；vi. 转换, 变换, 摆动",B1,,,,
valuable,valuable,/'væljuәbl/,,"a. 有价值的, 贵重的, 宝贵的, 可估价的",B1,,,,
assumption,assumption,/ә'sʌmpʃәn/,n.,"n. 假定, 自负, 担任, 假装",B2,,,,
gear,gear,/giә/,vt./vi./n.,"n. 齿轮, 工具；vt. 以齿轮连起, 开动, 使适应, 安排；vi. 连接上, 适合",C1,,,,
barrier,barrier,/'bæriә/,n.,"n. 障碍, 栅栏",B2,,,,
minor,minor,/'mainә/,vi./n.,"n. 未成年人, 副修科目；a. 较小的, 二流的, 未成年的；vi. 副修",B2,,,,
assign,assign,/ә'sain/,vt.,"vt. 分配, 指派, 赋值",B2,,,,
council,council,/'kaunsәl/,n.,"n. 会议, 委员会",B2,,,,
provision,provision,/prә'viʒәn/,vt./n.,"n. (政府提供的)钱和设备, 准备, 供应品, 规定, 条款；vt. 供给...食物及必需品",C1,,,,
killer,killer,/'kilә/,n.,"n. (非正式)杀人者, 屠杀者, 猛兽, 致死(疾病), 杀手, 止痛药, 限制器, 瞄准器",A2,,,,
gang,gang,/gæŋ/,vt./vi./n.,"n. 队, 群, 帮；vi. 成群结队, 结成一伙；vt. 使成群结队",B2,,,,
developing,develop,/di'velәpiŋ/,,a. 发展中的,A2,,,,
classic,classic,/'klæsik/,n.,"n. 古典作品, 杰作, 大艺术家；a. 第一流的, 最优秀的, 古典的",B2,,,,
chemical,chemical,/'kemikl/,n.,"n. 化学药品；a. 化学的, 化学上用的",B1,,,,
label,label,/'leibl/,vt./n.,"n. 标签, 称号, 商标, 标志；vt. 贴标签于, 标注",B1,,,,
teen,teen,/ti:n/,n.,"n. 愤怒, 悲哀",B2,,,,
index,index,/'indeks/,vt./vi./n.,"n. 索引, 指针, 指数, 指标；vt. 编入索引中, 指出；vi. 做索引",B2,,,,
vacation,vacation,/vei'keiʃәn/,n.,"n. 假期, 休假",A1,,,,
advocate,advocate,/'ædvәkeit/,vt./n.,"n. 提倡者, 拥护者；vt. 主张, 提倡",C1,,,,
draft,draft,/dræft. drɑ:ft/,vt./n.,"n. 气流, 草稿, 汇票, 草案；vt. 起草, 征兵",B2,,,,
extraordinary,extraordinary,/ik'strɒ:dәnәri/,,"a. 非常的, 特别的, 非凡的",B2,,,,
heaven,heaven,/'hevn/,n.,"n. 天堂, 上帝, 天空",B2,,,,
rough,rough,/rʌf/,vt./vi./n./adv.,"n. 粗糙的东西, 毛坯, 未加工品, 梗概, 草图, 暴徒, 艰难；a. 粗糙的, 粗暴的, 蓬乱的, 草率的, 大致的, 简陋的, 暴风雨的, 艰难的；vt. 使粗糙, 使不平, 使蓬乱, 粗制, 草拟, 粗暴对待, 对...动粗；vi. 变粗糙；adv. 粗糙地, 粗暴地",B1,,,,
yell,yell,/jel/,vt./vi./n.,"vi. 叫喊, 大叫, (齐声)呐喊欢呼；vt. 喊叫着说；n. 叫声, 喊声, 呐喊",C1,,,,
pregnant,pregnant,/'pregnәnt/,,"a. 怀孕的, 充满的, 思想丰富的, 成果丰硕的",B2,,,,
distant,distant,/'distәnt/,,"a. 远的, 疏远的",B2,,,,
drama,drama,/'drɑ:mә/,n.,"n. 戏剧, 戏剧艺术",A2,,,,
satellite,satellite,/'sætlait/,n.,n. 人造卫星,B2,,,,
personally,personally,/'pә:sәnli/,adv.,"adv. 亲自地, 个别地, 当面, 就本人而言, 针对个人地",B1,,,,
clock,clock,/klɒk/,vt./vi./n.,"n. 时钟, 计时器, (袜子上的)绣花边花；vt. 绣花样, 记时, 记录；vi. 记录时间",A1,,,,
chocolate,chocolate,/'tʃɒkәlit/,n.,n. 巧克力；a. 巧克力制的,A1,,,,
italian,italian,/i'tæljәn/,n.,"n. 意大利人, 意大利语；a. 意大利的, 意大利语的",Beyond C1,,,,
canadian,canadian,/kә'neidiәn/,,a. 加拿大的,Beyond C1,,,,
sweep,sweep,/swi:p/,vt./vi./n.,"n. 扫除, 打扫, 肃清, 视野, 范围, 全胜；vt. 扫除, 掸去, 猛拉, 扫荡, 肃清, 冲走, 刮起, 环视, 掠过, 扫射；vi. 扫, 打扫, 袭击, 席卷, 扫视, 掠过",B2,,,,
advertising,advertising,/'ædvәtaiziŋ/,n.,"n. 广告业, 广告；a. 广告的",A2,,,,
ceiling,ceiling,/'si:liŋ/,n.,n. 天花板,B1,,,,
universal,universal,/.ju:ni'vә:sl/,n.,"a. 全世界的, 普遍的, 宇宙的, 通用的；n. 一般概念",B2,,,,
spin,spin,/spin/,vt./vi./n.,"n. 旋转, 自旋, 疾驰, 情绪低落；vt. 纺织, 纺, 使旋转, 编造；vi. 纺纱, 吐丝, 作茧, 结网, 旋转, 自旋, 疾驰",C1,,,,
button,button,/'bʌtәn/,vt./vi./n.,"n. 钮扣, 按钮；vi. 扣住；vt. 钉钮扣于, 扣紧",A2,,,,
bell,bell,/bel/,n.,"n. 铃, 钟",B1,,,,
rank,rank,/ræŋk/,vt./vi./n.,"n. 等级, 排, 横列, 队伍, 阶级；a. 茂密丛生的, 恶臭的, 十足的, 粗俗的；vt. 排列, 归类于, 把...分等；vi. 列为, 列队；n. 秩",B2,,,,
darkness,darkness,/'dɑ:knis/,n.,"n. 黑暗, 暗, 深色, 隐密, 模糊, 无知",B2,,,,
clothing,clothing,/'klәuðiŋ/,n.,n. 衣服,A2,,,,
super,super,/'sju:pә/,n./adv.,"n. 跑龙套角色, 冗员, 特级品, 特大号, 管理人；a. 上等的, 特大的, 超级的, 极好的, 十分的, 过分的；adv. 非常",B2,,,,
yield,yield,/ji:ld/,vt./vi./n.,"n. 生产量, 投资收益；vt. 出产, 给予, 让出, 放弃, 使屈服；vi. 出产, 屈服, 投降, 倒塌",C1,,,,
fence,fence,/fens/,vt./vi./n.,"n. 围墙, 栅栏, 买卖赃物的人, 剑术；vt. 用篱笆围住, 练习剑术, 防护；vi. 击剑, 搪塞",B1,,,,
portrait,portrait,/'pɒ:treit/,n.,"n. 肖像, 人像, 半身像, 描写, 竖排格式",B1,,,,
survival,survival,/sә'vaivәl/,n.,"n. 生存, 残存, 幸存者；a. 赖以生存的",B2,,,,
roughly,roughly,/'rʌfli/,adv.,"adv. 概略地, 粗糙地, 粗暴地",B2,,,,
bunch,bunch,/bʌntʃ/,n.,"n. 串, 束",B2,,,,
lawsuit,lawsuit,/'lɒ:sju:t/,n.,n. 诉讼,C1,,,,
testimony,testimony,/'testimәni/,n.,"n. 证言, 证据, 声明",C1,,,,
found,find,/faund/,vt.,"vt. 建立, 创立, 铸造；find的过去式和过去分词",B2,,,,
burden,burden,/'bә:dn/,vt./n.,"n. 负担, 重载, 担子, 责任；vt. 装货于, 烦扰, 使负担",C1,,,,
react,react,/ri'ækt/,vi.,"vi. 起反应, 起作用, 反攻",A2,,,,
chamber,chamber,/'tʃeimbә/,vt./n.,"n. 室, 房间, 枪膛；vt. 装(弹药), 把...关在室内；a. 室内的",C1,,,,
cooperation,cooperation,/kәu.ɒpә'reiʃәn/,n.,"n. 合作, 协力, 配合",Beyond C1,,,,
furniture,furniture,/'fәnitʃә/,n.,"n. 家具, 帆具",A2,,,,
ceremony,ceremony,/'serimәni/,n.,"n. 典礼, 仪式, 礼节",B1,,,,
string,string,/striŋ/,vt./vi./n.,"n. 线, 细绳, 一串, 字符串；vt. 串起, 成串, 收紧, 缚, 扎；vi. 成一串",B1,,,,
communicate,communicate,/kә'mju:nikeit/,vt./vi.,"vt. 显露, 传达, 感染；vi. 通讯",A2,,,,
cheek,cheek,/tʃi:k/,n.,"n. 颊, 厚颜, 脸蛋",B2,,,,
lost,lose,/lɒst/,,"a. 失去的, 遗失的, 迷惑的；lose的过去式和过去分词",A2,,,,
profile,profile,/'prәufail/,vt./n.,"n. 侧面, 轮廓, 传略；vt. 描绘...轮廓, 写...的传略",A2,,,,
mechanism,mechanism,/'mekәnizm/,n.,"n. 机械, 机构, 结构, 机理, 技巧",B2,,,,
disagree,disagree,/.disә'gri:/,vi.,"vi. 不一致, 不适宜",A2,,,,
penalty,penalty,/'penәlti/,n.,"n. 处罚, 刑罚, 罚款, 罚球, 报应, 不利结果, 妨碍",B2,,,,
ie,ie,/'i:ei/,,[计] 中断启动,Beyond C1,,,,
resort,resort,/ri'zɒ:t/,vi./n.,"n. 度假胜地, 手段, 凭借, 常去之地；vi. 诉诸, 常去",B2,,,,
destruction,destruction,/di'strʌkʃәn/,n.,"n. 破坏, 毁灭",B2,,,,
unlikely,unlikely,/.ʌn'laikli/,,a. 不太可能的,B1,,,,
tissue,tissue,/'tiʃu:/,n.,"n. 薄的织物, 薄纱, 棉纸, 组织, 一套",B2,,,,
constitutional,constitutional,/.kɒnsti'tju:ʃәnl/,,"a. 宪法的, 立宪的, 体质的",C1,,,,
pant,pant,/pænt/,vt./vi./n.,"n. 喘息, 悸动；vi. 喘息, 渴望；vt. 气喘吁吁地说",Beyond C1,,,,
stranger,strange,/'streindʒә/,n.,"n. 陌生人, 门外汉",B1,,,,
infection,infection,/in'fekʃәn/,n.,"n. 传染, 影响, 传染病",B2,,,,
cabinet,cabinet,/'kæbinit/,n.,"n. 橱柜, 内阁；a. 内阁的, 细木工做的",C1,,,,
broken,break,/'brәukәn/,,"a. 坏掉的, 打破的, 断掉的；break的过去分词",A2,,,,
apple,apple,/'æpl/,n.,"n. 苹果, 家伙",A1,,,,
electric,electric,/i'lektik/,,"a. 电的, 导电的, 电动的",A2,,,,
proceed,proceed,/prәu'si:d/,vi.,"vi. 继续进行, 进行, 开始, 发出, 起诉",B2,,,,
bet,bet,/bet/,v./n.,"n. 打赌, 赌注；v. 打赌",B2,,,,
literary,literary,/'litәrәri/,,"a. 文学的, 文艺的, 精通文学的",B2,,,,
virus,virus,/'vaiәrәs/,n.,"n. 病毒, 滤过性病毒, 毒害",A2,,,,
strategic,strategic,/strә'ti:dʒik/,,"a. 战略的, 战略上的",C1,,,,
fortune,fortune,/'fɒ:tʃәn/,n.,"n. 财富, 运气, 兴隆, 大量财产, 好运, 命运",B2,,,,
stupid,stupid,/'stju:pid/,,"a. 愚蠢的, 麻木的",A2,,,,
dispute,dispute,/dis'pju:t/,v./n.,n. 争论；v. 争论,C1,,,,
assistant,assistant,/ә'sistәnt/,n.,"n. 助手, 助理, 助教；a. 有帮助的, 辅助的, 助理的",A2,,,,
overcome,overcome,/.әuvә'kʌm/,vt./vi.,"vt. 战胜, 克服, 胜过；vi. 得胜",B2,,,,
remarkable,remarkable,/ri'mɑ:kәbl/,,"a. 不平常的, 值得注意的, 显著的",B2,,,,
statistics,statistics,/stә'tistiks/,n.,"n. 统计学, 统计资料",B1,,,,
occupy,occupy,/'ɒkjupai/,vt.,"vt. 占领, 占(时间、空间等), 住进, 担任, 使从事, 使全神贯注",B2,,,,
wipe,wipe,/waip/,vt./vi./n.,"n. 擦拭, 用力打, 凸轮；vt. 擦, 揩, 消灭, 涂上, 拭去；vi. 擦, 打",C1,,,,
encounter,encounter,/in'kauntә/,vt./vi./n.,"n. 相会, 相遇, 遭遇；vt. 遇见, 邂逅, 会战；vi. 偶然相遇",B2,,,,
shopping,shop,/'ʃɒpiŋ/,n.,"n. 买东西, 购物",A1,,,,
cousin,cousin,/'kʌzәn/,n.,"n. 堂兄弟姊妹, 表兄弟姊妹",A1,,,,
initially,initially,/i'niʃәli/,adv.,"adv. 最初, 开头",B2,,,,
blind,blind,/blaind/,vt./n./adv.,"n. 蒙蔽物, 窗帘；a. 盲目的, 瞎的, 不加思考的；vt. 使失明, 蒙蔽, 遮暗；adv. 盲目地",B2,,,,
port,port,/pɒ:t/,vt./vi./n.,"n. 港口, 埠, 舱门, 避风港, 左舷, 炮眼, 姿势, 意义；vt. 左转舵, 持(枪)；vi. 左转舵",B1,,,,
electricity,electricity,/.ilek'trisiti/,n.,"n. 电, 电流, 电学, 热情, 电力供应",A2,,,,
adviser,adviser,/әd'vaizә/,n.,"n. 顾问, 劝告者, 指导教师",Beyond C1,,,,
genetic,genetic,/dʒi'netik/,,"a. 创始的, 遗传的, 起源的, 遗传学的",B2,,,,
spokesman,spokesman,/'spәuksmәn/,n.,"n. 发言人, 代言者",B2,,,,
retain,retain,/ri'tein/,vt.,"vt. 保持, 保有, 留住, 记得, 付定金聘请",B2,,,,
latter,latter,/'lætә/,,"a. 后者的, 较后的, 近来的",C1,,,,
incentive,incentive,/in'sentiv/,n.,n. 动机；a. 激励的,B2,,,,
slave,slave,/sleiv/,vi./n.,"n. 奴隶, 从动装置, 卑鄙的人；vi. 拼命工作",B1,,,,
accurate,accurate,/'ækjurәt/,,"a. 正确的, 精确的",B2,,,,
translate,translate,/træns'leit/,vt./vi.,"vt. 翻译, 解释, 转化, 转变为, 调动；vi. 翻译, 被译",B1,,,,
whereas,whereas,/hwєәr'æz/,conj.,"conj. 然而, 鉴于",B2,,,,
terror,terror,/'terә/,n.,"n. 恐怖, 可怕的人",B2,,,,
expansion,expansion,/ik'spænʃәn/,n.,"n. 扩充, 开展, 膨胀",B2,,,,
elite,elite,/ei'li:t/,n.,"n. 精华, 精锐, 中坚分子",C1,,,,
olympic,olympic,/әu'limpik/,,"a. 奥林匹亚的, 奥林匹斯山的, 强有力的, 巨大的",Beyond C1,,,,
dirt,dirt,/dә:t/,n.,"n. 污垢, 泥土",B1,,,,
odd,odd,/ɒd/,n.,"a. 奇数的, 古怪的, 剩余的, 零散的, 各种各样的, 少量的；n. 奇特的事物, 怪人",B1,,,,
bullet,bullet,/'bulit/,n.,n. 子弹,B2,,,,
rice,rice,/rais/,vt./n.,"n. 米, 米饭, 稻；vt. 将...压成米粒状",A1,,,,
tight,tight,/tait/,adv.,"a. 紧的, 密封的, 吝啬的, 严厉的；adv. 紧紧地",B1,,,,
bible,bible,/'baibl/,n.,n. 圣经,Beyond C1,,,,
chart,chart,/tʃɑ:t/,vt./n.,"n. 图表, 海图；vt. 制成图表",A1,,,,
solar,solar,/'sәulә/,,"a. 太阳的, 日光的, 源自太阳的",B2,,,,
square,square,/skwєә/,vt./vi./n./adv.,"n. 正方形, 街区, 广场, 平方, 直角尺；a. 正方形的, 正直的, 公正的, 平方的, 方正的, 结清的；adv. 成直角地, 对准地；vi. 一致, 符合, 结清；vt. 使成方形, 使平方自乘, 调正, 结清, 使一致",A2,,,,
complicated,complicated,/'kɒmplikeitid/,,a. 复杂的,B2,,,,
gently,gently,/'dʒentli/,adv.,"adv. 温和地, 温柔地, 轻轻地, 逐渐地",Beyond C1,,,,
concentration,concentration,/.kɒnsәn'treiʃәn/,n.,"n. 集中, 专心",B2,,,,
revolution,revolution,/.revә'lu:ʃәn/,n.,"n. 革命, 大变革, 旋转, 转数, 循环",B2,,,,
strip,strip,/strip/,vt./vi./n.,"n. 长条, 条状, 带, 脱衣舞；vt. 脱衣, 被剥去, 剥夺, 拆卸；vi. 脱衣服",C1,,,,
interpret,interpret,/in'tә:prit/,vt./vi.,"vt. 解释, 演出, 翻译, 理解；vi. 翻译, 解释",B2,,,,
scenario,scenario,/si'nɑ:riәu/,n.,"n. 剧本提纲, 情节, 剧本, 方案, 事态",B2,,,,
reflection,reflection,/ri'flekʃәn/,n.,"n. 反映, 沉思, 映像, 想法, 责难",C1,,,,
champion,champion,/'tʃæmpiәn/,vt./n.,"n. 冠军, 拥护者, 战士；vt. 保卫, 拥护；a. 优胜的",B1,,,,
telescope,telescope,/'teliskәup/,vt./vi./n.,"n. 望远镜；vi. 叠缩, 嵌进, 缩短；vt. 使叠缩, 使缩短",Beyond C1,,,,
friendly,friendly,/'frendli/,adv.,"a. 友好的, 亲切的, 互助的；adv. 友善地, 温和地",A1,,,,
tournament,tournament,/'tә:nәmәnt/,n.,"n. 比赛, 竞赛, 锦标赛, 联赛",B2,,,,
fiction,fiction,/'fikʃәn/,n.,"n. 小说, 虚构故事",A2,,,,
detect,detect,/di'tekt/,vt.,"vt. 发现, 察觉, 探测",B2,,,,
recommendation,recommendation,/.rekәmen'deiʃәn/,n.,"n. 推荐, 介绍, 推荐信, 劝告",B1,,,,
lifetime,lifetime,/'laiftaim/,n.,"n. 一生, 终生；a. 一生的, 终生的",B2,,,,
tremendous,tremendous,/tri'mendәs/,,"a. 巨大的, 非常的, 可怕的",C1,,,,
senator,senator,/'senәtә/,n.,"n. 参议员, (某些大学的)理事",B2,,,,
hunting,hunt,/'hʌntiŋ/,n.,"n. 狩猎, 猎狐, 探求",B2,,,,
salad,salad,/'sælәd/,n.,n. 色拉,A1,,,,
guarantee,guarantee,/.gærәn'ti:/,vt./n.,"n. 担保, 抵押品, 保证书；vt. 保证, 担保",B2,,,,
innocent,innocent,/'inәsәnt/,n.,"a. 无罪的, 不懂事的, 无知的；n. 天真的人, 笨蛋",B1,,,,
boundary,boundary,/'baundri/,n.,"n. 边界, 分界线",C1,,,,
pause,pause,/pɒ:z/,vi./n.,"n. 暂停, 中止, 停顿, 间歇, 踌躇, 休止符；vi. 暂停, 中止, 停顿, 踌躇",B2,,,,
remote,remote,/ri'mәut/,,"a. 遥远的, 偏僻的, 疏远的, 微少的",B1,,,,
satisfaction,satisfaction,/.sætis'fækʃәn/,n.,"n. 满足, 满意, 快事, 赔偿, 赎罪, 报仇的机会",B2,,,,
journal,journal,/'dʒә:nәl/,n.,"n. 日记, 杂志, 日报",B1,,,,
lover,lover,/'lʌvә/,n.,"n. 爱人, 爱好者",Beyond C1,,,,
bench,bench,/bentʃ/,n.,n. 长椅子,C1,,,,
raw,raw,/rɒ:/,vt./n.,"n. 擦伤处, 半成品；a. 生的, 未加工的, 生疏的, 不成熟的, 阴冷的, 刺痛的, 擦掉皮的；vt. 擦伤",B2,,,,
awareness,awareness,/ә'weәnis/,n.,"n. 意识, 认识",B2,,,,
surprising,surprise,/sә'praiziŋ/,,a. 令人惊讶的,A2,,,,
withdraw,withdraw,/wið'drɒ:/,vt./vi.,"vt. 撤回, 取回, 撤消, 使撤退, 拉开, 移开；vi. 撤退, 离开",B2,,,,
deck,deck,/dek/,vt./n.,"n. 甲板, (汽车后部的)行李仓；vt. 装饰, 打扮, 装甲板",B2,,,,
pole,pole,/pәul/,vt./vi./n.,"n. 波兰人, 极点, 磁极, 电极, 杆, 竿, 相反的极端；vt. 用竿支撑；vi. 撑篙",C1,,,,
testify,testify,/'testifai/,v.,"v. 证明, 作证, 声明, 表明",C1,,,,
newly,newly,/'nju:li/,adv.,"adv. 重新, 最近",B2,,,,
similarly,similarly,/'similәli/,adv.,"adv. 相像地, 类似于",B1,,,,
mode,mode,/mәud/,n.,"n. 模态, 调式, 样式, 文体, 状态, 方式, 风尚",B2,,,,
valley,valley,/'væli/,n.,"n. 山谷, 溪谷, 流域, 凹地",A2,,,,
dialogue,dialogue,/'daiәlɒg/,vt./vi./n.,n. 对话；vi. 对话；vt. 用对话表达,A1,,,,
naturally,naturally,/'nætʃәrәli/,adv.,"adv. 自然地, 以自然力, 天生地",B1,,,,
imply,imply,/im'plai/,vt.,"vt. 暗示, 意味",B2,,,,
advanced,advance,/әd'vɑ:nst/,,"a. 在前的, 高级的, 先进的, 年老的",B1,,,,
mutual,mutual,/'mju:tʃuәl/,,"a. 相互的, 共有的",C1,,,,
founder,founder,/'faundә/,vt./vi./n.,"n. 创立者, 建立者；vt. 使沉没, 使摔倒, 弄跛, 浸水, 破坏；vi. 沉没, 摔到, 变跛, 倒塌, 失败",B2,,,,
pride,pride,/praid/,vt./n.,"n. 骄傲, 自尊心, 自豪, 精华, 勇气；vt. 以...自豪",B2,,,,
dismiss,dismiss,/dis'mis/,vt./vi.,"vt. 解散, 开除, 解职；vi. 解散",B2,,,,
aircraft,aircraft,/'єәkræft/,n.,"n. 航空器, 飞机",B2,,,,
delivery,delivery,/di'livәri/,n.,"n. 递送, 交付, 分娩, 交货, 引渡",B2,,,,
mainly,mainly,/'meinli/,adv.,"adv. 主要地, 大抵",B1,,,,
platform,platform,/'plætfɒ:m/,n.,"n. 站台, 月台, 讲台, 论坛, 平台",A2,,,,
freeze,freeze,/fri:z/,vt./vi./n.,"vi. 冻结, 冷冻, 僵硬, 楞住；vt. 使结冰, 使冻住, 使呆住；n. 结冰, 凝固",B1,,,,
finance,finance,/fai'næns/,vt./vi./n.,"n. 财政, 财务；vt. 供给...经费, 负担经费；vi. 筹措资金",B2,,,,
god,god,/^ɔd/,vt./n.,"n. 上帝, 神像, 偶像；vt. 使神化",A2,,,,
sink,sink,/siŋk/,vt./vi./n.,"n. 藏垢的场所, 沟渠, 污水槽；vi. 下沉, 沉没, 下陷, 减弱, 衰退, 消沉, 堕落, 渗透；vt. 使低落, 使下沉, 陷于, 投入(资金等), 挖掘",B1,,,,
bake,bake,/beik/,vt./vi./n.,"vt. 烘焙, 烤；vi. 烤面包；n. 烘焙, 烤",B1,,,,
attractive,attractive,/ә'træktiv/,,"a. 吸引人的, 有魅力的",A2,,,,
diverse,diverse,/dai'vә:s/,,"a. 不同的, 变化多的",B2,,,,
relevant,relevant,/'relivәnt/,,"a. 有关联的, 有关系的, 适当的, 相应的",B2,,,,
ideal,ideal,/ai'diәl/,n.,"n. 理想, 典范, 观念, 思想, 最后目标；a. 理想的, 完美的, 空想的, 观念的, 唯心论的",A2,,,,
joy,joy,/dʒɒi/,vt./vi./n.,"n. 欢喜, 乐事, 高兴；vt. 使快乐, 令人高兴；vi. 欢喜",B2,,,,
regularly,regularly,/'regjulәli/,adv.,"adv. 有规则地, 一丝不苟地, 正式地",B1,,,,
working,work,/'wә:kiŋ/,n.,"n. 工作, 运转, 劳动；a. 工作的, 劳动的, 经营的, 抽搐的, 运转的",A2,,,,
conservation,conservation,/.kɒnsә'veiʃәn/,n.,"n. 保护, 保存",B2,,,,
evolve,evolve,/i'vɒlv/,vt./vi.,"vi. 进展, 进化, 展开；vt. 使发展, 使推断出, 使进化",B2,,,,
shooting,shoot,/'ʃu:tiŋ/,n.,"n. 发射, 猎场, 射击",B2,,,,
singer,singer,/'siŋә/,n.,n. 歌手,A1,,,,
partly,partly,/'pɑ:tli/,adv.,"adv. 部分地, 在一定程度上",B2,,,,
unknown,unknown,/.ʌn'nәun/,n.,"a. 不知道的, 未知的, 陌生的；n. 未知物, 未知数",B2,,,,
offense,offense,/ә'fens/,n.,"n. 犯罪, 伤感情, 攻击",B2,,,,
dna,dna,,,脱氧核糖核酸,Beyond C1,,,,
counter,counter,/'kauntә/,n./adv.,"n. 计算器, 计算者, 柜台, 筹码；a. 反方向的, 相反的；adv. 反方向地, 相反地",B2,,,,
potentially,potentially,/pә'tenʃәli/,adv.,"adv. 可能地, 潜在地",B2,,,,
thirty,thirty,/'θә:ti/,num.,"num. 三十, 三十个",A1,,,,
justify,justify,/'dʒʌstifai/,vt./vi.,"vt. 替...辩护, 证明；vi. 证明合法",B2,,,,
protest,protest,/prә'test/,v./n.,"n. 抗议, 反对, 抗议书, 断言；v. 反对, 抗议, 断言",B1,,,,
treaty,treaty,/'tri:ti/,n.,"n. 条约, 谈判",C1,,,,
crash,crash,/kræʃ/,v./n.,"n. 哗啦声, 猛撞, 崩溃, 粗布；v. 撞碎, 破碎, (使)...坠毁；a. 速成的",B2,,,,
politically,politically,,adv.,adv. 政治上,Beyond C1,,,,
craft,craft,/kræft/,vt./n.,"n. 技艺, 手艺, 诡计；vt. 精心制作",B2,,,,
insight,insight,/'insait/,n.,"n. 察看, 洞察力, 见识",B2,,,,
terrorist,terrorist,/'terәrist/,n.,n. 恐怖分子,B2,,,,
possess,possess,/pә'zes/,vt.,"vt. 持有, 占有, 拥有, 克制, 支配, 迷住",B2,,,,
tap,tap,/'tæp/,vt./vi./n.,"n. 轻打, 水龙头；vt. 轻打, 轻敲, 敲打出, 选择, 装上嘴子, 使流出, 开发, 分接, 向...乞讨；vi. 轻叩, 轻拍, 啪塔啪塔地走",B2,,,,
extensive,extensive,/ik'stensiv/,,"a. 广的, 广泛的, 多方面的",B2,,,,
episode,episode,/'episәud/,n.,"n. 插曲, 插话, 有趣的事件, 一段情节",B1,,,,
swim,swim,/swim/,vt./vi./n.,"n. 游泳, 漂浮, 潮流, 眩晕；vi. 游泳, 游, 漂浮, 浸, 覆盖, 充溢, 大量拥有, 旋转, 眩晕；vt. 游过, 使浮起",A1,,,,
fault,fault,/fɒ:lt/,vt./vi./n.,"n. 过错, 故障, 毛病；vt. 挑剔；vi. 产生断层, 弄错",B2,,,,
tire,tire,/taiә/,vt./vi./n.,"n. 轮胎, 头饰；vt. 使疲倦, 使厌烦, 打扮；vi. 疲劳, 厌倦",B1,,,,
loose,loose,/lu:s/,vt./vi./n./adv.,"n. 发射, 放任, 放纵；a. 宽松的, 松的, 宽的, 不牢固的, 散漫的, 自由的, 不精确的；vt. 释放, 放枪, 开船；vi. 变松, 开火；adv. 松散地",B2,,,,
shortly,shortly,/'ʃɒ:tli/,adv.,"adv. 不久, 简短, 唐突地",B2,,,,
originally,originally,/ә'ridʒәnli/,adv.,"adv. 本来, 原来, 最初, 就起源而论, 独创地",B1,,,,
considerable,considerable,/kәn'sidәrәbl/,,"a. 相当的, 可观的, 重要的",B2,,,,
prior,prior,/'praiә/,n.,"a. 更重要的, 较早的, 在先的；n. 小隐修院院长, 大隐修院副院长",B2,,,,
intellectual,intellectual,/.intә'lektʃuәl/,n.,"n. 有知识者, 知识分子, 凭理智做事者；a. 智力的, 用脑力的, 聪明的",B2,,,,
characterize,characterize,/'kærәktәraiz/,vt.,"vt. 描绘...的特性, 刻划...的性格",C1,,,,
assault,assault,/ә'sɒ:t/,vt./vi./n.,"n. 攻击, 袭击；vt. 袭击, 攻击；vi. 发动攻击",C1,,,,
relax,relax,/ri'læks/,vt./vi.,"vi. 放松, 松懈, 松弛, 变从容, 休息, 休养；vt. 使松弛, 缓和, 使松懈, 使休息",A1,,,,
adventure,adventure,/әd'ventʃә/,v./n.,"n. 冒险, 冒险经历；v. 冒险",A2,,,,
stair,stair,/stєә/,n.,"n. 梯级, 楼梯, 阶梯",A2,,,,
external,external,/ik'stә:nl/,n.,"n. 外部, 外面；a. 外部的, 客观的, 表面的",B2,,,,
proof,proof,/pru:f/,vt./n.,"n. 证据, 证明, 试验, 检验, 考验；a. 不能透入的, 证明用的, 防...的, 耐...的；vt. 检验, 试验, 校对, 使不被穿透",B2,,,,
confident,confident,/'kɒnfidәnt/,,"a. 有信心的, 有把握的",B1,,,,
headquarters,headquarters,/hed'kwɒ:tәz/,n.,"n. 总部, 司令部, 总部人员",B2,,,,
sudden,sudden,/'sʌdn/,n.,"n. 突然, 忽然；a. 突然的, 意外的, 快速的",B1,,,,
dirty,dirty,/'dә:ti/,vt./vi.,"a. 肮脏的, 卑鄙的；vt. 弄脏；vi. 变脏",A1,,,,
violation,violation,/.vaiә'leiʃәn/,n.,"n. 违反, 违背, 妨碍",C1,,,,
tongue,tongue,/tʌŋ/,vt./vi./n.,"n. 舌, 语言能力, 讲话方式, 语言；vt. 舔, 斥责, 发...的音；vi. 使用舌头, 吹管乐器",B1,,,,
license,license,/'laisns/,vt./n.,"n. 执照, 许可证, 特许；vt. 许可, 特许",B2,,,,
shelter,shelter,/'ʃeltә/,vt./vi./n.,"n. 庇护所, 避难所, 庇护, 隐蔽处, 掩蔽；vt. 庇护, 保护, 隐匿；vi. 躲避",B2,,,,
rub,rub,/rʌb/,vt./vi./n.,"n. 摩擦, 困难, 障碍, 磨损处；vt. 擦, 搓, 摩擦, 惹怒；vi. 摩擦, 擦破",B2,,,,
controversy,controversy,/'kɒntrәvә:si/,n.,"n. 论争, 辩论, 论战, 争论",B2,,,,
entrance,entrance,/'entrәns/,vt./n.,"n. 入口, 进入点, 入场, 入学, 进入, 开始(阶段), 就任；vt. 使出神, 使入迷",B1,,,,
properly,properly,/'prɒpәli/,adv.,"adv. 适当地, 相当地",B1,,,,
defensive,defensive,/di'fensiv/,n.,"a. 防卫的, 防备用的, 自卫的；n. 守势, 防卫姿势, 防卫物",C1,,,,
fade,fade,/feid/,vt./vi./n.,"vi. 褪色, 消失, 凋谢；vt. 使褪色；n. 淡入, 淡出；a. 平淡的",C1,,,,
tragedy,tragedy,/'trædʒidi/,n.,"n. 悲剧, 惨案, 悲剧作品",B2,,,,
net,net,/net/,vt./vi./n.,"n. 网, 网状物, 罗网, 净利, 净价；a. 净的, 最终的；vt. 用网捕, 撒网, 净赚, 得到；vi. 编网",B1,,,,
funeral,funeral,/'fju:nәrәl/,n.,"n. 葬礼, 出殡",C1,,,,
profession,profession,/prә'feʃәn/,n.,"n. 职业, 表白, 声明",B1,,,,
constitute,constitute,/kәn'stitjut/,vt.,"vt. 构成, 组成, 任命",C1,,,,
alter,alter,/'ɒ:ltә/,v.,v. 改变,B2,,,,
establishment,establishment,/i'stæbliʃmәnt/,n.,"n. 确立, 制定, 设施",C1,,,,
squeeze,squeeze,/skwi:z/,vt./vi./n.,"n. 紧握, 挤, 榨, 榨取, 佣金；vt. 紧握, 挤, 榨取；vi. 压榨, 榨",C1,,,,
imagination,imagination,/i.mædʒi'neiʃәn/,n.,"n. 想像, 听觉, 想像力",B2,,,,
mask,mask,/mæsk/,vt./vi./n.,"n. 面具, 假面具, 掩饰, 石膏面模；vt. 戴面具, 掩饰, 使模糊；vi. 化装, 戴面具, 掩饰, 参加化装舞会",C1,,,,
convert,convert,/kәn'vә:t/,vt./vi./n.,"n. 皈依者, 改变宗教信仰者；vt. 使改变信仰, 转换, 兑换, 倒置；vi. 皈依",B2,,,,
comprehensive,comprehensive,/.kɒmpri'hensiv/,,"a. 广泛的, 有理解力的, 综合的",B2,,,,
prominent,prominent,/'prɒminәnt/,,"a. 卓越的, 显著的, 突出的, 凸出的",C1,,,,
presentation,presentation,/.prezәn'teiʃәn/,n.,"n. 赠与, 描述, 介绍",B1,,,,
regardless,regardless,/ri'gɑ:dlis/,,"a. 不管, 不注意, 不顾",C1,,,,
load,load,/lәud/,vt./vi./n.,"n. 负荷, 担子, 重担, 装载量, 负载, 工作量, 加载；vt. 装载, 装填, 使担负；vi. 装货, 上客, 装料",B2,,,,
stable,stable,/'steibl/,vt./vi./n.,"n. 马房, 牛棚；a. 稳定的, 安定的, 坚固的, 坚定的；vt. 赶入马房；vi. 被关在马厩",B2,,,,
introduction,introduction,/.intrә'dʌkʃәn/,n.,"n. 介绍, 传入, 采用, 初步",A2,,,,
pretend,pretend,/pri'tend/,v.,"v. 假装, 伪称, 自命, 自称",B1,,,,
elderly,elderly,/'eldәli/,,"a. 过了中年的, 稍老的",B2,,,,
representation,representation,/.reprizen'teiʃәn/,n.,"n. 表示法, 表现, 陈述, 代表",C1,,,,
violate,violate,/'vaiәleit/,vt.,"vt. 违犯, 亵渎, 违反, 侵犯, 妨碍",C1,,,,
split,split,/split/,vt./vi./n.,"n. 劈开, 裂片, 裂缝, 分裂, 派系, 派别, 柳条；a. 劈开的；vi. 分离, 分开, 裂开, 被劈开；vt. 劈开, 切开, 使分裂, 使分离",B2,,,,
deer,deer,/diә/,n.,n. 鹿,Beyond C1,,,,
partnership,partnership,/'pɑ:tnәʃip/,n.,"n. 合伙, 合股, 合作关系",B2,,,,
pollution,pollution,/pә'lu:ʃәn/,n.,"n. 污染, 玷污",A2,,,,
steady,steady,/'stedi/,vt./vi.,"a. 稳定的, 不动摇的, 沉着的, 稳固的, 坚定的, 经常的；vt. 使稳定, 使坚定；vi. 变为沉着, 稳固",B2,,,,
emission,emission,/i'miʃәn/,n.,"n. 发射, 射出, 发行",B2,,,,
vital,vital,/'vaitl/,,"a. 生命的, 重要的, 充满活力的, 生死攸关的, 致命的",B2,,,,
earnings,earnings,/'ә:niŋ/,n.,"n. 所赚的钱, 工资, 收入",C1,,,,
fate,fate,/feit/,vt./n.,"n. 命运, 运气；vt. 注定",C1,,,,
oven,oven,/'ʌvәn/,n.,"n. 烤箱, 灶, 子宫",A2,,,,
distinction,distinction,/dis'tiŋkʃәn/,n.,n. 区别,C1,,,,
segment,segment,/'segmәnt/,v./n.,"n. 片段, 部分, 分节, 段；v. 分割, 分裂",C1,,,,
poet,poet,/'pәuit/,n.,n. 诗人,B1,,,,
nowhere,nowhere,/'nәuhwєә/,adv.,"adv. 无处, 到处都无",A2,,,,
mere,mere,/miә/,n.,"n. 小湖, 池塘；a. 仅仅的, 只不过的",C1,,,,
exciting,exciting,/ik'saitiŋ/,,"a. 令人兴奋的, 刺激的",A1,,,,
variation,variation,/.vєәri'eiʃәn/,n.,"n. 变更, 变化, 变种, 变奏",B2,,,,
comfort,comfort,/'kʌmfәt/,vt./n.,"n. 舒适, 安慰, 安慰者；vt. 安慰",B2,,,,
radical,radical,/'rædikl/,n.,"n. 激进分子, 词根, 基础, 根式, 根；a. 激进的, 根本的, 基本的, 根的",C1,,,,
irish,irish,/'airiʃ/,n.,"n. 爱尔兰人, 爱尔兰语；a. 爱尔兰的",Beyond C1,,,,
honey,honey,/'hʌni/,vt./vi./n.,"n. 蜂蜜, 甜蜜, 爱人；a. 蜂蜜似的, 甜蜜的, 甘美的；vt. 加蜜使甜, 对...说甜言蜜语；vi. 说甜言蜜语, 奉承",B2,,,,
adapt,adapt,/ә'dæpt/,vt./vi.,"vt. 使适应, 改编；vi. 适应",B2,,,,
correspondent,correspondent,/.kɒri'spɒndәnt/,n.,"n. 通讯记者, 通信者",C1,,,,
pale,pale,/peil/,vt./vi./n.,"n. 栅栏, 界线, 范围；a. 苍白的, 暗淡的, 无力的；vi. 变苍白, 变暗, 失色；vt. 使变苍白, 使失色, 用栅栏围",B1,,,,
musician,musician,/mju:'ziʃәn/,n.,"n. 音乐家, 乐师, 作曲家",A2,,,,
significance,significance,/sig'nifikәns/,n.,"n. 重要性, 意义, 意味",B2,,,,
vessel,vessel,/'vesl/,n.,"n. 船, 容器, 脉管",C1,,,,
storage,storage,/'stɒ:ridʒ/,n.,"n. 存储器, 储藏, 保管, 库存, 仓库",C1,,,,
flee,flee,/fli:/,vt./vi.,"vt. 逃避, 逃跑, 逃走；vi. 逃, 消失",C1,,,,
leather,leather,/'leðә/,vt./n.,"n. 皮革, 皮制品, 马镫的皮带；vt. 覆以皮革, 鞭苔, 抽打；a. 皮革的, 皮制的",B1,,,,
distribute,distribute,/di'stribju:t/,vt.,"vt. 分配, 散布, 分发",B2,,,,
ill,ill,/il/,n./adv.,"n. 疾病, 坏事, 罪恶, 灾难；a. 生病的, 邪恶的, 不吉利的, 敌意的, 不良的, 不顺利的；adv. 有害地, 不幸地, 几乎不",A2,,,,
evolution,evolution,/.i:vә'lu:ʃәn/,n.,"n. 进化, 发展, 进展, (气体)放出, 开方",B2,,,,
shelf,shelf,/ʃelf/,n.,"n. 架子, 搁板",B1,,,,
tribe,tribe,/traib/,n.,"n. 宗族, 部落, 一群人",B2,,,,
grandfather,grandfather,/'grændfɑ:ðә/,n.,"n. 祖父, 始祖",A1,,,,
lawn,lawn,/lɒ:n/,n.,"n. 草地, 草坪, 上等细麻布",C1,,,,
dining,dining,/'dainiŋ/,n.,"n. 正餐, 宴会",Beyond C1,,,,
buyer,buyer,/'baiә/,n.,"n. 买主, 买方",A1,,,,
wisdom,wisdom,/'wizdәm/,n.,"n. 智慧, 明智行为, 学识, 名言, 贤人",B2,,,,
vulnerable,vulnerable,/'vʌlnәrәbl/,,"a. 易受伤害的, 有弱点的, 易受影响的, 脆弱的, 成局的",C1,,,,
garlic,garlic,/'gɑ:lik/,n.,n. 大蒜,Beyond C1,,,,
instance,instance,/'instәns/,vt./n.,"n. 建议, 情况, 例子, 场合；vt. 引以为例, 举例说明",B2,,,,
capability,capability,/.keipә'biliti/,n.,"n. 能力, 性能, 约束力",C1,,,,
poetry,poetry,/'pәuitri/,n.,"n. 诗, 韵文, 诗歌艺术",B1,,,,
celebrity,celebrity,/si'lebrti/,n.,"n. 名声, 名人",A2,,,,
gradually,gradually,/'grædʒuәli/,adv.,adv. 逐渐地,B2,,,,
stability,stability,/stә'biliti/,n.,"n. 安定, 稳定性, 坚实, 巩固",C1,,,,
fantasy,fantasy,/'fæntәsi/,n.,"n. 幻想, 想象的产物",B2,,,,
scared,scared,/skeәd/,,"a. 害怕的, 担惊受怕的, 惊慌的, 吓坏了的",A2,,,,
plot,plot,/plɒt/,vt./vi./n.,"n. 小块土地, 地区图, 图, 阴谋, 情节；vt. 划分, 绘图, 密谋；vi. 密谋, 策划",B1,,,,
framework,framework,/'freimwә:k/,n.,"n. 结构, 骨架, 参照标准, 准则, 观点",B2,,,,
gesture,gesture,/'dʒestʃә/,vi./n.,"n. 手势, 姿态；vi. 作手势, 作姿态",B2,,,,
ongoing,ongoing,/'ɒngәuiŋ/,n.,"a. 前进的, 进行的, 不间断的；n. 前进, 发展",B2,,,,
depending,depend,,,[计] 依赖,A2,,,,
psychology,psychology,/sai'kɒlәdʒi/,n.,"n. 心理学, 心理状态",B2,,,,
counselor,counselor,/'kaunsәlә/,n.,"n. 顾问, 参事, 法律顾问",C1,,,,
chapter,chapter,/'tʃæptә/,n.,"n. 章, 篇, 重要章节",B1,,,,
divorce,divorce,/di'vɒ:s/,vt./n.,n. 离婚；vt. 与...离婚,B2,,,,
owe,owe,/әu/,vt./vi.,"vt. 亏欠, 负...债, 归功于, 怀有, 应给予, 感恩；vi. 欠钱",B2,,,,
pipe,pipe,/paip/,vt./vi./n.,"n. 管, 导管, 输送管, 管状器官, 声带, 尖细的声音, 烟斗, 笛, 管乐器；vt. 以管输送, 吹哨子, 吹奏, 尖声唱；vi. 吹笛, 尖叫, 吹长哨发令",B1,,,,
athletic,athletic,/æθ'letik/,,a. 运动的,B2,,,,
slight,slight,/slait/,vt./n.,"n. 轻蔑, 怠慢；a. 轻微的, 纤细的, 脆弱的, 苗条的；vt. 轻视, 忽略, 怠慢",B2,,,,
math,math,/mæθ/,n.,n. 数学,A2,,,,
shade,shade,/ʃeid/,vt./vi./n.,"n. 荫, 阴暗, 遮光物, 灯罩, 帘, 浓淡, 微量, 底纹；vi. 渐变；vt. 使阴暗, 使渐变, 遮蔽, 微减",B2,,,,
tail,tail,/teil/,vt./vi./n.,"n. 尾部, 后部, 辫子, 随员, 特务, 燕尾服, 踪迹, 限定继承(权)；a. 在后面的, 从后面而来的, 限定继承的, 尾部的, 后部的；vt. 为...装尾, 附于其后, 尾随, 使搭牢, 跟踪, 监视；vi. 跟踪, 船尾搁浅",B1,,,,
sustain,sustain,/sә'stein/,vt.,"vt. 承受, 支持, 供养, 继续, 忍受, 蒙受, 证实, 准许",C1,,,,
mount,mount,/maunt/,vt./vi./n.,"n. 乘骑用马, 框, 衬纸, 山；vi. 乘马, 爬上, 增长；vt. 爬上, 使上马, 装上, 装裱, 安放, 制作...的标本, 设置, 上演",B2,,,,
obligation,obligation,/.ɒbli'geiʃәn/,n.,"n. 义务, 责任, 约束, 契约, 恩惠, 债务",B2,,,,
angle,angle,/'æŋgl/,vt./vi./n.,"n. 角, 角度, 角落；vi. 钓鱼, 谋取, 博取, 斜向移动, 转变角度；vt. 使转动角度, 在...钓鱼, 获取",B2,,,,
differ,differ,/'difә/,vi.,"vi. 不一致, 不同",B2,,,,
palm,palm,/pɑ:m/,vt./n.,"n. 手掌, 棕榈, 胜利；vt. 与...握手, 藏...于掌中",B2,,,,
custom,custom,/'kʌstәm/,n.,"n. 习惯, 风俗, 海关, 自定义；a. 定制的",B1,,,,
economist,economist,/i:'kɒnәmist/,n.,"n. 经济学者, 经济家",B2,,,,
fifteen,fifteen,/'fif'ti:n/,num.,"num. 十五, 十五个",A1,,,,
celebration,celebration,/.seli'breiʃәn/,n.,"n. 庆祝, 庆典",B1,,,,
soup,soup,/su:p/,vt./n.,"n. 汤, 马力；vt. 加速, 增加马力",A1,,,,
efficient,efficient,/i'fiʃәnt/,,"a. 有效率的, 能干的",B2,,,,
composition,composition,/kɒmpә'ziʃәn/,n.,"n. 作文, 创作, 组成",C1,,,,
satisfy,satisfy,/'sætisfai/,vt./vi.,"vt. 使满意, 满足, 符合, 使确信, 赔偿；vi. 令人满意, 替人赎罪",B2,,,,
briefly,briefly,/'brifli/,adv.,"adv. 简短地, 扼要地, 简明地, 简单地",B2,,,,
pile,pile,/pail/,vt./vi./n.,"n. 堆, 大堆, 大厦, 建筑群, 电池, 大量, 桥桩, 软毛, 痔疮；vi. 堆起, 堆积, 积累, 挤, 猛烈攻击；vt. 堆于, 累积, 堆叠, 打桩于, 用桩支撑",B2,,,,
carbon,carbon,/'kɑ:bәn/,n.,"n. 碳, 副本, 复写纸",B2,,,,
closer,close,/'klәuzә/,n.,"n. 关闭者, 闭合器, 关闭器",A1,,,,
consume,consume,/kәn'sju:m/,vt./vi.,"vt. 消耗, 消费, 消灭；vi. 耗尽, 毁灭",B1,,,,
scheme,scheme,/ski:m/,v./n.,"n. 方案, 计划, 组合, 系统, 图解, 诡计, 阴谋；v. 计划, 设计, 图谋, 策划",Beyond C1,,,,
crack,crack,/kræk/,v./n./adv.,"n. 裂缝, 爆裂声；v. (使)爆裂, (使)裂开, (使)发出爆裂声；a. 第一流的；adv. 啪地一声",B2,,,,
frequency,frequency,/'fri:kwәnsi/,n.,"n. 频率, 频数",B2,,,,
tobacco,tobacco,/tә'bækәu/,n.,"n. 烟草, 香烟",C1,,,,
survivor,survivor,/sә'vaivә/,n.,"n. 生还者, 幸存者",B2,,,,
besides,besides,/bi'saidz/,adv./prep.,"prep. 除...之外；adv. 而且, 此外",B2,,,,
psychologist,psychologist,/sai'kɒlәdʒist/,n.,n. 心理学家,B2,,,,
wealthy,wealthy,/'welθi/,,"a. 富有的, 丰裕的, 充分的",B2,,,,
galaxy,galaxy,/'gælәksi/,n.,"n. 银河, 星系, 一群(显赫的人物)",Beyond C1,,,,
given,give,/'givәn/,,"a. 赠予的, 沉溺的, 约定的；give的过去分词",A1,,,,
limitation,limitation,/.limi'teiʃәn/,n.,"n. 限制, 缺陷, 限额",B2,,,,
trace,trace,/treis/,vt./vi./n.,"n. 痕迹, 踪迹, 微量, 迹线, 缰绳；vt. 追踪, 回溯, 描绘；vi. 追溯, 沿路走",B2,,,,
appointment,appointment,/ә'pɒintmәnt/,n.,"n. 约会, 委任的职位, 委派",B1,,,,
preference,preference,/'prefәrәns/,n.,"n. 偏爱, 优先, 喜爱物",B2,,,,
explosion,explosion,/ik'splәuʒәn/,n.,"n. 爆发, 激增, 爆炸(声)",B1,,,,
meter,meter,/'mi:tә/,vt./n.,"n. 米, 公尺, 仪表, 计量器；vt. 以仪表计量",A1,,,,
incredible,incredible,/in'kredәbl/,,a. 难以置信的,A2,,,,
publicly,publicly,/'pʌblikli/,adv.,"adv. 公然地, 以公众名义",Beyond C1,,,,
fighter,fighter,/'faitә/,n.,"n. 斗士, 战士, 好战者, 战斗机",A2,,,,
rapid,rapid,/'ræpid/,n.,"a. 迅速的, 飞快的, 急促的, 陡的；n. 急流",B2,,,,
hunter,hunter,/'hʌntә/,n.,"n. 猎人, 猎犬, 追求者",B1,,,,
admission,admission,/әd'miʃәn/,n.,"n. 准许进入, 入场费, 录用, 承认",C1,,,,
ski,ski,/ski:/,vi./n.,n. 滑雪橇；vi. 滑雪,A2,,,,
educate,educate,/'edjukeit/,vt.,"vt. 教育, 培养, 训练",B1,,,,
painful,painful,/'peinful/,,"a. 痛苦的, 困难的, 令人烦恼的",B1,,,,
aide,aide,/eid/,n.,"n. 助手, 副官",C1,,,,
friendship,friendship,/'frendʃip/,n.,"n. 友谊, 友爱, 友善",B1,,,,
infant,infant,/'infәnt/,n.,"n. 婴儿, 儿童, 初学者；a. 婴儿的, 幼稚的",C1,,,,
fifty,fifty,/'fifti/,num.,"num. 五十, 五十个",A1,,,,
calculate,calculate,/'kælkjuleit/,v.,"v. 计算, 预测, 计划, 打算",B2,,,,
tendency,tendency,/'tendәnsi/,n.,"n. 趋向, 倾向",B2,,,,
rid,rid,/rid/,vt.,"vt. 免除, 以...清除, 使获自由, 使摆脱",B2,,,,
porch,porch,/pɒ:tʃ/,n.,"n. 门廊, 走廊",Beyond C1,,,,
uniform,uniform,/'ju:nifɒ:m/,n.,"n. 制服；a. 统一的, 一律的, 始终如一的",A2,,,,
scholarship,scholarship,/'skɒlәʃip/,n.,"n. 学问, 学术成就, 奖学金",B2,,,,
formation,formation,/fɒ:'meiʃәn/,n.,"n. 形成, 构造, 编队",B2,,,,
reservation,reservation,/.rezә'veiʃәn/,n.,"n. 保留, 预定, 保留品, 保留地",B1,,,,
efficiency,efficiency,/i'fiʃәnsi/,n.,"n. 效率, 效能, 功效",C1,,,,
qualify,qualify,/'kwɒlifai/,vt./vi.,"vi. 取得资格, 有资格；vt. 使有资格, 使合格, 限定, 限制, 准予",B1,,,,
mall,mall,/mɔ:l/,n.,n. 林荫路,A1,,,,
derive,derive,/di'raiv/,vt./vi.,vt. 得自；vi. 起源,B2,,,,
scandal,scandal,/'skændәl/,n.,"n. 丑闻, 中伤, 耻辱, 反感, 流言蜚语",B2,,,,
pc,pc,,,个人计算机,Beyond C1,,,,
helpful,helpful,/'helpful/,,"a. 有帮助的, 有益的, 有用的",A2,,,,
impress,impress,/im'pres/,vt./vi./n.,"n. 印象, 特征, 印记；vt. 使有印象, 印, 铭刻, 传送, 影响, 强征；vi. 给人印象",B2,,,,
heel,heel,/hi:l/,vt./vi./n.,"n. 脚后跟, 踵, 后部, 倾侧；vt. 尾随, 装以鞋跟, 倾侧, 追赶；vi. 紧随, 用脚后跟传球",B2,,,,
humor,humor,/'hju:mә/,vt./n.,"n. 幽默, 诙谐, 心情；vt. 迎合, 牵就, 顺应",B2,,,,
resemble,resemble,/ri'zembl/,vt.,"vt. 相似, 类似",C1,,,,
fabric,fabric,/'fæbrik/,n.,"n. 织物, 布, 结构, 构造, 建筑物",B2,,,,
privacy,privacy,/'praivәsi/,n.,"n. 隐私, 隐居, 秘密",B2,,,,
contest,contest,/'kɒntest/,vt./vi./n.,"n. 竞赛, 争论；vt. 竞争, 争取, 争辩；vi. 竞争",B2,,,,
proportion,proportion,/prә'pɒ:ʃәn/,vt./n.,"n. 比例, 比率, 均衡, 部分, 面积；vt. 使成比例, 使均衡",B2,,,,
guideline,guideline,/'gaidlain/,n.,"n. 指导路线, 方针, 指标",B2,,,,
rifle,rifle,/'raifl/,vt./vi./n.,"n. 来复枪, 步枪；vt. 用步枪射击, 抢夺；vi. (抱有不良意图)迅速翻查",C1,,,,
conviction,conviction,/kәn'vikʃәn/,n.,"n. 定罪, 信服, 坚信",C1,,,,
maintenance,maintenance,/'meintәnәns/,n.,"n. 维护, 保持, 维修, 生活费用, 坚持, 扶养",C1,,,,
trick,trick,/trik/,vt./vi./n.,"n. 诡计, 欺诈, 谋略, 恶作剧, 习惯, 决窍；vt. 愚弄, 欺骗, 装饰；vi. 哄骗, 戏弄；a. 有决窍的, 特技的, 欺诈的, 漂亮的, 靠不住的",B1,,,,
examination,examination,/ig.zæmi'neiʃәn/,n.,"n. 考试, 测验, 审查",B2,,,,
organic,organic,/ɒ:'gænik/,,"a. 器官的, 有机的, 组织的, 根本的",B2,,,,
tent,tent,/tent/,vt./vi./n.,"n. 帐篷, 帷幕, 住处, 塞条, 塞子；vi. 住帐蓬, 宿营, 暂时居住；vt. 用帐篷遮盖, 使住帐篷, 用塞条嵌入",B1,,,,
publisher,publisher,/'pʌbliʃә/,n.,"n. 出版者, 发行人",A2,,,,
strengthen,strengthen,/'streŋθәn/,vt./vi.,"vt. 加强, 变坚固；vi. 变强, 股票上涨",B2,,,,
proposed,propose,,,a. 被提议的；所推荐的,B2,,,,
myth,myth,/miθ/,n.,"n. 神话, 虚构的事, 虚构的人",B2,,,,
sophisticated,sophisticate,/sә'fistikeitid/,,"a. 复杂的, 久经世故的",B2,,,,
cow,cow,/kau/,vt./n.,"n. 母牛, 母兽；vt. 威胁",A1,,,,
etc,etc,,,"及其他, 等等",Beyond C1,,,,
standing,stand,/'stændiŋ/,n.,"n. 起立, 持续, 身分；a. 立着的, 不动的, 经常的, 持续的",C1,,,,
asleep,asleep,/ә'sli:p/,adv.,"a. 睡着的, 长眠的, 麻木的；adv. 熟睡地",A2,,,,
tennis,tennis,/'tenis/,n.,n. 网球,A1,,,,
nerve,nerve,/nә:v/,vt./n.,"n. 精神, 勇气, 叶脉, 神经；vt. 鼓起勇气",B2,,,,
barrel,barrel,/'bærәl/,vt./n.,n. 桶；vt. 装入桶内,C1,,,,
membership,membership,/'membәʃip/,n.,"n. 会员的资格, 全体会员, 会员数目",B2,,,,
menu,menu,/'menju:/,n.,"n. 菜单, (功能)选择单",A1,,,,
bombing,bomb,/'bɔmiŋ/,n.,"n. 轰炸, 投弹",B2,,,,
ratio,ratio,/'reiʃәu/,n.,"n. 比, 比率",C1,,,,
controversial,controversial,/.kɒntrә'vә:ʃәl/,,"a. 争论的, 论争的, 被议论的",B2,,,,
desperate,desperate,/'despәrәt/,,"a. 不顾一切的, 危急的, 令人绝望的, 极渴望的",B2,,,,
lifestyle,lifestyle,/'laifstail/,n.,n. 生活方式,A2,,,,
loud,loud,/laud/,adv.,"a. 大声的, 不断的, 喧吵的；adv. 高声地, 大声地",A2,,,,
glove,glove,/glʌv/,vt./n.,n. 手套；vt. 给...戴手套,B1,,,,
islam,islam,/'izlɑ:m/,n.,n. 伊斯兰教,Beyond C1,,,,
narrative,narrative,/'nærәtiv/,n.,"n. 叙述, 故事；a. 叙述的, 叙事的, 故事体的",B1,,,,
photographer,photographer,/fә'tɔ^rәfә/,n.,"n. 摄影师, 摄影者",B1,,,,
sufficient,sufficient,/sә'fiʃәnt/,,"a. 充分的, 足够的",B2,,,,
helicopter,helicopter,/'helikɒptә/,vt./vi./n.,n. 直升机；vt. 由直升机运送；vi. 乘直升机,B1,,,,
modest,modest,/'mɒdist/,,"a. 谦逊的, 羞怯的, 端庄的, 适度的",B2,,,,
provider,provider,/prә'vaidә/,n.,"n. 供应者, 供养人, 伙食承办人",Beyond C1,,,,
agricultural,agricultural,/.ægri'kʌltʃәrәl/,,a. 农业的,C1,,,,
delay,delay,/di'lei/,v./n.,"n. 耽搁, 迟滞；v. 耽搁, 延迟",B2,,,,
explode,explode,/ik'splәud/,vt./vi.,"vi. 爆炸, 爆发, 激增；vt. 使爆炸",B1,,,,
scope,scope,/skәup/,n.,"n. 范围, 机会, 广度, 眼界, 观察仪器, 导弹射程",Beyond C1,,,,
stroke,stroke,/strәuk/,vt./n.,"n. 笔划, 打, 中风, 抚, 摩, 冲程；vt. 划尾桨, 抚, 摩, 划去",B2,,,,
handful,handful,/'hændful/,n.,"n. 少数, 一把, 棘手事",C1,,,,
punishment,punishment,/'pʌniʃmәnt/,n.,"n. 处罚, 刑罚, 惩罚",B1,,,,
badly,badly,/'bædli/,adv.,"adv. 严重地, 恶劣地, 极度地",A2,,,,
curious,curious,/'kjuәriәs/,,"a. 好奇的, 求知的, 古怪的",B2,,,,
horizon,horizon,/hә'raizәn/,n.,"n. 地平线, 眼界, (天)视地平",C1,,,,
prompt,prompt,/prɒmpt/,vt./n./adv.,"n. 激励, 提示, 提醒物, 提词, 付款期限；a. 迅速的, 敏捷的, 立刻的, 提词员的；vt. 激励, 鼓动, 提示；adv. 准时地",B2,,,,
girlfriend,girlfriend,,n.,n. 女朋友,A1,,,,
van,van,/væn/,vt./n.,"n. 货车, 篷车, 先锋, 前驱, 前卫；vt. 用货车搬运",B2,,,,
downtown,downtown,/'daun'taun/,n./adv.,n. 市中心区；a. 市中心的；adv. 往闹市区,A2,,,,
flavor,flavor,/'fleivә/,vt./n.,"n. 滋味, 调味品；vt. 加味于",B2,,,,
cholesterol,cholesterol,/kә'lestәrɒl/,n.,n. 胆固醇,Beyond C1,,,,
absorb,absorb,/әb'sɒ:b/,vt.,"vt. 吸收, 使全神贯注, 同化, 买进, 理解, 承受, 忍受, 承担",B2,,,,
adjustment,adjustment,/ә'dʒʌstmәnt/,n.,"n. 调整, 调节, 校正",C1,,,,
taxpayer,taxpayer,/'tækspeiә/,n.,n. 纳税人,C1,,,,
eager,eager,/'i:gә/,,"a. 热心的, 渴望的, 热望的",B2,,,,
principal,principal,/'prinsipәl/,n.,"n. 校长, 首长, 本金, 主犯, 资本, 委托人；a. 主要的, 最重要的, 首要的",B1,,,,
detailed,detail,/'di:teild/,,"a. 详细的, 复杂的",B2,,,,
motivation,motivation,/.mәuti'veiʃәn/,n.,"n. 动机, 刺激, 推动",B2,,,,
restriction,restriction,/ri'strikʃәn/,n.,"n. 限制, 限定, 约束",B2,,,,
assignment,assignment,/ә'sainmәnt/,n.,"n. 分配, 功课, 任务, 转让, 归因, 陈述",B1,,,,
workshop,workshop,/'wә:kʃɒp/,n.,"n. 工场, 车间, 研讨会",B2,,,,
laboratory,laboratory,/'læbrәtәri/,n.,"n. 实验室, 研究室, 化工厂",B1,,,,
differently,differently,/'difrentli/,adv.,"adv. 差异, 不同, 各别, 各种",A2,,,,
auto,auto,/'ɒ:tәu/,n.,"n. 汽车；pref. 表示""自己""、""本身"", 表示""自己的"", 表示""自动的""",C1,,,,
romantic,romantic,/rәu'mæntik/,,"a. 浪漫的, 风流的, 传奇性的, 夸大的, 空想的, 浪漫派的",B1,,,,
cotton,cotton,/'kɒtn/,vi./n.,"n. 棉花；vi. 和谐, 有好感, 理解",B1,,,,
sue,sue,/su:/,vt./vi.,"vt. 控告, 起诉, 请求；vi. 提出诉讼, 提出请求",C1,,,,
motor,motor,/'mәutә/,vt./vi./n.,"n. 马达, 发动机, 原动力, 汽车；a. 马达的, 发动机的, 汽车的, 发动的；vt. 推动, 以汽车载运；vi. 乘汽车, 驾车",B2,,,,
overlook,overlook,/.әuvә'luk/,vt./n.,"vt. 俯瞰, 远眺, 没注意到；n. 眺望, 俯瞰到的景色",C1,,,,
float,float,/flәut/,vt./vi./n.,"n. 漂流物, 浮舟, 漂浮, 浮萍, 彩车；vi. 浮动, 飘动, 散播, 摇摆, 动摇, 浮动；vt. 使漂浮, 容纳, 淹没, 发行, 实行",B2,,,,
undergo,undergo,/.ʌndә'gәu/,vt.,"vt. 遭受, 经历, 忍受",B2,,,,
demonstration,demonstration,/.demәn'streiʃәn/,n.,"n. 示范, 实证",B2,,,,
sequence,sequence,/'si:kwәns/,vt./n.,"n. 序列, 续发事件, 顺序, 连续；vt. 按顺序排好",B2,,,,
jet,jet,/dʒet/,v./n.,"n. 喷射流, 喷嘴, 煤玉；v. 射出, 迸出, 喷射；a. 黑而发亮的, 墨黑的",B2,,,,
orange,orange,/'ɒ:rindʒ/,n.,"n. 柑橘, 桔子, 橘色；a. 橘色的",A1,,,,
consumption,consumption,/kәn'sʌmpʃәn/,n.,"n. 消费, 消费量, 痨病",B2,,,,
assert,assert,/ә'sә:t/,vt.,"vt. 主张, 坚称, 断言",C1,,,,
blade,blade,/bleid/,n.,"n. 叶片, 刀锋, 刀口, 剑",C1,,,,
medication,medication,/.medi'keiʃәn/,n.,"n. 药物治疗, 药物处理, 医药",B2,,,,
temporary,temporary,/'tempәrәri/,n.,"a. 暂时的, 临时的；n. 临时工, 临时雇员",B2,,,,
cabin,cabin,/'kæbin/,vt./n.,"n. 小屋, 客舱；vt. 关在小屋",B2,,,,
bite,bite,/bait/,v./n.,"n. 咬, 一口；v. 咬, 刺痛, 穿透",B1,,,,
edition,edition,/i'diʃәn/,n.,"n. 版本, 版, 翻版",B2,,,,
yours,yours,/juәz/,pron.,"pron. 你的(东西), 你们的(东西)",A2,,,,
pitch,pitch,/pitʃ/,vt./vi./n.,"n. 程度, 坡度, 顶点, 前倾, 倾斜, 投掷, 音高, 螺距, 节距, 摊位, 树脂, 沥青；vt. 投, 掷, 向前倾跌, 扎营, 竭力推销, 为...定调, 定位于, 用沥青涂；vi. 搭帐篷, 投掷, 向前跌, 猛然摔倒, 坠落, 倾斜",B2,,,,
pine,pine,/pain/,vi./n.,"n. 松树, 松木；vi. 消瘦, 憔悴, 痛苦, 怀念, 渴望",Beyond C1,,,,
brilliant,brilliant,/'briljәnt/,,"a. 光辉的, 灿烂的, 有才气的",A2,,,,
versus,versus,/'vә:sәs/,prep.,prep. 对...,C1,,,,
manufacturing,manufacturing,/.mænju'fæktʃәriŋ/,n.,n. 制造业；a. 制造业的,B2,,,,
chef,chef,/ʃef/,n.,n. 厨师,A2,,,,
absolute,absolute,/'æbsәlu:t/,n.,"a. 绝对的, 专制的, 完全的, 独立的；n. 绝对事物",B2,,,,
discrimination,discrimination,/dis.krimi'neiʃәn/,n.,"n. 差别, 岐视, 辨别力",C1,,,,
offensive,offensive,/ә'fensiv/,,"a. 令人不快的, 侮辱的, 攻击性的",B2,,,,
boom,boom,/bu:m/,vt./vi./n.,"n. 繁荣, 隆隆声；vi. 急速发展, 发隆隆声；vt. 使兴旺, 发隆隆声",C1,,,,
appoint,appoint,/ә'pɒint/,vt.,"vt. 任命, 指定, 下令",C1,,,,
register,register,/'redʒistә/,vt./vi./n.,"n. 寄存器, 记录, 登记簿, 注册；vt. 记录, 注册, 提示, 表达, 把...挂号；vi. 登记, 注册, 挂号",B2,,,,
dominant,dominant,/'dɒminәnt/,,"a. 占优势的, 支配的",B2,,,,
heritage,heritage,/'heritidʒ/,n.,"n. 遗产, 祖先遗留物, 继承物",C1,,,,
successfully,successfully,/sәk'sesfjli/,adv.,"adv. 成功, 结果良好, 有成就",B1,,,,
shit,shit,/ʃit/,vt./vi./n.,"vi. 拉屎；vt. 欺骗, 在...拉屎；n. 粪, 屎；interj. 狗屁",Beyond C1,,,,
lemon,lemon,/'lemәn/,n.,"n. 柠檬, 柠檬树, 柠檬色",A2,,,,
hungry,hungry,/'hʌŋgi/,,"a. 饥饿的, 荒年的, 渴望的, 不毛的",A1,,,,
wander,wander,/'wɒndә/,vt./vi.,"vi. 游荡, 漫步, 徘徊, 迷路, 离题, 蜿蜒；vt. 在...漫游",B2,,,,
submit,submit,/sәb'mit/,vt./vi.,"vt. 使服从, 使受到, 委托, 提交, 认为；vi. 屈服, 服从",B2,,,,
naked,naked,/'neikid/,,"a. 裸体的, 无装饰的, 无保护的, 赤贫的",B2,,,,
economics,economics,/.i:kә'nɒmiks/,n.,n. 经济学,B2,,,,
anticipate,anticipate,/æn'tisipeit/,vt.,"vt. 预期, 占先, 加速, 提前使用",B2,,,,
nut,nut,/nʌt/,n.,"n. 坚果, 核心, 螺帽",A2,,,,
legacy,legacy,/'legәsi/,n.,"n. 祖先传下来之物, 遗赠物",C1,,,,
extension,extension,/ik'stenʃәn/,n.,"n. 延长, 扩充, 范围, 扩展名；a. 伸缩的",B2,,,,
shrug,shrug,/ʃrʌg/,v./n.,n. 耸肩；v. 耸肩,C1,,,,
battery,battery,/'bætәri/,n.,"n. 电池, 殴打",B1,,,,
arrival,arrival,/ә'raivl/,n.,"n. 到达, 抵达, 到达者",B1,,,,
legitimate,legitimate,/li'dʒitimәt/,vt.,"a. 合法的, 正当的, 婚生的；vt. 认为正当, 立为嫡嗣, 使合法",C1,,,,
orientation,orientation,/.ɒ:rien'teiʃәn/,n.,"n. 定方位, 适应, 向东方；n. 方向",C1,,,,
inflation,inflation,/in'fleiʃәn/,n.,"n. 胀大, 夸张, 通货膨胀",B2,,,,
cope,cope,/kәup/,vi./n.,"vi. 竞争, 应付；n. 长袍",B2,,,,
flame,flame,/fleim/,vt./vi./n.,"n. 火焰, 火舌, 热情, 光辉；vt. 焚烧, 用火焰给...灭菌, 用火焰传送(信号), 点燃, 激动；vi. 燃烧, 爆发, 闪耀",B2,,,,
cluster,cluster,/'klʌstә/,vt./vi./n.,"n. 串, 丛, 群, 簇；vi. 成串, 丛生；vt. 使聚集",C1,,,,
dependent,dependent,/di'pendәnt/,n.,"n. 依赖他人者；a. 依赖的, 从属的",B2,,,,
wound,wind,/wu:nd/,vt./vi./n.,"n. 创伤, 伤口, 伤疤, 伤害, 痛苦；vt. 伤害, 损害, 使受伤；vi. 打伤, 伤害；wind的过去式和过去分词",B2,,,,
shower,shower,/'ʃauә/,vt./vi./n.,"n. 阵雨, 淋浴, 一阵, 展出者, 显示者；vi. 淋浴, 下阵雨；vt. 淋湿, 倾注",A1,,,,
depict,depict,/di'pikt/,vt.,"vt. 描述, 描写",C1,,,,
institutional,institutional,/.insti'tju:ʃәnәl/,,"a. 制度的, 公共机构的, 学会的",C1,,,,
operating,operate,/'ɔpәreitiŋ/,,"a. 操作的, 工作的, 营业上的, 业务的, 关于收支的, 关于损益的, 外科手术的",B2,,,,
garage,garage,/gә'rɑ:ʒ. 'gærɑ:ʒ/,vt./n.,"n. 车库, 汽车修理厂, 机库；vt. 把车送入修车场",B1,,,,
flesh,flesh,/'fleʃ/,vt./vi./n.,"n. 肉, 肉体, 肉欲, 人性, 亲属, 人类, 众生, 人体；vt. 以肉喂, 激起...的杀戳情绪, 使肥, 赋以血肉；vi. 长胖",C1,,,,
operator,operator,/'ɒpәreitә/,n.,"n. 操作员, 行家, 经纪人, 算子, 运算符",B2,,,,
instructor,instructor,/in'strʌktә/,n.,"n. 教员, 讲师",A2,,,,
collapse,collapse,/kә'læps/,vt./vi./n.,"n. 崩溃, 倒塌, 虚脱；vi. 倒塌, 崩溃, 瓦解；vt. 使倒塌, 折叠",B2,,,,
furthermore,furthermore,/'fә:ðә'mɒ:/,adv.,"adv. 此外, 而且",B2,,,,
borrow,borrow,/'bɒrәu/,vt./vi.,"vt. 借, 借入, 借用；vi. 借",A2,,,,
mortgage,mortgage,/'mɒ:gidʒ/,vt./n.,"n. 抵押, 约束性义务, 抵押借款；vt. 抵押, 以...作担保, 把...许给",B2,,,,
comedy,comedy,/'kɒmidi/,n.,"n. 喜剧, 有趣的事情",A2,,,,
sanction,sanction,/'sæŋkʃәn/,vt./n.,"n. 核准, 制裁, 处罚, 约束力；vt. 制定制裁规则, 认可, 核准, 同意",C1,,,,
twelve,twelve,/twelv/,num.,"num. 十二, 十二个",A1,,,,
civilian,civilian,/si'viljәn/,n.,"n. 平民, 民法专家；a. 平民的, 百姓的, 民用的",C1,,,,
weekly,weekly,/'wi:kli/,n./adv.,"n. 周刊, 周报；a. 每周的, 一周一次的, 周刊的；adv. 每周, 一周一次",B2,,,,
habitat,habitat,/'hæbitæt/,n.,"n. 栖息地, 居留地, 自生地, 聚集处",B2,,,,
grain,grain,/grein/,v./n.,"n. 谷粒, 颗粒, 谷类, 纹理, 本质；v. (使)成谷粒",B1,,,,
brush,brush,/brʌʃ/,vt./vi./n.,"n. 刷子, 毛笔, 争吵；vt. 刷；vi. 擦过, 掠过",A2,,,,
consciousness,consciousness,/'kɒnʃәsnis/,n.,"n. 意识, 知觉, 自觉",C1,,,,
devote,devote,/di'vәut/,vt.,"vt. 投入于, 献身",B2,,,,
measurement,measurement,/'meʒәdmәnt/,n.,"n. 尺寸, 度量, 度量单位",B2,,,,
province,province,/'prɒvins/,n.,"n. 省, 地方, 职权, 领域",C1,,,,
ease,ease,/i:z/,vt./vi./n.,"n. 安乐, 安逸, 悠闲；vt. 使安乐, 使安心, 减轻, 放松；vi. 减轻, 放松, 灵活地移动",C1,,,,
seize,seize,/si:z/,vt./vi.,"vt. 抓住, 逮捕, 俘获, 没收, 扣押, 掌握；vi. 突然抓住, 利用",C1,,,,
ethics,ethics,/'eθiks/,n.,n. 道德规范,B2,,,,
nomination,nomination,/.nɒmi'neiʃәn/,n.,"n. 提名, 任命, 提名权",C1,,,,
permission,permission,/pә'miʃәn/,n.,"n. 许可, 允许",A2,,,,
wise,wise,/waiz/,vt./vi./n.,"a. 明智的, 慎虑的, 聪明的, 博学的, 狡猾的, 机灵的；vi. 知道；vt. 教导, 告诉, 劝导；n. 方法, 方式",B2,,,,
summit,summit,/'sʌmit/,n.,"n. 顶点, 最高阶层, 最高级会议；a. 政府首脑的, 最高级的",C1,,,,
actress,actress,/'æktris/,n.,n. 女演员,A1,,,,
gifted,gift,/'giftid/,,a. 有天才的,A2,,,,
acid,acid,/'æsid/,n.,"n. 酸, 酸类物质, 尖刻, 迷幻药；a. 酸的, 酸性的, 尖刻的, 敏锐的",B2,,,,
odds,odds,/ɒdz/,n.,"n. 可能性, 几率, 机会, 胜算, 不平等",C1,,,,
frustration,frustration,/frʌs'treiʃәn/,n.,"n. 挫折, 顿挫",C1,,,,
medium,medium,/'mi:diәm/,n.,"n. 媒体, 方法, 媒介；a. 半生熟的, 中间的",B1,,,,
physically,physically,/'fizikli/,adv.,"adv. 按自然规律, 完全地, 实际上, 真正地, 身体上地",Beyond C1,,,,
shore,shore,/ʃɒ:/,vt./n.,"n. 海岸, 海滨, 斜撑柱；vt. 把...送上岸, 支撑, 支持",B2,,,,
repeatedly,repeatedly,/ri'pi:tidli/,adv.,"adv. 重复地, 再三地",Beyond C1,,,,
distinguish,distinguish,/dis'tiŋgwiʃ/,v.,"v. 区别, 辨别",B2,,,,
lung,lung,/lʌŋ/,n.,"n. 肺, 肺脏, 空地",B2,,,,
artistic,artistic,/ɑ:'tistik/,,"a. 艺术的, 艺术家的, 富有艺术性的",B2,,,,
running,run,/'rʌniŋ/,n.,"n. 赛跑, 流出, 运转；a. 流动的, 跑着的, 连续的",A2,,,,
discourse,discourse,/'diskɒ:s/,vi./n.,"n. 谈话, 演讲；vi. 谈话, 讲述",C1,,,,
distinct,distinct,/dis'tiŋkt/,,"a. 清楚的, 显著的, 不同的",B2,,,,
basket,basket,/'bɑ:skit/,vt./n.,"n. 篮, 篮子；vt. 装入篮",B2,,,,
ah,ah,/ɑ:/,,"interj. 啊, 哈",A2,,,,
fighting,fight,/'faitiŋ/,n.,"a. 战斗的, 容易引起争斗的, 适于格斗的, 好斗的, 好战的, 斗争的, 搏斗的；n. 战斗, 斗争, 搏斗",B1,,,,
impressive,impressive,/im'presiv/,,"a. 给人深刻印象的, 威严的",B1,,,,
competitor,competitor,/kәm'petitә/,n.,n. 竞争者,B1,,,,
powder,powder,/'paudә/,vt./vi./n.,"n. 粉, 粉末, 火药；vt. 搽粉于, 搽粉, 撒粉, 使成粉末；vi. 搽粉, 变成粉末",B1,,,,
worried,worry,/'wʌrid/,,"a. 担心的, 闷闷不乐的",A2,,,,
ugly,ugly,/'ʌgli/,n.,"a. 丑陋的, 邪恶的, 险恶的, 不祥的；n. 丑陋的人(或物)",B1,,,,
portray,portray,/pɒ:'trei/,vt.,"vt. 描绘, 描写, 描绘...的肖像",C1,,,,
moderate,moderate,/'mɒdәrәt/,vt./vi.,"a. 适度的, 稳健的, 中等的, 节制的；vt. 节制, 减轻, 使缓和；vi. 变缓和, 主持会议",C1,,,,
persuade,persuade,/pә'sweid/,vt./vi.,"vt. 劝, 使相信, 恳求, 敦促, 说服；vi. 劝服, 被说服",B1,,,,
ghost,ghost,/gәust/,v./n.,"n. 鬼, 灵魂, 幻影, 一丝, 一点；v. 鬼似地游荡",B1,,,,
subsequent,subsequent,/'sʌbsikwәnt/,,"a. 后来的, 接下去的",B2,,,,
continued,continue,/kәn'tinju:d/,,"a. 继续的, 延续的",A2,,,,
cookie,cookie,/'kuki/,n.,"n. 饼干, 小甜点",A2,,,,
cooking,cook,/'kukiŋ/,n.,n. 烹饪,A1,,,,
carrier,carrier,/'kæriә/,n.,"n. 运送者, 邮递员, 带菌者",Beyond C1,,,,
frequent,frequent,/'fri:kwәnt/,vt.,"a. 时常发生的, 频繁的, 快速的；vt. 时常来访, 常常聚集, 常与...交往",B2,,,,
ban,ban,/bæn/,vt./n.,"n. 禁令；vt. 禁止, 取缔",B1,,,,
awful,awful,/'ɒ:ful/,,"a. 可怕的, 庄严的, 虔敬的",A2,,,,
admire,admire,/әd'maiә/,vt./vi.,"vt. 赞美, 钦佩, 爱慕；vi. 称赞, 惊奇",B1,,,,
pet,pet,/pet/,vt./vi./n.,"n. 宠物, 受宠爱的人, 宠坏的孩子, 不悦, 生气；a. 宠爱的, 表示亲昵的, 养着观赏的, 特别珍爱的, 格外的；vt. 宠爱, 溺爱, 抚摸；vi. 拥抱, 爱抚, 生气, 发脾气",A2,,,,
miracle,miracle,/'mirәkl/,n.,"n. 奇迹, 奇事",C1,,,,
rhythm,rhythm,/'riðәm/,n.,"n. 旋律, 节奏, 韵律, 匀称, 张弛节律",B2,,,,
exceed,exceed,/ik'si:d/,vt./vi.,"vt. 超过, 超越, 胜过；vi. 超过其他",B2,,,,
widespread,widespread,/'waidspred/,,"a. 充分伸展的, 广布的, 普及的, 流传广的",B2,,,,
killing,kill,/'kiliŋ/,n.,"n. 谋杀, 杀戮；a. 杀害的, 疲惫的, 迷人的",B1,,,,
lovely,lovely,/'lʌvli/,,"a. 可爱的, 有趣的",Beyond C1,,,,
sin,sin,/sin/,v./n.,"n. 罪, 犯罪, 过失, 失礼；v. 犯",C1,,,,
script,script,/skript/,vt./n.,"n. 手迹, 手稿, 正本, 手写体；vt. 改编为演出本",B1,,,,
charity,charity,/'tʃæriti/,n.,"n. 慈悲, 博爱, 慈善团体, 施舍",A2,,,,
tactic,tactic,/'tæktik/,n.,"n. 一项战术, 一条策略；a. 战术的, 顺序的, 排列的",C1,,,,
identification,identification,/ai.dentifi'keiʃәn/,n.,"n. 识别, 身份证明, 认同",C1,,,,
transformation,transformation,/.trænsfә'meiʃәn/,n.,"n. 变形, 变质, 变化, 改革, 变换",C1,,,,
everyday,everyday,/'evri'dei/,,"a. 每天的, 日常的, 平常的",A2,,,,
turkey,turkey,/'tә:ki/,n.,"n. 火鸡, 无用的家伙, 土耳其",Beyond C1,,,,
headline,headline,/'hedlain/,vt./n.,"n. 大标题, 新闻摘要；vt. 为...做标题, 写标题",B1,,,,
venture,venture,/'ventʃә/,vt./vi./n.,"n. 冒险, 风险；vt. 敢于, 冒...的危险；vi. 冒险",C1,,,,
invasion,invasion,/in'veiʒәn/,n.,"n. 侵犯, 侵入, 侵害",B2,,,,
adequate,adequate,/'ædikwәt/,,"a. 适当的, 足够的",B2,,,,
nonetheless,nonetheless,"/,nʌnðә'les/",adv./conj.,"conj. 然而, 尽管, 不过；adv. 不过, 仍然, 尽管如此, 然而",C1,,,,
piano,piano,/pi'ɑ:nәu/,n.,n. 钢琴,A1,,,,
intensity,intensity,/in'tensәti/,n.,"n. 强烈, 紧张, 强度",C1,,,,
grocery,grocery,/'grәusәri/,n.,"n. 食品杂货店, 食品杂货业",A2,,,,
quarterback,quarterback,/'kwɒ:tәbæk/,vi./n.,n. 四分卫；vi. 担任四分卫,Beyond C1,,,,
exhibit,exhibit,/ig'zibit/,vt./vi./n.,"n. 显示, 显现, 展览品, 陈列品, 展览；vt. 展现, 陈列, 展览；vi. 开展览会",B2,,,,
mouse,mouse,/maus/,vt./vi./n.,"n. 老鼠, 胆小羞怯的人, 鼠标；vi. 捕鼠, 窥探；vt. 探出",A1,,,,
blanket,blanket,/'blæŋkit/,vt./n.,"n. 毛毯, 毯子；vt. 掩盖, 覆盖；a. 总共的",B2,,,,
margin,margin,/'mɑ:dʒin/,vt./n.,"n. 页边的空白, 边缘, 界限, 余裕, 差数, 差额, 保证金；vt. 加边于, 加旁注于",B2,,,,
rope,rope,/rәup/,vt./vi./n.,"n. 绳, 索, 粗绳, 绞索, 决窍；vt. 捆, 缚, 绑, 圈起, 以绳将...系住；vi. 拧成绳状",B1,,,,
concrete,concrete,/'kɒnkri:t/,v./n.,"n. 凝结物, 混凝土；a. 具体的, 实在的, 混凝土的；v. (使)凝结, 用混凝土浇筑",B2,,,,
prescription,prescription,/pri'skripʃәn/,n.,"n. 处方, 命令, 指定",C1,,,,
chase,chase,/tʃeis/,vt./vi./n.,"n. 追求, 狩猎, 追逐；vt. 追捕, 追逐, 雕刻, 在...上镶嵌宝石；vi. 追赶, 奔跑",B2,,,,
recruit,recruit,/ri'kru:t/,vt./vi./n.,"n. 新兵, 新手, 新会员, 补给品；vt. 恢复, 补充, 充实, 征募；vi. 征募新兵, 复原, 得到补充",B2,,,,
brick,brick,/brik/,vt./n.,"n. 砖块, 积木；a. 用砖做的；vt. 用砖造, 用砖砌",B2,,,,
patch,patch,/pætʃ/,vt./n.,"n. 片, 补缀, 碎片, 斑, 傻瓜；vt. 补缀, 掩饰, 拼凑, 平息",B2,,,,
consensus,consensus,/kәn'sensәs/,n.,"n. 合意, 一致, 同感",C1,,,,
horror,horror,/'hɒrә/,n.,"n. 惊骇, 恐怖, 惨状",B1,,,,
recording,record,/ri'kɒ:diŋ/,n.,"a. 记录的, 记录用的；n. 录音",A2,,,,
changing,change,/'tʃeindʒiŋ/,v.,v. 交换；兑换；改变（change的ing形式）,A1,,,,
colonial,colonial,/kә'lәunjәl/,,"a. 殖民的, 殖民地的",C1,,,,
painter,painter,/'peintә/,n.,"n. 画家, 油漆匠",A2,,,,
pie,pie,/pai/,n.,"n. 馅饼, 财富, 总额, 贪污受贿, 杂乱, 喜鹊",Beyond C1,,,,
courage,courage,/'kʌridʒ/,n.,"n. 勇气, 胆量",B2,,,,
sake,sake,/seik/,n.,"n. 目的, 缘故, 理由",C1,,,,
defeat,defeat,/di'fi:t/,vt./n.,"n. 败北, 失败；vt. 击败, 使落空",B2,,,,
gaze,gaze,/geiz/,vi./n.,"n. 注视, 凝视；vi. 注视, 凝视",C1,,,,
pregnancy,pregnancy,/'preɡnәnsi/,n.,"n. 怀孕；丰富, 多产；意义深长",C1,,,,
reinforce,reinforce,/.ri:in'fɒ:s/,vt./vi./n.,"vt. 加强, 增援, 补充；vi. 求援, 得到增援；n. 加固材料",B2,,,,
swear,swear,/swєә/,vt./vi./n.,"vt. 发誓, 咒骂, 使宣誓；vi. 发誓, 诅咒；n. 诅咒, 誓言",B2,,,,
clue,clue,/klu:/,vt./n.,"n. 线索, 暗示；vt. 暗示, 提供线索",B1,,,,
slice,slice,/slais/,vt./vi./n.,"n. 薄的切片, 一部分, 菜刀；vt. 切成薄片, 切下；vi. 切",B1,,,,
occupation,occupation,/.ɒkju'peiʃәn/,n.,"n. 职业, 占有, 占有期, 占领, 占领军",B2,,,,
confusion,confusion,/kәn'fju:ʒәn/,n.,"n. 混乱, 混淆, 无秩序",B2,,,,
coal,coal,/kәul/,v./n.,"n. 煤, 木炭；v. 加煤",B1,,,,
dear,dear,/'diә/,n./adv.,"n. 亲爱的人；a. 亲爱的, 昂贵的, 严重的, 急迫的；interj. 啊；adv. 深爱地, 高价地",A1,,,,
sacred,sacred,/'seikrid/,,"a. 神圣的, 献给上帝的, 庄严的, 祭祀的",C1,,,,
formula,formula,/'fɒ:mjulә/,n.,"n. 客套语, 公式, 准则",C1,,,,
exact,exact,/ig'zækt/,vt.,"a. 精确的, 准确的, 精密的；vt. 强求, 急需",A2,,,,
collective,collective,/kә'leiktiv/,,"a. 集体的, 聚集的, 共同的",C1,,,,
cognitive,cognitive,/'kɒgnitiv/,,"a. 认知的, 认识的",C1,,,,
uncle,uncle,/ʌŋkl/,n.,"n. 叔父, 伯父, 姨丈",A1,,,,
attribute,attribute,/ә'tribju:t/,vt./n.,"n. 属性, 标志, 定语；vt. 把...归于, 认为...属于",C1,,,,
captain,captain,/'kæptin/,vt./n.,"n. 船长, 指挥官, 海军上校, 首领；vt. 率领, 指挥",B1,,,,
dare,dare,/dєә/,v./n.,"n. 挑战, 挑动, 大胆；v. 敢, 胆敢",B2,,,,
sigh,sigh,/sai/,vt./vi./n.,"n. 叹息；vi. 叹息, 渴望；vt. 叹息着说",C1,,,,
homeless,homeless,/'hәumlis/,,"a. 无家的, 无养主的",B2,,,,
soccer,soccer,/'sɒkә/,n.,n. 英式足球,A2,,,,
gallery,gallery,/'gælәri/,n.,"n. 走廊, 最高楼座, 画廊, 收集, 图库",A2,,,,
tunnel,tunnel,/'tʌnl/,vt./vi./n.,"n. 隧道, 地下道；vi. 挖隧道；vt. 掘隧道于",B2,,,,
defendant,defendant,/di'fendәnt/,n.,n. 被告,Beyond C1,,,,
fitness,fitness,/'fitnis/,n.,"n. 适合, 合宜, 合理, 恰当, 健康",B1,,,,
grave,grave,/greiv/,vt./n.,"n. 墓穴, 坟墓, 终结, 死亡；a. 庄重的, 严肃的, 重大的, 低沉的；vt. 雕刻",C1,,,,
lap,lap,/læp/,vt./vi./n.,"n. 膝盖, 舔, 一圈, 下摆, 衣兜, 山坳；vi. 重叠, 围住, 轻拍, 舔；vt. 包围, 抱...在膝上, 使重叠, 舔, 拍打, 泼溅",C1,,,,
toe,toe,/tәu/,vt./vi./n.,"n. 足趾, 趾部, 脚趾；vt. 以趾踏触, 用脚尖走；vi. 动脚尖",B1,,,,
container,container,/kәn'teinә/,n.,"n. 容器, 集装箱",B1,,,,
virtue,virtue,/'vә:tju:/,n.,"n. 德行, 美德, 优点, 功效, 效力",C1,,,,
abroad,abroad,/ә'brɒ:d/,adv.,"adv. 往国外, 到室外, 到处；a. 往国外的, 在室外的, 广泛四散的",B2,,,,
dramatically,dramatically,/drә'mætikli/,adv.,"adv. 戏剧地, 引人注目地, 突然地",B2,,,,
architect,architect,/'ɑ:kitekt/,n.,"n. 建筑师, 设计者, 缔造者",A2,,,,
makeup,makeup,/'meikʌp/,n.,"n. 组成, 性格, 化妆品, 化装(术), 虚构, 补考",B2,,,,
inquiry,inquiry,/in'kwaiәri/,n.,"n. 质询, 探索, 调查, 询盘",B2,,,,
surprisingly,surprisingly,,adv.,"adv. 使人惊奇, 出人意外, 惊人, 令人惊讶",Beyond C1,,,,
highlight,highlight,/'hailait/,vt./n.,"n. 加亮区, 精彩场面；vt. 加亮, 使显著, 以强光照射, 突出",B1,,,,
decrease,decrease,/'di:kri:s/,v./n.,"n. 减少, 减少量；v. 减少",B2,,,,
indication,indication,/.indi'keiʃәn/,n.,"n. 指示, 象征, 暗示",B2,,,,
rail,rail,/reil/,vt./vi./n.,"n. 横杆, 围栏, 栏杆, 铁轨, 扶手, 秧鸡；vt. 以横木围栏, 给...铺铁轨；vi. 责骂, 抱怨",B2,,,,
anniversary,anniversary,/æni'vә:sәri/,n.,n. 周年纪念,B2,,,,
couch,couch,/kautʃ/,vt./vi./n.,"n. 长沙发, 睡椅, 卧榻；vt. 横躺, 表达；vi. 躺下, 蹲伏",Beyond C1,,,,
alliance,alliance,/ә'laiәns/,n.,"n. 联盟, 联合",C1,,,,
hypothesis,hypothesis,/hai'pɒθәsis/,n.,n. 假设,B2,,,,
boyfriend,boyfriend,/'bɔifrend/,n.,n. 男朋友,A1,,,,
compose,compose,/kәm'pәuz/,vt./vi.,"vt. 组成, 写作, 作曲, 使平静；vi. 创作, 排字",B2,,,,
mess,mess,/mes/,vt./vi./n.,"n. 食堂, 伙食, 用膳, 一份食品, 混乱, 乱七八糟, 困境；vt. 将...弄糟, 妨碍, 使紊乱, 使就餐；vi. 陷入困境, 搞乱, 用膳",B1,,,,
legend,legend,/'ledʒәnd/,n.,"n. 传说, 传奇文学, 图例",B2,,,,
regulate,regulate,/'regjuleit/,vt.,"vt. 管理, 控制, 调节, 调整, 校准",B2,,,,
shine,shine,/ʃain/,vt./vi./n.,"n. 光泽, 阳光；vt. 使发光；vi. 照耀, 发光, 发亮",B1,,,,
adolescent,adolescent,/.ædәu'lesәnt/,n.,"a. 青春期的, 青少年的；n. 青少年",C1,,,,
norm,norm,/nɒ:m/,n.,"n. 基准, 模范, 标准, 准则, 平均数",B2,,,,
upset,upset,/ʌp'set/,vt./vi.,"a. 弄翻的, 混乱的, 心烦的；vt. 弄翻, 颠覆, 推翻, 打乱, 使不适, 使心烦；vi. 翻倒",B1,,,,
remark,remark,/ri'mɑ:k/,vt./vi./n.,"n. 评论, 注意；vt. 评论, 注意；vi. 评论, 谈论",B2,,,,
resign,resign,/ri'zain/,vt./vi.,"vt. 辞职, 放弃, 使顺从；vi. 辞职, 屈从",B2,,,,
related,relate,/ri'leitid/,,"a. 讲述的, 叙述的；有关系的, 有关联的",B1,,,,
reward,reward,/ri'wɒ:d/,vt./n.,"n. 报酬, 酬谢, 赏金；vt. 奖赏, 酬谢, 给...应有报应",B2,,,,
gentle,gentle,/'dʒentl/,,"a. 温和的, 文雅的",B1,,,,
organ,organ,/'ɒ:gәn/,n.,"n. 风琴, 器官, 元件, 机构, 机关",B2,,,,
concerning,concern,/kәn'sә:niŋ/,prep.,prep. 关于,B2,,,,
lightly,lightly,/'laitli/,adv.,"adv. 轻轻地, 少许, 不费力地",Beyond C1,,,,
laughter,laughter,/'lɑ:ftә/,n.,"n. 笑, 笑声",A2,,,,
invent,invent,/in'vent/,vt.,"vt. 发明, 创作, 虚构",A2,,,,
counseling,counseling,/'kaunsәliŋ/,n.,n. 咨询服务,C1,,,,
receiver,receiver,/ri'si:vә/,n.,"n. 接收器；接受者；收信机；收款员, 接待者",B2,,,,
northwest,northwest,/.nɒ:θ'west/,n./adv.,"n. 西北, 西北方；a. 西北的, 在西北的, 来自西北的；adv. 向西北",Beyond C1,,,,
ritual,ritual,/'ritʃuәl/,n.,"n. 仪式, 典礼, 宗教仪式；a. 仪式的, 依仪式进行的",C1,,,,
insect,insect,/'insekt/,n.,"n. 昆虫, 卑鄙的人",A2,,,,
salmon,salmon,/'sæmәn/,n.,"n. 鲑鱼, 大麻哈鱼",Beyond C1,,,,
interrupt,interrupt,/.intә'rʌpt/,vt./vi./n.,"vt. 中断, 妨碍, 插嘴；vi. 打断；n. 中断",B2,,,,
trading,trade,/'treidiŋ/,,[经] 交易,B2,,,,
superior,superior,/sju:'piәriә/,n.,"n. 长者, 占优势的人, 上级；a. 上级的, 出众的, 高傲的",C1,,,,
magic,magic,/'mædʒik/,n.,"n. 魔术, 魔法；a. 魔术的, 有魔力的, 不可思议的",B1,,,,
combat,combat,/'kɒmbæt/,vt./vi./n.,"n. 争斗, 战斗；vi. 战斗, 争斗；vt. 与...战斗, 与...斗争",C1,,,,
surgeon,surgeon,/'sә:dʒәn/,n.,"n. 外科医生, 军医, 船医",B2,,,,
stem,stem,/stem/,vt./vi./n.,"n. 茎, 干, 柄, 船首, 血统, 堵塞物；vt. 摘掉茎, 装柄于, 阻止, 堵住, 逆行；vi. 堵住, 逆行",C1,,,,
acceptable,acceptable,/әk'septәbl/,,"a. 可接受的, 合意的, 可忍受的",B2,,,,
rape,rape,/reip/,vt./n.,"n. 抢夺, 掠夺, 强奸, 葡萄渣, 芸苔；vt. 掠夺, 抢夺, 强奸",C1,,,,
physics,physics,/'fiziks/,n.,"n. 物理学, 物理过程, 物理现象",A2,,,,
counsel,counsel,/'kaunsәl/,v./n.,"n. 商议, 忠告, 法律顾问；v. 商议, 劝告",Beyond C1,,,,
hunt,hunt,/hʌnt/,vt./vi./n.,"n. 狩猎, 追捕, 搜寻, 猎区；vt. 狩猎, 打猎, 搜索；vi. 打猎, 猎食, 搜寻",B1,,,,
jeans,jeans,/dʒi:nz/,n.,"n. 工装裤, 牛仔裤",A1,,,,
continuous,continuous,/kәn'tinjuәs/,,"a. 连续的, 继续的, 连续不断的",B1,,,,
log,log,/lɒg/,vt./vi./n.,"n. 记录, 圆木, 日志, 计程仪；vt. 伐木, 切, 航行；vi. 伐木",C1,,,,
echo,echo,/'ekәu/,vt./vi./n.,"n. 回声, 回音, 回波；vi. 发回声, 随声附和；vt. 摹仿, 重复, 反射",C1,,,,
pill,pill,/pil/,v./n.,"n. 药丸, 弹丸, 屈辱, 胡说；v. 做成药丸, 形成丸状, 服药丸, 挫败, 抢劫",B2,,,,
excited,excited,/ik'saitid/,,"a. 兴奋的, 已励磁的, 已激发的, 激昂的, 激动的",A1,,,,
sculpture,sculpture,/'skʌlptʃә/,vt./vi./n.,"n. 雕刻, 雕塑；vt. 雕刻, 雕塑；vi. 当雕刻师",B1,,,,
compound,compound,/kәm'paund/,vt./vi./n.,"n. 混合物, 复合词, 化合物, 院子；a. 复合的, 混合的, 化合的；vi. 化合, 和解, 妥协；vt. 使复合, 使化合",B2,,,,
flour,flour,/'flauә/,n.,"n. 面粉, 粉沫, 碎粉",B1,,,,
bare,bare,/bєә/,vt.,"a. 赤裸的, 缺少的, 无遮蔽的, 坦率的；vt. 使赤裸, 露出",C1,,,,
integrate,integrate,/'intigreit/,vt./vi.,"vt. 综合, 使完整, 使成整体；vi. 成一体；a. 完整的, 完全的",B2,,,,
presidency,presidency,/'prezidәnsi/,n.,"n. 总统职权, 总裁职位",C1,,,,
rent,rent,/rent/,vt./vi./n.,"n. 租金, 房租, 出租物, 裂缝, 破裂处, 分裂；vt. 租用, 租出；vi. 出租；a. 分裂的, 破裂的；rend的过去式和过去分词",B1,,,,
slope,slope,/slәup/,vt./vi./n.,"n. 倾斜, 斜坡, 斜率, 扛枪姿势；vt. 使倾斜, 弄斜, 扛；vi. 倾斜, 走, 逃走",B2,,,,
subtle,subtle,/'sʌtl/,,"a. 敏锐的, 精细的, 狡猾的, 稀薄的, 灵巧的, 微妙的",C1,,,,
greatly,greatly,/'greitli/,adv.,"adv. 很, 非常",B2,,,,
bishop,bishop,/'biʃәp/,n.,"n. 主教, (国际象棋中的)象, 热果子酒",C1,,,,
serving,serve,/'sә:viŋ/,n.,"n. 服务, 招待, 上菜, 一份食物",A2,,,,
drinking,drink,/'driŋkiŋ/,n.,"n. 喝, 喝酒",A1,,,,
acceptance,acceptance,/әk'septәns/,n.,"n. 接受, 接纳, 承认, 同意, 赞同, 容忍, 相信",C1,,,,
pump,pump,/pʌmp/,vt./vi./n.,"n. 抽水机, 打气筒, 泵, 抽吸；vt. 用唧筒抽水, 打气, 盘问, 倾注, 使疲惫；vi. 抽水, 上下(或往复)运动",C1,,,,
candy,candy,/'kændi/,vt./vi./n.,"n. 糖果, 冰糖；vt. 用糖煮, 使结晶为砂糖；vi. 结晶为砂糖",A2,,,,
evil,evil,/'i:vl/,n.,"n. 邪恶, 不幸, 罪恶；a. 邪恶的, 不幸的, 有害的, 讨厌的",B2,,,,
pleased,please,/pli:zd/,,"a. 高兴的, 喜欢的, 满足的",A2,,,,
medal,medal,/'medl/,vt./n.,"n. 奖牌, 勋章；vt. 授勋予",B2,,,,
beg,beg,/beg/,v.,"v. 乞求, 乞讨, 请求",B2,,,,
sponsor,sponsor,/'spɒnsә/,vt./n.,"n. 保证人, 赞助者, 发起者, 倡议者, 教父；vt. 发起, 赞助, 倡议",B2,,,,
ethical,ethical,/'eθikәl/,,"a. 伦理的, 民族的, 民族特有的",B2,,,,
secondary,secondary,/'sekәndәri/,,"a. 中级的, 中等的, 次要的, 第二的, 从属的, 辅助的",B1,,,,
export,export,/ik'spɒ:t/,vt./vi./n.,"n. 输出品, 输出；vt. 输出, 出口；vi. 输出物资",B1,,,,
experimental,experimental,/ik.speri'mentәl/,,"a. 实验的, 根据实验的",C1,,,,
slam,slam,/slæm/,vt./vi./n.,"n. 砰然声, 猛然, 猛烈的抨击；vt. 猛然关上, 砰地关上, 猛烈抨击；vi. 砰地关上, 猛攻",C1,,,,
civilization,civilization,/si.vilai'zeiʃәn/,n.,"n. 文明, 教化",B2,,,,
melt,melt,/melt/,v./n.,"n. 熔化, 熔化物, 溶解；v. (使)熔化, (使)溶解, (使)消散, (使)变软",B2,,,,
midnight,midnight,/'midnait/,n.,"n. 午夜, 子夜, 半夜；a. 午夜的, 半夜的",A1,,,,
curve,curve,/kә:v/,vt./vi./n.,"n. 曲线, 弯曲, 曲线球；vt. 弯, 使弯曲；vi. 成曲形",B2,,,,
integrity,integrity,/in'tegriti/,n.,"n. 正直, 廉正, 完整",C1,,,,
entitle,entitle,/in'taitl/,vt.,"vt. 给...权利, 取名为, 给予名称, 叫做",C1,,,,
evident,evident,/'evidәnt/,,"a. 显然的, 明显的",B2,,,,
park,park,/pɑ:k/,vt./vi./n.,"n. 公园, 停车处；vt. 停车, 置于；vi. 停车",A1,,,,
essence,essence,/'esns/,n.,"n. 实质, 本质, 香精",C1,,,,
logic,logic,/'lɒdʒik/,n.,"n. 逻辑, 逻辑学, 推理的方法, 推理, 逻辑性",C1,,,,
exclude,exclude,/iks'klu:d/,vt.,"vt. 除外, 排除, 排斥",B2,,,,
harsh,harsh,/hɑ:ʃ/,,"a. 粗糙的, 刺耳的, 严厉的",C1,,,,
suburban,suburban,/sә'bә:bәn/,n.,"a. 郊外的, 郊区的, (贬)偏狭的, 土气的, 见识不广的；n. 郊区居民",C1,,,,
closet,closet,/'klɒzit/,vt./n.,"n. 壁橱, 小室；a. 秘密的, 空谈的；vt. 把...关入小室",A2,,,,
corridor,corridor,/'kɒridɒ:/,n.,"n. 走廊, 回廊, 人口密集地带",B2,,,,
greet,greet,/gri:t/,vt.,"vt. 问候, 致敬, 欢迎, 映入眼帘",A2,,,,
interior,interior,/in'tiәriә/,n.,"n. 内部, 内政；a. 内部的, 心灵的, 内地的, 内政的",C1,,,,
pitcher,pitcher,/'pitʃә/,n.,"n. 有把的大罐, 瓶状体, 投手, 摊贩",B2,,,,
retail,retail,/'ri:teil/,vt./vi./n.,"n. 零售；a. 零售的；vt. 零售, 详述, 传播；vi. 零售",B2,,,,
snake,snake,/sneik/,vt./vi./n.,"n. 蛇, 阴险的人；vi. 曲折行进；vt. 迂回, 拉, 急抽",A1,,,,
march,march,/mɑ:tʃ/,vt./vi./n.,"n. 三月, 进行, 行军, 步伐, 长途跋涉, 进行曲, 边界；vi. 进军, 前进, 交界；vt. 使行军, 使行进",A1,,,,
excuse,excuse,/ik'skju:z/,vt./n.,"vt. 原谅, 申辩, 做为...的托辞；n. 致歉, 理由, 饶恕, 借口",B2,,,,
weakness,weakness,/'wi:knis/,n.,"n. 虚弱, 薄弱, 弱点",B2,,,,
pig,pig,/pig/,v./n.,"n. 猪, 猪肉, 贪婪的人, 猪一样的人；v. 生小猪, 象猪般地生活",A1,,,,
classical,classical,/'klæsikl/,,"a. 古典的, 正统派的, 经典的",A2,,,,
estimated,estimate,,,a. 估算的；估计的；预计的,B2,,,,
unemployment,unemployment,/.ʌnim'plɒimәnt/,n.,"n. 失业, 失业人数",B1,,,,
fold,fold,/fәuld/,vt./vi./n.,"n. 折层, 折, 羊栏, 折痕, 信徒；vt. 折叠, 包, 合拢, 交迭；vi. 折叠起来, 彻底失败",B1,,,,
reverse,reverse,/ri'vә:s/,vt./vi./n.,"n. 相反, 背面, 倒退, 挫折, 失败；a. 反面的, 相反的, 反向的, 颠倒的；vt. 使颠倒, 使逆转, 使倒退, 使反向；vi. 倒退, 反向, 倒转, 反转",C1,,,,
rumor,rumor,/'ru:mә/,vt./n.,"n. 谣言, 传闻；vt. 谣传",C1,,,,
missing,miss,/'misiŋ/,,"a. 不见的, 缺少的",A2,,,,
flash,flash,/flæʃ/,vt./vi./n.,"n. 闪光, 闪现, 一瞬间；vi. 闪光, 闪现, 反射；vt. 使闪光, 反射",B2,,,,
humanity,humanity,/hju:'mæniti/,n.,"n. 人性, 人类, 博爱",C1,,,,
correlation,correlation,/.kɒrә'leiʃәn/,n.,"n. 相互关系, 相关, 关联",C1,,,,
developer,developer,/di'velәpә/,n.,n. 开发者,A2,,,,
reliable,reliable,/ri'laiәbl/,,"a. 可靠的, 可信赖的",B1,,,,
beef,beef,/bi:f/,vt./vi./n.,"n. 牛肉, 肌肉；vt. 养(牛), 宰(牛)；vi. 抱怨, 告发",A2,,,,
excitement,excitement,/ik'saitmәnt/,n.,"n. 刺激, 兴奋",B1,,,,
roman,roman,/'rәumәn/,n.,"n. 罗马人；a. 罗马人的, 罗马的",Beyond C1,,,,
architecture,architecture,/'ɑ:kitektʃә/,n.,"n. 建筑学, 建筑式样",A2,,,,
administrative,administrative,/әd'ministrәtiv/,,"a. 管理的, 行政的",C1,,,,
occasional,occasional,/ә'keiʒәnl/,,"a. 偶然的, 临时的",C1,,,,
elbow,elbow,/'elbәu/,v./n.,"n. 手肘, 弯头, 扶手；v. 用手肘推开, 推挤",B2,,,,
deadly,deadly,/'dedli/,adv.,"a. 致命的, 致死的；adv. 非常, 如死一般地",B2,,,,
hispanic,hispanic,/his'pænik/,,a. 西班牙的,Beyond C1,,,,
allegation,allegation,/.æli'geiʃәn/,n.,"n. 断言, 主张, 申辩",C1,,,,
confuse,confuse,/kәn'fju:z/,vt.,"vt. 使混乱, 使狼狈, 使困惑",B1,,,,
airplane,airplane,/'єәplein/,n.,n. 飞机,Beyond C1,,,,
monthly,monthly,/'mʌnθli/,n.,"n. 月刊；a. 每月的, 每月一次的",B2,,,,
duck,duck,/dʌk/,vt./vi./n.,"n. 鸭子；vi. 没入水中, 闪避；vt. 猛按...入水, 躲避",Beyond C1,,,,
korean,korean,/kә'riәn/,n.,"n. 朝鲜人, 朝鲜语；a. 朝鲜人的, 朝鲜语的",Beyond C1,,,,
dose,dose,/dәus/,vt./vi./n.,"n. 剂量, 服用量；vt. 给药, (用药)医治；vi. 服药",C1,,,,
initiate,initiate,/i'niʃieit/,vt./n.,"n. 入会, 开始；a. 新加入的；vt. 开始, 传授基本知识给",C1,,,,
plead,plead,/pli:d/,vt./vi.,"vi. 辩护, 恳求；vt. 为...辩护, 提出...借口, 托称, 恳求",C1,,,,
lecture,lecture,/'lektʃә/,vt./vi./n.,"n. 演讲, 谴责, 讲稿；vt. 演讲, 训诫, 说教；vi. 讲演",A2,,,,
sixth,sixth,/siksθ/,num.,"num. 第六, 六分之一",Beyond C1,,,,
mainstream,mainstream,/'meinstri:m/,n.,n. 主流,C1,,,,
sandwich,sandwich,/'sændwitʃ/,vt./n.,"n. 三明治, 夹心面包, 夹层板；vt. 插入, 夹入, 把...制成三明治",A1,,,,
implementation,implementation,/.implimen'teiʃәn/,n.,"n. 安装启用, 实行, 履行",C1,,,,
suburb,suburb,/'sʌbә:b/,n.,"n. 市郊住宅区, 郊区, 边缘",B2,,,,
trunk,trunk,/trʌŋk/,vt./n.,"n. 树干, 干线, 躯干, 主干, 象鼻, 箱子；vt. 把...放入旅行箱内；a. 树干的, 躯干的, 干线的, 箱形的",Beyond C1,,,,
motivate,motivate,/'mәutiveit/,vt.,"vt. 给与动机, 刺激, 提高...的学习欲望, 促动",B2,,,,
swallow,swallow,/'swɒlәu/,vt./vi./n.,"n. 燕子, 吞咽, 喉；vt. 咽, 淹没, 吞没, 耗尽, 轻信, 忍受, 抑制；vi. 吞下, 咽下",B2,,,,
longtime,longtime,/'lɔŋtaim;'lɔ:ŋ-/,adv.,"a. (已持续)长时间的,为时甚久的；adv. 长久",C1,,,,
render,render,/'rendә/,vt./vi./n.,"vt. 回报, 给于, 付给, 汇报, 提出, 舍弃, 反映, 表示, 表演, 致使, 执行, 实施；vi. 给予补偿；n. 交纳, 打底",C1,,,,
trap,trap,/træp/,vt./vi./n.,"n. 圈套, 陷阱, 诡计, 存水弯；vi. 设圈套, 设陷阱；vt. 诱捕, 诱骗, 抓住, 使受限制",B2,,,,
restrict,restrict,/ri'strikt/,vt.,"vt. 限制, 限定, 约束",B2,,,,
cloth,cloth,/klɒ:θ. klɒθ/,n.,"n. 布料, 织品, 布",B1,,,,
seemingly,seemingly,/'si:miŋli/,adv.,"adv. 看来似乎, 表面上看来",C1,,,,
legislative,legislative,/'ledʒislәtiv/,n.,"n. 立法机构；a. 立法的, 有立法权的",C1,,,,
effectiveness,effectiveness,/i'fektivnis/,n.,n. 效力,C1,,,,
lens,lens,/lenz/,vt./n.,"n. 透镜, 镜头, 镜片, 晶状体；vt. 给...摄影",B2,,,,
enforce,enforce,/in'fɒ:s/,vt.,"vt. 强迫, 执行, 坚持",C1,,,,
companion,companion,/kәm'pænjәn/,vt./n.,"n. 朋友, 陪伴, 指南, 升降口围罩；vt. 陪伴",C1,,,,
lend,lend,/lend/,vt./vi.,"vt. 借, 贷款给, 增添, 提供, 出租；vi. 贷款",A2,,,,
plain,plain,/plein/,n./adv.,"n. 平原, 草原, 朴实无华的东西, 无格式；a. 简单的, 明白的, 平常的, 不好看的, 朴素的, 清晰的, 普通的, 平坦的, 十足的；adv. 清楚地, 显然地",B2,,,,
inspector,inspector,/in'spektә/,n.,"n. 检查员, 巡视员",B2,,,,
fraud,fraud,/frɒ:d/,n.,"n. 欺骗, 欺诈, 诡计, 骗子",B2,,,,
contend,contend,/kәn'tend/,vt./vi.,"vi. 奋斗, 斗争, 竞争；vt. 为...斗争",C1,,,,
strict,strict,/strikt/,,"a. 严厉的, 绝对的, 详尽的, 严格的, 精确的",B2,,,,
array,array,/ә'rei/,vt./n.,"n. 排列, 衣服, 大批, 军队；vt. 布署, 打扮, 排列",C1,,,,
frankly,frankly,/'fræŋkli/,adv.,adv. 坦白地,C1,,,,
nail,nail,/neil/,vt./n.,"n. 钉子, 指甲；vt. 用钉钉牢, 使固定, 截住, 揭露",B1,,,,
assemble,assemble,/ә'sembl/,vt./vi.,"vt. 集合, 收集, 装配；vi. 集合",C1,,,,
rat,rat,/ræt/,vt./vi./n.,"n. 鼠, 卑鄙的人, 破坏者, 变节者；vi. 捕鼠, 变节；vt. 弄蓬松",B2,,,,
hallway,hallway,/'hɔ:lwei/,n.,n. 门厅；玄关；走廊,Beyond C1,,,,
burst,burst,/bә:st/,v./n.,"n. 破裂, 突发, 爆发；v. 爆裂, 突发, 充满",C1,,,,
inevitable,inevitable,/in'evitәbl/,,"a. 不可避免的, 必然的",B2,,,,
cave,cave,/keiv/,vt./vi./n.,"n. 洞, 穴；vi. 凹陷, 塌落；vt. 挖洞, 使凹陷, 损坏...的基础",B2,,,,
southwest,southwest,/sauθ'west/,n./adv.,"n. 西南, 西南方, 西南地区；a. 西南的, 来自西南方的；adv. 往西南, 来自西南",Beyond C1,,,,
monster,monster,/'mɒnstә/,n.,"n. 怪物, 恶人, 巨物",B2,,,,
unexpected,unexpect,/.ʌnik'spektid/,,"a. 料想不到的, 突然的, 意外的",B2,,,,
facilitate,facilitate,/fә'siliteit/,vt.,"vt. 使容易, 促进, 帮助",C1,,,,
obstacle,obstacle,/'ɒbstәkl/,n.,"n. 障碍, 妨害物, 阻碍",B2,,,,
overwhelming,overwhelm,/.әuvә'hwelmiŋ/,,"a. 压倒性的, 无法抵抗的",C1,,,,
rip,rip,/rip/,vt./vi./n.,"n. 裂痕, 破绽, 拉裂, 浪子, 巨浪；vi. 被拉开, 裂开, 猛冲；vt. 撕, 扯, 劈",C1,,,,
herb,herb,/hә:b/,n.,"n. 药草, 香草",B2,,,,
crystal,crystal,/'kristl/,n.,"n. 水晶, 水晶装饰品, 结晶；a. 水晶的, 水晶一样的, 透明的",C1,,,,
integration,integration,/.inti'greiʃәn/,n.,"n. 综合, 与环境协调的行为, 集成",C1,,,,
recession,recession,/ri'seʃәn/,n.,"n. 后退, 凹处, 衰退, 归还",B2,,,,
motive,motive,/'mәutiv/,n.,"n. 动机, 目的, 主题, 基调；a. 运动的, 成为动机的",C1,,,,
bitter,bitter,/'bitә/,v./adv.,"a. 苦的, 痛苦的, 怀恨的；adv. 刺骨；v. (使)变苦",B2,,,,
written,write,/'ritn/,,"a. 书面的, 写成文字的；write的过去分词",B1,,,,
flood,flood,/flʌd/,vt./vi./n.,"n. 洪水, 大量之水, 涨潮；vt. 淹没, 使泛滥, 注满；vi. 被淹, 溢出, 涌进",B1,,,,
pen,pen,/pen/,vt./vi./n.,"n. 钢笔, 笔, 笔调, 笔杆子, 作家, 围栏, 栅栏, 禽畜；vt. 写, 关入栏中, 囚禁；vi. 动笔, 写作",A1,,,,
ownership,ownership,/'әunәʃip/,n.,"n. 所有权, 物主身份",B2,,,,
nightmare,nightmare,/'naitmєә/,n.,"n. 梦魇, 恶梦, 可怕的事物(或情景、人物)",B2,,,,
inspection,inspection,/in'spekʃәn/,n.,"n. 检验, 检查, 视察",C1,,,,
supervisor,supervisor,/.sju:pә'vaizә/,n.,"n. 管理者, 监督者, 指导者, 视导员",C1,,,,
arena,arena,/ә'ri:nә/,n.,"n. 角斗场, 舞台, 场地",C1,,,,
consult,consult,/kәn'sʌlt/,vt./vi.,"vi. 商讨, 商量, 协商, 会诊；vt. 向...请教, 查阅, 考虑",B2,,,,
possession,possession,/pә'zeʃәn/,n.,"n. 拥有, 占有, 所有, 财产, 领土, 领地, 自制, 着迷",A2,,,,
diagnosis,diagnosis,/.daiәg'nәusis/,n.,n. 诊断,C1,,,,
forgive,forgive,/fә'giv/,vt.,"vt. 原谅, 宽恕, 免除",B2,,,,
consistently,consistently,,adv.,"adv. 坚固, 坚实, 一致, 始终如一, 连贯",B2,,,,
basement,basement,/'beismәnt/,n.,"n. 地下室, 墙脚",B2,,,,
drift,drift,/drift/,v./n.,"n. 漂流物, 漂流, 动向；v. (使)漂流",C1,,,,
drain,drain,/drein/,vt./vi./n.,"n. 排水沟, 消耗, 排水；vt. 排出, 喝光, 耗尽；vi. 排水, 流干",C1,,,,
maximum,maximum,/'mæksimәn/,n.,"n. 极点, 最大量, 极大；a. 最高的, 最大的, 最大极限的",B2,,,,
announcement,announcement,/ә'naunsmәnt/,n.,"n. 公告, 发表, 告知",B1,,,,
prosecution,prosecution,/.prɒsi'kju:ʃәn/,n.,"n. 执行, 经营, 起诉",C1,,,,
questionnaire,questionnaire,/kwestʃә'nєә/,n.,"n. 调查表, 问卷",B2,,,,
warrior,warrior,/'wɒ:riә/,n.,"n. 战士, 勇士, 武士, 鼓吹战争的人, 战斗, 尚武",C1,,,,
prediction,prediction,/pri'dikʃәn/,n.,"n. 预言, 预报",B1,,,,
hurry,hurry,/'hʌri/,vt./vi./n.,"n. 匆忙, 急忙, 急促；vt. 急派, 催促；vi. 匆忙, 赶快",B1,,,,
mud,mud,/mʌd/,vt./n.,"n. 泥, 诽谤；vt. 弄脏",B1,,,,
bacteria,bacterium,/bæk'tiәriә/,,pl. 细菌,B2,,,,
privilege,privilege,/'privilidʒ/,vt./n.,"n. 特权, 特别恩典, 基本权利, 特免；vt. 给与...特权, 特免",C1,,,,
infrastructure,infrastructure,/'infrәstrʌktʃә/,n.,"n. 基础结构, 基础设施",B2,,,,
outdoor,outdoor,/'autdɒ:/,,"a. 户外的, 屋外的, 露天的",B1,,,,
temple,temple,/templ/,n.,"n. 圣堂, 庙宇, 教堂, 礼拜堂, 太阳穴, 鬓角",B2,,,,
broadcast,broadcast,/'brɒ:dkæst/,v./n./adv.,"n. 广播, 传播；a. 广播的；v. 广播；adv. 经广播, 四散地",B2,,,,
suck,suck,/sʌk/,vt./vi./n.,"vt. 吸, 吮, 吸入, 吮吸, 吸收；vi. 吸, 吸奶；n. 吸, 吸入, 吮吸",C1,,,,
random,random,/'rændәm/,n./adv.,"n. 随意, 随机；a. 任意的, 随便的, 胡乱的, 随机的；adv. 胡乱地",B2,,,,
leap,leap,/li:p/,vt./vi./n.,"n. 跳跃, 剧增, 急变, 被越过之物；vi. 跳跃, 突然经过；vt. 跃过, 使跃过",C1,,,,
curtain,curtain,/'kә:tәn/,vt./n.,"n. 帐, 幕, 窗帘；vt. 装帘子于, 遮蔽",B1,,,,
wrist,wrist,/rist/,n.,"n. 手腕, 腕关节",B2,,,,
re,re,/ri:/,n./prep.,"prep. 关于；n. 不动产, 房地产",Beyond C1,,,,
pond,pond,/pɒnd/,v./n.,n. 池塘；v. 筑成池塘,C1,,,,
domain,domain,/dәu'mein/,n.,"n. 领域, 领土, 产业, 范围",C1,,,,
guilt,guilt,/gilt/,n.,"n. 罪行, 内疚",C1,,,,
cattle,cattle,/kætl/,n.,"n. 牛, 家畜",C1,,,,
playoff,playoff,/'pleiɔ:f/,n.,n. 双方得分相等时的最后决赛；复赛；季后赛,Beyond C1,,,,
weird,weird,/wiәd/,n.,"a. 怪异的, 超自然的, 不可思议的；n. 命运, 预言, 符咒",B2,,,,
minimum,minimum,/'minimәm/,n.,"a. 最小的, 最低的；n. 最小值",B2,,,,
walking,walk,/'wɒ:kiŋ/,n.,"n. 步行, 步态；a. 步行的, 步行用的",A1,,,,
fiscal,fiscal,/'fiskәl/,,"a. 财政的, 国库的",C1,,,,
dump,dump,/dʌmp/,vt./vi./n.,"n. 垃圾场；vt. 倾倒, 倾销；vi. 倒垃圾, 倾销商品",B2,,,,
skirt,skirt,/skә:t/,vt./vi./n.,"n. 裙子, 下摆, 边缘, 郊区；vt. 位于...边缘, 绕过, 回避；vi. 位于边缘",A1,,,,
database,database,/'deitәbeis/,n.,n. 数据库,B2,,,,
hence,hence,/hens/,adv.,"adv. 因此, 从此",B2,,,,
uncomfortable,uncomfortable,/.ʌn'kʌmfәtәbl/,,"a. 不舒服的, 不自在的, 不安的",B1,,,,
execute,execute,/'eksikju:t/,vt.,"vt. 执行, 实行, 完成, 处死, 制成",C1,,,,
limb,limb,/lim/,vt./n.,"n. 四肢, 枝干, 翼, 边缘；vt. 切断...之手足",C1,,,,
ideology,ideology,/.aidi'ɒlәdʒi/,n.,"n. 思想体系, 意识形态, 观念学, 空论",C1,,,,
tune,tune,/tju:n/,vt./vi./n.,"n. 歌曲, 主旋律, 心情, 声调, 和谐, 一致, 语调, 程度；vt. 为...调音, 调整, 调谐, 使一致；vi. 协调, 调谐",B2,,,,
continuing,continue,/kәn'tinjuiŋ/,,"a. 继续的, 持续的, 连续的",A2,,,,
railroad,railroad,/'reilrәud/,vt./vi./n.,"n. 铁路, 铁路公司；vt. 铺设铁路, 用铁路运输；vi. 在铁路工作",A2,,,,
endure,endure,/in'djuә/,vt./vi.,"vt. 忍受, 忍耐, 容忍, 耐；vi. (正式)持久, 持续",C1,,,,
harm,harm,/hɑ:m/,vt./n.,"n. 伤害, 害处；vt. 伤害, 损害",B2,,,,
radiation,radiation,/.reidi'eiʃәn/,n.,n. 辐射,B2,,,,
horn,horn,/hɒ:n/,vt./n.,"n. 角, 角质, 喇叭, 号角；a. 角制的；vt. 用角触, 长角于",C1,,,,
chronic,chronic,/'krɒnik/,n.,"a. 慢性的, 习惯性的；n. 慢性病患者",C1,,,,
peaceful,peaceful,/'pi:sful/,,"a. 平静的, 和平的, 和平时期的, 爱好和平的, 喜爱安静的",B1,,,,
replacement,replacement,/ri'pleismәnt/,n.,"n. 归还, 更换, 代替者",C1,,,,
innovation,innovation,/.inәu'veiʃәn/,n.,"n. 改革, 创新",B2,,,,
guitar,guitar,/gi'tɑ:/,n.,n. 吉他,A1,,,,
strain,strain,/strein/,vt./vi./n.,"n. 紧张, 拉紧, 张力, 过劳, 扭伤, 血缘, 种, 族, 气质, 曲调, 旋律, 口吻；vt. 使劳累, 拉紧, 过分使用, 扭伤, 滥用, 曲解, 滤；vi. 尽力, 努力, 紧拉, 弯曲, 被滤出",C1,,,,
behave,behave,/bi'heiv/,vt./vi.,"vi. 举止端正, 行为规矩；vt. 检点(自己的)行为, 使表现好",A2,,,,
administer,administer,/әd'ministә/,vt./vi.,"vt. 管理, 料理, 执行；vi. 执行遗产管理人的职责, 给予帮助",C1,,,,
simultaneously,simultaneously,/simәl'teiniәsly; (?@) saim-/,adv.,"adv. 同时发生, 一齐, 同时, 同时存在",C1,,,,
dancer,dancer,/'dɑ:nsә/,n.,"n. 舞蹈演员, 跳舞者",A1,,,,
pad,pad,/pæd/,vt./vi./n.,"n. 填补, 衬垫, 印色盒, 路；vt. 填补, 走, 夸大；vi. 步行",C1,,,,
transmission,transmission,/træns'miʃәn/,n.,"n. 传输, 传送, 变速器",C1,,,,
trigger,trigger,/'trigә/,vt./vi./n.,"n. 触发器, 扳机；vt. 触发, 发射, 引起；vi. 松开扳柄",B2,,,,
amendment,amendment,/ә'mendmәnt/,n.,"n. 修订, 改善, 改良, 改正",C1,,,,
await,await,/ә'weit/,vt./vi.,vt. 等候；vi. 等待着,C1,,,,
retired,retire,/ri'taiәd/,,"a. 隐退的, 退休的, 退役的",B1,,,,
spill,spill,/spil/,vt./vi./n.,"n. 溢出, 溅出, 摔下, 溢出量, 木片, 小塞子；vt. 使溢出, 使散落, 洒, 使流出, 倒出, 使摔下；vi. 溢出, 涌流, 摔下",B2,,,,
grateful,grateful,/'greitful/,,"a. 感谢的, 感激的, 令人快意的, 受欢迎的",B1,,,,
colony,colony,/'kɒlәni/,n.,"n. 殖民地, 移民队",B2,,,,
adoption,adoption,/ә'dɒpʃәn/,n.,"n. 采用, 采纳, 收养",C1,,,,
virtual,virtual,/'vә:tʃuәl/,,"a. 实际上起作用的, 虚的, 实质的, 有效的, 事实上生效的",B2,,,,
convict,convict,/kәn'vikt/,vt./n.,"n. 囚犯, 罪犯；vt. 宣告有罪, 使知罪",C1,,,,
indigenous,indigenous,/in'didʒinәs/,,"a. 本土的, 国产的, 固有的",C1,,,,
closed,close,/klәuzd/,,"a. 关闭的, 限于少数人的",A2,,,,
towel,towel,/'tauәl/,v./n.,"n. 手巾, 毛巾；v. 擦干身子",A2,,,,
particle,particle,/'pɑ:tikl/,n.,"n. 颗粒, 粒子, 质点, 极小量",Beyond C1,,,,
modify,modify,/'mɒdifai/,vt./vi.,"vt. 修正, 变更, 修饰, 缓和, 减轻；vi. 被修改",B2,,,,
prize,prize,/praiz/,vt./n.,"n. 奖赏, 奖金, 奖品, 战利品, 捕获；a. 得奖的；vt. 珍视, 估价, 捕获, 撬, 撬动",A2,,,,
landing,land,/'lændiŋ/,n.,"n. 登陆, 码头, 降落",B2,,,,
boost,boost,/bu:st/,vt./n.,"n. 推进, 吹捧；vt. 推进, 提高, 宣扬, 促进",B2,,,,
bat,bat,/bæt/,v./n.,"n. 蝙蝠, 球棒；v. 用球棒打, 眨眼",B2,,,,
alarm,alarm,/ә'lɑ:m/,vt./n.,"n. 惊恐, 警报, 警钟；vt. 使惊恐, 警告",B1,,,,
grip,grip,/grip/,vt./vi./n.,"n. 紧握, 柄, 握力, 握手方式, 手提包, 掌握, 支配, 控制；vt. 抓紧, 抱住, 吸住, 掌握；vi. 握牢, 有吸引力",C1,,,,
festival,festival,/'festәvәl/,n.,"a. 节日的, 喜庆的, 快乐的；n. 节日, 庆祝, 欢宴",A1,,,,
sweat,sweat,/swet/,vt./vi./n.,"n. 汗, 汗水, 水珠, 焦急；vi. 出汗, 渗出, 冒出水气, 结水珠, 烦恼, 懊恼；vt. 使出汗, 流出, 榨出, 使汗流浃背",Beyond C1,,,,
undermine,undermine,/.ʌndә'main/,vt.,"vt. 在...下面挖, 渐渐破坏, 暗地里破坏",C1,,,,
outer,outer,/'autә/,,"a. 外部的, 外面的, 在外的, 远离中心的",B2,,,,
freshman,freshman,,n.,"n. 新手, 生手, 大学一年级学生, (美)中学一年级学生",C1,,,,
drunk,drink,/drʌŋk/,,a. 喝醉了的；drink的过去式,B1,,,,
separation,separation,/.sepә'reiʃәn/,n.,"n. 分离, 分居, 缺口, 退职",C1,,,,
traditionally,traditionally,,adv.,adv. 传统上；传说上；习惯上,Beyond C1,,,,
ballot,ballot,/'bælәt/,vt./vi./n.,"n. 投票, 投票用纸, 抽签；vi. 投票, 抽签；vt. 投票选出, 拉选票",C1,,,,
web,web,/web/,vt./vi./n.,"n. 网, 蛛丝, 蹼, 织物, 圈套, 卷筒纸；vi. 结网, 形成网；vt. 织蜘蛛网于, 使落入圈套",A2,,,,
southeast,southeast,/sauθ'i:st/,n./adv.,"n. 东南, 东南地区；a. 东南的, 向东南的, 来自东南的；adv. 往东南, 来自东南",Beyond C1,,,,
intelligent,intelligent,/in'telidʒәnt/,,"a. 聪明的, 智能的, 了解的",A2,,,,
republic,republic,/ri'pʌblik/,n.,"n. 共和国, 共和政体, 团体, 界",C1,,,,
wherever,wherever,/hwєәr'evә/,adv.,adv. 无论哪里,B2,,,,
govern,govern,/'gʌvәn/,v.,"v. 统治, 支配, 管理",B2,,,,
driving,drive,/'draiviŋ/,n.,"n. 赶, 操纵, 驾驶；a. 推进的, 强劲的, 精力旺盛的",A2,,,,
rhetoric,rhetoric,/'retәrik/,n.,"n. 修辞, 修辞学, 雄辩(术)",C1,,,,
convinced,convinced,/kәn'vinst/,,"a. 确信的, 深信的",B2,,,,
vitamin,vitamin,/'vaitәmin/,n.,n. 维生素,B2,,,,
enthusiasm,enthusiasm,/in'θju:ziæzәm/,n.,"n. 巨大的热情, 热心",B2,,,,
accommodate,accommodate,/ә'kɒmәdeit/,vt./vi.,"vt. 使适应, 调和, 通融, 容纳, 向...提供；vi. 适应",B2,,,,
wilderness,wilderness,/'wildәnis/,n.,"n. 荒野, 荒地, 大量",Beyond C1,,,,
praise,praise,/preiz/,vt./vi./n.,"n. 赞美, 称赞, 崇拜；vt. 称赞, 赞美；vi. 赞扬, 表扬",B2,,,,
injure,injure,/'indʒә/,vt.,"vt. 伤害, 损害, 使受冤屈",B1,,,,
endless,endless,/'endlis/,,"a. 不停的, 无穷尽的, 无尽的",C1,,,,
mandate,mandate,/'mændeit/,vt./n.,"n. 命令, 指令, 要求；vt. 委任统治",C1,,,,
respectively,respectively,/ri'spektivli/,adv.,"adv. 各自地, 独自地, 个别地, 分别地",C1,,,,
chaos,chaos,/'keiɒs/,n.,"n. 大混乱, 混沌",C1,,,,
uncertainty,uncertainty,/.ʌn'sә:tnti/,n.,"n. 不确定, 不可靠, 不确定的事物",B2,,,,
mechanical,mechanical,/mi'kænikәl/,,"a. 机械的, 机械性的, 力学的",B2,,,,
format,format,/'fɒ:mæt/,vt./n.,"n. 开本, 版式, 形式, 格式；vt. 格式化",B2,,,,
canvas,canvas,/'kænvәs/,n.,"n. 帆布, 画布, 油画",C1,,,,
forty,forty,/'fɒ:ti/,num.,"num. 四十, 四十个",A1,,,,
profound,profound,/prә'faund/,,"a. 极深的, 深厚的, 深刻的, 渊博的",C1,,,,
lobby,lobby,/'lɒbi/,vt./vi./n.,"n. 大厅, 休息室, 游说议员者；vi. 游说议员, 游说；vt. 游说",C1,,,,
trait,trait,/treit/,n.,"n. 特征, 特性, 一笔, 少许",B2,,,,
currency,currency,/'kʌrәnsi/,n.,"n. 货币, 通货, 流通, 通用",B1,,,,
apologize,apologize,/ә'pɒlәdʒaiz/,vi.,"vi. 道歉, 辩解",B1,,,,
reserve,reserve,/ri'zә:v/,vt./n.,"n. 储备品, 贮量, 后备军, 自然保护区, 保留, 拘谨, 节制, 储备金；vt. 保留, 保存, 预订, 延期, 推迟",B2,,,,
beam,beam,/bi:m/,vt./vi./n.,"n. 横梁, 杆, 光线, 容光焕发；vi. 用梁支承, 微笑, 射出光线；vt. 照耀, 感到欣喜",C1,,,,
corruption,corruption,/kә'rʌpʃәn/,n.,"n. 腐败, 堕落, 贪污",C1,,,,
astronomer,astronomer,/ә'strɒnәmә/,n.,n. 天文学家,Beyond C1,,,,
contractor,contractor,/'kɒntræktә/,n.,"n. 立契约的人, 承包商",C1,,,,
doctrine,doctrine,/'dɒktrin/,n.,"n. 教条, 学说",C1,,,,
genuine,genuine,/'dʒenjuin/,,"a. 真正的, 真实的, 诚恳的",B2,,,,
thumb,thumb,/θʌm/,vt./n.,"n. 拇指；vt. 以拇指拨弄, 笨拙地摆弄, 用拇指翻旧, 迅速翻阅, 作搭车手势",B2,,,,
unity,unity,/'ju:niti/,n.,"n. 一致, 联合, 单一(性), 个体",B2,,,,
horrible,horrible,/'hɒrәbl/,,"a. 可怕的, 遭透的, 极讨厌的",B1,,,,
compromise,compromise,/'kɒmprәmaiz/,vt./vi./n.,"n. 妥协, 折中, 折中方案, 和解；vi. 妥协处理；vt. 危害",C1,,,,
behavioral,behavioral,/bi'heivjәrәl/,,a. 行为的,C1,,,,
bureau,bureau,/'bjuәrәu/,n.,"n. 局, 办公处",Beyond C1,,,,
exclusive,exclusive,/ik'sklu:siv/,,"a. 排外的, 独占的, 唯一的",C1,,,,
scatter,scatter,/'skætә/,vt./vi./n.,"n. 消散, 分散, 散播, 散射, 散布, 酒馆；vi. 散布, 散播, 消散；vt. 使消散, 使分散, 撒, 散布, 散播, 散射",Beyond C1,,,,
commonly,commonly,/'kɒmәnli/,adv.,"adv. 一般, 普通, 通常",B2,,,,
convey,convey,/kәn'vei/,vt.,"vt. 传达, 运输, 转让",B2,,,,
complexity,complexity,/kәm'pleksiti/,n.,"n. 复杂, 复杂性, 复杂的事物",C1,,,,
fork,fork,/fɒ:k/,vt./vi./n.,"n. 叉子, 叉状物, 分岔；vi. 分支, 分歧；vt. 做成叉形, 叉起",A2,,,,
twist,twist,/twist/,vt./vi./n.,"n. 一扭, 扭曲, 曲折, 歪曲, 螺旋状, 新手法；vt. 拧, 扭, 捻, 编织, 使扭转, 缠绕, 盘绕, 歪曲, 使转动, 使苦恼, 使混乱, 使旋转；vi. 转向, 弯曲, 缠绕, 扭动, 呈螺旋形",C1,,,,
christianity,christianity,/.kristʃi'æniti/,n.,"n. 基督教, 基督教精神",Beyond C1,,,,
disk,disk,/disk/,n.,"n. 圆盘, 磁盘",B2,,,,
suspicion,suspicion,/sә'spiʃәn/,n.,"n. 怀疑, 觉察, 嫌疑",C1,,,,
relieve,relieve,/ri'li:v/,vt./vi.,"vt. 减轻, 救济, 解除, 使免除, 换...的班, 使得到调剂, 使不单调, 衬托, 使显著；vi. 救济, 当替补投手, 呈鲜明突出",B2,,,,
residence,residence,/'rezidәns/,n.,"n. 住宅, 居留, 驻扎, 居住期间",C1,,,,
shame,shame,/ʃeim/,vt./n.,"n. 羞耻, 羞愧, 耻辱；vt. 使羞愧, 侮辱",B2,,,,
olympics,olympic,/әu'limpiks/,n.,n. 奥林匹克运动会,Beyond C1,,,,
meaningful,meaningful,/'mi:niŋful/,,a. 意味深长的,C1,,,,
sidewalk,sidewalk,/'saidwɒ:k/,n.,n. 人行道,B2,,,,
technological,technological,/.teknә'lɒdʒikl/,,a. 技术的,B2,,,,
pleasant,pleasant,/'pleznt/,,"a. 愉快的, 可爱的, 活泼的, 亲切的",B1,,,,
signature,signature,/'signәtʃә/,n.,"n. 签字, 识别标志, 调号",B2,,,,
wow,wow,/wau/,n.,"interj. (非正式)哇；n. 巨大的成功, 轰动一时的成功, 十分有趣的事物",A2,,,,
suspend,suspend,/sә'spend/,vt./vi.,"vt. 悬, 吊, 使悬浮, 暂停, 中止, 推迟；vi. 暂停, 中止, 悬浮, 停止偿付债务",B2,,,,
rebel,rebel,/'rebl/,vi./n.,"n. 叛徒, 反叛者；vi. 造反, 反抗, 抵抗, 反感；a. 造反的, 反抗的",C1,,,,
spouse,spouse,/spauz/,n.,n. 配偶,C1,,,,
frozen,freeze,/'frәuzn/,,"a. 冻结的, 冰冷的, 严寒的, 冻伤的, 冷酷的；freeze的过去分词",B1,,,,
fluid,fluid,/'flu:id/,n.,"n. 液体, 分泌液, 流体；a. 流动的, 可改变的",C1,,,,
resume,resume,/ri'zju:m/,vt./vi./n.,"vt. 重新开始, 取回, 恢复；vi. 再开始；n. 摘要, 个人简历",C1,,,,
theoretical,theoretical,/θiә'retikәl/,,"a. 理论的, 理论上的, 假设的, 推理的",C1,,,,
sodium,sodium,/'sәudiәm/,n.,n. 钠,Beyond C1,,,,
pension,pension,/'penʃәn/,vt./n.,"n. 养老金, 退休金, 津贴, 年金, 抚恤金, 膳宿学校, 膳宿费；vt. 发给退休金, 用津贴拉拢",C1,,,,
promotion,promotion,/prәu'mәuʃәn/,n.,"n. 晋级, 创建, 增进",B2,,,,
delicate,delicate,/'delikәt/,,"a. 细致优雅的, 微妙的, 美味的",C1,,,,
forehead,forehead,/'fɒ:rid/,n.,"n. 额, 前额, 前部",Beyond C1,,,,
electrical,electrical,/i'lektrikәl/,,"a. 电的, 有关电的",A2,,,,
rebuild,rebuild,/ri'bild/,vt./vi.,"vt. 改建, 重建, 改造；vi. 重建",B2,,,,
hook,hook,/huk/,vt./vi./n.,"n. 钩, 钩状, 镰刀, 陷阱；vt. 挂...于钩上, 钩住, 引上钩, 偷窃；vi. 弯成钩状, 钩紧",B2,,,,
bounce,bounce,/bauns/,vt./vi./n.,"n. 跳, 跳跃, 弹力, 撞击；vi. 反跳, 弹跳；vt. 使跳回, 撞击",C1,,,,
detective,detective,/di'tektiv/,n.,n. 侦探；a. 侦探的,A2,,,,
click,click,/klik/,vt./vi./n.,"n. 咔哒声, 啪嗒声；vi. 作咔哒声；vt. 使发咔哒声",B1,,,,
traveler,traveler,/'trævlә/,n.,"n. 旅行者, 游客, 旅客, 旅行推销员, 活动起重架, 行车, 临时记帐单",A2,,,,
compensation,compensation,/.kɒmpen'seiʃәn/,n.,"n. 补偿, 赔偿金, 工资",C1,,,,
exit,exit,/'eksit/,vi./n.,"n. 出口, 退场, 离去, 去世；vi. 退出, 脱离, 去世；恢复前一个命令处理器",B1,,,,
dedicate,dedicate,/'dedikeit/,vt.,"vt. 献出, 贡献",Beyond C1,,,,
attraction,attraction,/ә'trækʃәn/,n.,"n. 吸引, 吸引人的事物, 吸引力",B1,,,,
altogether,altogether,/.ɒ:ltә'geðә/,adv.,"adv. 完全地, 总而言之",B2,,,,
pickup,pickup,/'pikʌp/,n.,"n. 拾起, 加速, 刺激, 猎物的收集, 好转, 恢复健康, 搭车者, 兴奋剂, 电视摄像",Beyond C1,,,,
carve,carve,/kɑ:v/,v.,"v. 雕刻, 切开",C1,,,,
needle,needle,/'ni:dl/,vt./vi./n.,"n. 针, 尖；vt. 用针缝；vi. 缝纫",B1,,,,
belly,belly,/'beli/,vt./vi./n.,"n. 腹部, 食欲；vt. 使鼓起；vi. 鼓起, 匍匐前进",Beyond C1,,,,
scare,scare,/skєә/,vt./vi./n.,"n. 惊吓, 恐慌；vt. 惊吓, 使恐慌；vi. 受惊",B2,,,,
timing,timing,/'taimiŋ/,n.,"n. 时间选择, 时间测定, 定时, 调速",B2,,,,
portfolio,portfolio,/pɒ:t'fәuliәu/,n.,"n. 皮包, 公文包, 部长职务, 有价证券财产目录, 艺术代表作选辑",C1,,,,
shuttle,shuttle,/'ʃʌtl/,v./n.,"n. 穿梭, 梭子, 往返移动之物；v. (使)穿梭移动, 往返运送",Beyond C1,,,,
invisible,invisible,/in'vizәbl/,,"a. 看不见的, 无形的",C1,,,,
engagement,engagement,/in'geidʒdmәnt/,n.,"n. 诺言, 约会, 婚约, 交战",C1,,,,
transaction,transaction,/træn'sækʃәn/,n.,"n. 交易, 办理, 学报, 和解协议",C1,,,,
ankle,ankle,/'æŋkl/,n.,n. 踝,A2,,,,
rescue,rescue,/'reskju:/,vt./n.,"n. 援救, 解救, 营救；vt. 援救, 救出, 营救",B2,,,,
counterpart,counterpart,/'kauntәpɑ:t/,n.,"n. 副本, 复本, 配对物, 相应物",C1,,,,
historically,historically,/his'tɔrikәli/,adv.,adv. 历史上地；从历史观点上说,Beyond C1,,,,
firmly,firmly,/'fә:mli/,adv.,"adv. 坚固, 坚定, 断然",B2,,,,
mild,mild,/maild/,,"a. 温和的, 温柔的, 淡味的, 适度的, 轻微的, (肥皂等)软性的",B1,,,,
noon,noon,/nu:n/,n.,"n. 正午, 中午, 全盛期",C1,,,,
identical,identical,/ai'dentikәl/,,"a. 同一的, 恒等的, 完全相同的",B2,,,,
doll,doll,/dɒl/,n.,"n. 洋娃娃, 无头脑的美丽女人",Beyond C1,,,,
rider,rider,/'raidә/,n.,"n. 骑手, (文件后的)附件, 扶手",B2,,,,
amid,amid,/ә'mid/,prep.,"prep. 在其间, 在其中",C1,,,,
precise,precise,/pri'sais/,,"a. 精确的, 严谨的, 明确的",B2,,,,
anxious,anxious,/'æŋʃәs/,,"a. 忧虑的, 发愁的, 渴望的",B2,,,,
residential,residential,/.rezi'denʃәl/,,"a. 住宅的, 与居住有关的",C1,,,,
structural,structural,/'strʌktʃәrәl/,,"a. 结构的, 建筑的",C1,,,,
carbohydrate,carbohydrate,/.kɑ:bәu'haidreit/,n.,"n. 碳水化合物, 糖类",Beyond C1,,,,
diagnose,diagnose,/'daiәgnәuz/,v.,v. 诊断,C1,,,,
theology,theology,/θi'ɒlәdʒi/,n.,n. 神学,C1,,,,
poster,poster,/'pәustә/,n.,"n. 海报, 招贴, 驿马",A2,,,,
liberty,liberty,/'libәli/,n.,"n. 自由, 特权, 许可, 冒失",C1,,,,
crawl,crawl,/krɒ:l/,v./n.,"n. 爬行, 匍匐而行, 养鱼池；v. 爬行",C1,,,,
nonprofit,nonprofit,/nɒn'prɒfit/,,"a. 非赢利的, 无利可图的",C1,,,,
handsome,handsome,/'hænsәm/,,"a. 英俊的, 大方的, 慷慨的, 相当可观的, 美观的, 灵敏的",Beyond C1,,,,
oxygen,oxygen,/'ɒksәdʒәn/,n.,n. 氧,B2,,,,
businessman,businessman,/'biznismæn/,n.,"n. 商人, 实业家, 工商业家",A2,,,,
provided,provide,/prә'vaidid/,conj.,"conj. 倘若, 以...为条件",A2,,,,
sum,sum,/sʌm/,vt./vi./n.,"n. 总数, 总和, 金额, 概要, 顶点；vt. 总计, 概括；vi. 合计",B2,,,,
promising,promise,/'prɒmisiŋ/,,"a. 有希望的, 前途有望的",B2,,,,
conscious,conscious,/'kɒnʃәs/,,"a. 有意识的, 知觉的, 觉察的",B2,,,,
determination,determination,/di.tә:mi'neiʃәn/,n.,"n. 决心, 果断",B2,,,,
donor,donor,/'dәunә/,n.,n. 捐赠人,C1,,,,
jazz,jazz,/dʒæz/,vt./vi./n.,"n. 爵士乐, 喧闹；a. 爵士乐的, 喧吵的；vi. 演奏爵士乐, 跳爵士舞, 游荡；vt. 奏爵士乐, 使活泼",A2,,,,
hers,hers,/hә:z/,pron.,pron. 她的,A2,,,,
pastor,pastor,/'pæstә/,n.,n. 牧师,C1,,,,
opera,opera,/'ɒpәrә/,n.,n. 歌剧,B2,,,,
acquisition,acquisition,/.ækwi'ziʃәn/,n.,"n. 获得, 获得物",C1,,,,
pit,pit,/pit/,vt./vi./n.,"n. 深坑, 矿井, 果核, 地窖, 深渊, 绝境, 陷阱；vt. 窖藏, 使凹下, 使有麻点, 去...之核, 使留疤痕, 使相斗, 使竞争；vi. 起凹点, 凹陷",C1,,,,
hug,hug,/hʌg/,vt./n.,"n. 紧抱, 拥抱；vt. 紧抱, 坚持, 使沾沾自喜",Beyond C1,,,,
wildlife,wildlife,/'waildlaif/,n.,n. 野生动植物,B2,,,,
punish,punish,/'pʌniʃ/,vt./vi.,"vt. 处罚, 惩罚, 严厉对待；vi. 惩罚",B1,,,,
equity,equity,/'ekwiti/,n.,"n. 公平, 公正",Beyond C1,,,,
doorway,doorway,/'dɒ:wei/,n.,"n. 门口, 途径",Beyond C1,,,,
departure,departure,/di'pɑ:tʃә/,n.,"n. 离开, 出发, 违背, 偏离",B1,,,,
teenage,teenage,/'ti:nidʒ/,,a. 十三岁到十九岁的,A2,,,,
guidance,guidance,/'gaidns/,n.,"n. 指导, 领导",C1,,,,
happiness,happiness,/'hæpinis/,n.,"n. 快乐, 幸运, 适当",B1,,,,
elevator,elevator,/'eliveitә/,n.,"n. 电梯, 升降机",A2,,,,
statue,statue,/'stætju/,vt./n.,vt. 以雕像装饰；n. 雕像,B1,,,,
pursuit,pursuit,/pә'sju:t/,n.,"n. 追踪, 追求, 追赶, 娱乐, 职业",B2,,,,
repair,repair,/ri'pєә/,vt./vi./n.,"n. 修理, 补救, 修复；vt. 修理, 修补, 补救, 恢复, 补偿；vi. 修理, 修补, 补救, 恢复, 去, 常去, 集合",A2,,,,
oral,oral,/'ɒ:rәl/,n.,"n. 口试；a. 口头的, 口述的, 口部的",C1,,,,
gym,gym,/dʒim/,n.,"n. +体育馆, 体育训练, 体育课, 体操",A1,,,,
clerk,clerk,/klә:k/,vi./n.,"n. 办事员, 职员, 文书；vi. 当店员",A2,,,,
decent,decent,/'di:sәnt/,,"a. 有分寸的, 得体的, 大方的",B2,,,,
envelope,envelope,/'envәlәup/,n.,"n. 信封, 封套, 封袋",B2,,,,
fist,fist,/fist/,vt./n.,"n. 拳头, 手；vt. 拳打, 握成拳, 紧握",Beyond C1,,,,
reporting,report,/ri'pɒ:tiŋ/,n.,n. 报道,B2,,,,
destination,destination,/.desti'neiʃәn/,n.,"n. 目的地, 目标, 目的",B1,,,,
endorse,endorse,/in'dɒ:s/,vt.,"vt. 支持, 赞同, 背书于, 签署",C1,,,,
exploration,exploration,/.eksplә'reiʃәn/,n.,"n. 探险, 踏勘, 探测",B2,,,,
generous,generous,/'dʒenәrәs/,,"a. 慷慨的, 有雅量的, 大量的, 丰富的",B1,,,,
feedback,feedback,/'fi:dbæk/,n.,"n. 反馈, 反应",B2,,,,
bath,bath,/bæθ.bɑ:θ/,n.,"n. 沐浴, 浴室",A1,,,,
thereby,thereby,/'ðєәbai/,adv.,adv. 因此,C1,,,,
indicator,indicator,/'indikeitә/,n.,"n. 指示器, 指示剂, 指标",C1,,,,
spectrum,spectrum,/'spektrәm/,n.,"n. 光谱, 范围, 系列",C1,,,,
purple,purple,/'pә:pl/,v./n.,"n. 紫色, 帝位；a. 紫色的, 帝王的, 华而不实的；v. (使)成紫色",A1,,,,
sunlight,sunlight,/'sʌnlait/,n.,n. 日光,Beyond C1,,,,
laser,laser,/'leizә/,n.,n. 激光,C1,,,,
bold,bold,/bәuld/,n.,a. 大胆的；n. 粗体,B2,,,,
expertise,expertise,/.ekspә:'ti:z/,n.,"n. 专家意见, 专门技术",B2,,,,
starting,start,/'stɑ:tiŋ/,n.,"n. 开端, 开始, 出发, 起动, 开动",A1,,,,
reluctant,reluctant,/ri'lʌktәnt/,,"a. 不情愿的, 勉强的",C1,,,,
practically,practically,/'præktikli/,adv.,"adv. 几乎, 差不多, 事实上",Beyond C1,,,,
eating,eat,/'i:tiŋ/,n.,"n. 吃, 食物；a. 侵蚀的, 腐蚀性的",A1,,,,
parade,parade,/pә'reid/,v./n.,"n. 游行, 炫耀, 阅兵；v. 游行, 炫耀, (使)列队行进",B2,,,,
sharply,sharply,/'ʃɑ:pli/,adv.,"adv. 锐利地, 严厉地, 厉害地",Beyond C1,,,,
hint,hint,/hint/,v./n.,"n. 暗示, 提示；v. 暗示, 示意",C1,,,,
realm,realm,/relm/,n.,"n. 王国, 领土, 领域",C1,,,,
blend,blend,/blend/,vt./n.,vt. 混合；n. 混合,C1,,,,
cancel,cancel,/'kænsәl/,vt./vi./n.,"n. 取消, 撤消, 盖销(邮票)；vt. 取消, 删去, 抵销, 盖销；vi. 相互抵销",B2,,,,
therapist,therapist,/'θerәpist/,n.,n. 治疗学家,B2,,,,
constitution,constitution,/.kɒnsti'tju:ʃәn/,n.,"n. 构成, 宪法, 体格",C1,,,,
pizza,pizza,/'pi:tsә/,n.,n. 比萨饼,Beyond C1,,,,
recipient,recipient,/ri'sipiәnt/,n.,"a. 领受的, 容易接受的, 感受性强的；n. 领受者, 容纳者, 容器",C1,,,,
peel,peel,/pi:l/,vt./vi./n.,"n. 皮, 外壳；vt. 削...皮, 剥去...的壳；vi. 蜕皮, 剥落, 脱皮, 脱去衣服",Beyond C1,,,,
accounting,account,/ә'kauntiŋ/,n.,"n. 会计学, 帐单, 清帐",B1,,,,
flip,flip,/flip/,vt./vi./n.,"vt. 掷, 弹, 轻击, 空翻；vi. 用指轻弹, 抽打, 蹦跳；n. 抛, 弹, 筋斗；a. 无礼的",Beyond C1,,,,
hesitate,hesitate,/'heziteit/,vi.,"vi. 犹豫, 迟疑, 踌躇, 支吾, 停顿",B2,,,,
bias,bias,/'baiәs/,vt./n./adv.,"n. 偏见, 斜纹；a. 偏斜的；adv. 偏斜；vt. 使有偏见",B2,,,,
huh,huh,/hʌ/,,"interj. 哼, 哈",Beyond C1,,,,
metaphor,metaphor,/'metәfә/,n.,n. 隐喻,B2,,,,
candle,candle,/'kændl/,vt./n.,n. 蜡烛；vt. 对着光检查,B2,,,,
judicial,judicial,/dʒu:'diʃәl/,,"a. 法庭的, 公正的, 审判上的, 司法的",C1,,,,
entity,entity,/'entiti/,n.,"n. 实体, 实存物, 存在",C1,,,,
suffering,suffer,/'sʌfәriŋ/,n.,"n. 苦难, 受苦",B2,,,,
garbage,garbage,/'gɑ:bidʒ/,n.,"n. 垃圾, 废物",A2,,,,
lamp,lamp,/læmp/,vt./n.,n. 灯；vt. 照亮,A2,,,,
servant,servant,/'sә:vәnt/,n.,"n. 仆人, 有用物, 公务员, 雇员",B1,,,,
regulatory,regulatory,/'regjulәtәri/,,"a. 受控制的, 统制的, 调整的",C1,,,,
diplomatic,diplomatic,/.diplә'mætik/,,"a. 外交的, 老练的",C1,,,,
minimize,minimize,/'minimaiz/,vt./vi.,vt. 将...减到最少；vt. 最小化；vi. 最小化,C1,,,,
elegant,elegant,/'eligәnt/,,"a. 优雅的, 端庄的, 高雅的",B2,,,,
reception,reception,/ri'sepʃәn/,n.,"n. 接待, 接受, 招待会",A2,,,,
automatically,automatically,/.ɒ:tә'mætikli/,adv.,"adv. 自动地, 机械地",B1,,,,
chin,chin,/tʃin/,n.,"n. 下巴, 颏",Beyond C1,,,,
racism,racism,/'reisizm/,n.,"n. 种族主义, 种族偏见",B2,,,,
vanish,vanish,/'væniʃ/,vi.,"vi. 消失, 不见, 成为零",C1,,,,
confess,confess,/kәn'fes/,v.,"v. 承认, 坦白, 忏悔, 供认",B2,,,,
necessity,necessity,/ni'sesәti/,n.,"n. 需要, 必需品, 必然",B2,,,,
starter,starter,/'stɑ:tә/,n.,"n. 开端者, 在起跑线上的人, 参加赛跑的人, 调度员, 起动机, 酵母",A1,,,,
banking,bank,/'bæŋkiŋ/,n.,n. 银行业务,A1,,,,
casual,casual,/'kæʒjuәl/,n.,"a. 偶然的, 不经意的, 便装的；n. 临时工, 待命士兵",B2,,,,
gravity,gravity,/'græviti/,n.,"n. 地心引力, 重力",C1,,,,
diminish,diminish,/di'miniʃ/,v.,"v. (使)减少, (使)变小",C1,,,,
prevention,prevention,/pri'venʃәn/,n.,"n. 阻止, 妨碍, 预防",C1,,,,
intent,intent,/in'tent/,n.,"n. 意图, 含义, 故意；a. 专心的, 决心的, 热心的",C1,,,,
performer,performer,/pә'fɒ:mә/,n.,"n. 表演者, 执行者, 完成者",A2,,,,
isolate,isolate,/'aisәleit/,vt./n.,"vt. 使隔离, 使孤立, 使绝缘；n. 隔离种群",B2,,,,
chop,chop,/tʃɒp/,vt./vi./n.,"n. 肋条肉, 排骨, 砍, 戳记, 商标；vt. 剁碎, 砍, 切击, 割断；vi. 砍, 突然转向",B2,,,,
assembly,assembly,/ә'sembli/,n.,"n. 与会者, 集会, 装配, 组件",C1,,,,
productive,productive,/prә'dʌktiv/,,"a. 能生产的, 有生产价值的, 多产的",C1,,,,
inventory,inventory,/'invәntәri/,vt./n.,"n. 详细目录, 存货清单；vt. 列入详细目录, 清点存货",C1,,,,
silk,silk,/silk/,n.,"n. 丝, 绸, 绸锻类, 丝织品；a. 丝的, 丝织的",B2,,,,
civic,civic,/'sivik/,,"a. 市的, 市民的, 公民的",C1,,,,
magnitude,magnitude,/'mægnitju:d/,n.,"n. 巨大, 重大, 重要, 大小, 数量, 星等(指星的亮度)",C1,,,,
hostage,hostage,/'hɒstidʒ/,n.,"n. 人质, 抵押品",C1,,,,
steep,steep,/sti:p/,v./n.,"n. 浸渍, 悬崖；a. 险峻的, 陡峭的, 急剧升降的, 夸大的；v. 浸, 泡",B2,,,,
popularity,popularity,/.pɒpju'læriti/,n.,"n. 名声, 受大众欢迎, 流行",B2,,,,
collector,collector,/kә'lektә/,n.,"n. 收集家, 收取款项的人",B2,,,,
alien,alien,/'eiljәn/,n.,"n. 外国人, 外侨；a. 外国的, 相异的",B2,,,,
dynamic,dynamic,/dai'næmik/,n.,"a. 动态的, 有活力的, 有力的, 动力的, 不断变化的；n. 动力, 动态",B2,,,,
scary,scary,/'skєәri/,,"a. 容易受惊的, 胆小的, 提心吊胆的",A2,,,,
angel,angel,/'eindʒәl/,n.,"n. 天使, 守护神, 善人",C1,,,,
equation,equation,/i'kweiʃәn/,n.,"n. 相等, 等式, 平衡",C1,,,,
toilet,toilet,/'tɒilit/,vt./vi./n.,"n. 厕所, 梳妆；vi. 梳妆, 打扮, 上厕所；vt. 给...梳妆打扮",A1,,,,
rage,rage,/reidʒ/,vi./n.,"n. 愤怒, 情绪激动, 狂暴；vi. 大怒, 狂吹, 流行",C1,,,,
photography,photography,/fә'tɒgrәfi/,n.,"n. 摄影, 摄影术",B1,,,,
disappointed,disappointed,/.disә'pɒintid/,,a. 失望的,B1,,,,
offering,offer,/'ɒfәriŋ/,n.,"n. 提供, 奉献物, 牲礼, 上市的股票(或证券等)",C1,,,,
precious,precious,/'preʃәs/,,"a. 宝贵的, 珍贵的, 过于精致的, 珍爱的",B2,,,,
prohibit,prohibit,/prә'hibit/,vt.,"vt. 禁止, 阻止",B2,,,,
realistic,realistic,/riә'listik/,,"a. 现实的, 逼真的, 现实主义的, 实在论的",B2,,,,
enroll,enroll,/in'rәul/,vt./vi.,"vt. 登记, 使加入；vi. 参军, 注册",C1,,,,
hidden,hide,/'hidn/,,a. 隐藏的；hide的过去分词,B2,,,,
gathering,gather,/'gæðәriŋ/,n.,"n. 聚集, 集中, 采集",C1,,,,
outstanding,outstanding,/.aut'stændiŋ/,,"a. 杰出的, 突出的, 未偿付的, 未决定的",B2,,,,
stumble,stumble,/'stʌmbl/,vt./vi./n.,"n. 绊倒, 蹒跚而行, 失足；vt. 使绊倒, 使困惑；vi. 绊倒, 失足, 失策, 犯错, 蹒跚, 踌躇",C1,,,,
lonely,lonely,/'lәunli/,,"a. 孤单的, 孤寂的, 荒凉的",B1,,,,
artificial,artificial,/.ɑ:ti'fiʃәl/,,"a. 人造的, 假的, 非原地产的",B2,,,,
dawn,dawn,/dɒ:n/,vi./n.,"n. 破晓, 黎明；vi. 破晓",C1,,,,
automobile,automobile,/'ɒ:tәmәbi:l/,n.,n. 汽车,Beyond C1,,,,
descend,descend,/di'send/,vt./vi.,"vi. 下降, 世代相传, 屈尊, 袭击；vt. 下降",C1,,,,
abstract,abstract,/'æbstrækt/,vt./n.,"a. 抽象的, 深奥的；n. 摘要, 抽象概念；vt. 摘要, 提炼, 使抽象化",B2,,,,
silly,silly,/'sili/,,"a. 愚蠢的, 糊涂的",B1,,,,
tide,tide,/taid/,vt./vi./n.,"n. 潮, 潮汐, 趋势, 潮流, 涨潮, 高潮；vt. 使随潮漂流；vi. 顺潮行驶",C1,,,,
shared,share,/ʃεәd/,,a. 共享的,A1,,,,
hopefully,hopefully,/'hәjpfjli/,adv.,"adv. 有希望地, 如果希望能实现的话",B2,,,,
readily,readily,/'redili/,adv.,"adv. 迅速地, 轻易地, 乐意地",C1,,,,
revolutionary,revolutionary,/.revә'lu:ʃәnәri/,n.,"n. 革命者, 革命党人；a. 革命的, 革命性的",C1,,,,
cooperate,cooperate,/kәu'ɒpәreit/,vi.,"vi. 合作, 协力, 配合",C1,,,,
romance,romance,/rәu'mæns/,vi./n.,"n. 冒险故事, 浪漫史, 传奇文学；vi. 写传奇, 作空想, 虚构",B2,,,,
pillow,pillow,/'pilәu/,vt./vi./n.,"n. 枕头, 靠垫, 枕状岩；vt. 作...的枕头, 垫, 枕于；vi. 靠在枕上",Beyond C1,,,,
kit,kit,/kit/,n.,"n. 装备, 工具箱, 成套工具",B2,,,,
hardware,hardware,/'hɑ:dwєә/,n.,"n. 硬件, 五金器具, 零件",C1,,,,
seal,seal,/si:l/,vt./vi./n.,"n. 印章, 封条, 海豹, 海豹皮, 火漆, 封蜡, 玺, 保证, 批准, 象征, 标志；vt. 封闭, 盖印, 盖章；vi. 猎海豹",C1,,,,
continent,continent,/'kɒntinәnt/,n.,"n. 大陆, 洲；a. 自制的",A2,,,,
circuit,circuit,/'sә:kit/,n.,"n. 电路, 环(行)道, 巡回",B2,,,,
annually,annually,/'ænjuәli/,adv.,"adv. 一年一次, 每年",B2,,,,
ruling,rule,/'ru:liŋ/,n.,"n. 判决, 裁定, 统治；a. 统治的, 支配的, 普遍的",C1,,,,
shortage,shortage,/'ʃɒ:tidʒ/,n.,"n. 不足, 缺乏",B2,,,,
lately,lately,/'leitli/,adv.,"adv. 近来, 最近",B2,,,,
fool,fool,/fu:l/,vt./vi./n.,"n. 愚人, 受骗者, 奶油拌水果；vt. 愚弄, 欺骗, 浪费；vi. 干傻事, 开玩笑, 游荡；a. 傻的",B2,,,,
scan,scan,/skæn/,vt./vi./n.,"n. 审视, 浏览, 扫描, 细查；vt. 细看, 浏览, 扫描, 详细调查, 标出格律；vi. 押韵, 扫描",B1,,,,
deadline,deadline,/'dedlain/,n.,"n. 最后期限, 截止期限",B2,,,,
rear,rear,/riә/,vt./vi./n.,"n. 后面, 背后, 后方；a. 后面的, 背面的, 后方的；vt. 养育, 培养, 饲养, 举起, 树立, 栽种；vi. 高耸, 暴跳",C1,,,,
processing,process,/prәu'sesiŋ/,,[计] 处理；[化] 加工,C1,,,,
undertake,undertake,/.ʌndә'teik/,vt.,"vt. 试图, 从事, 保证, 承担, 同意, 接受",B2,,,,
ranch,ranch,/ræntʃ. rɑ:ntʃ/,v./n.,n. 大牧场；v. 经营牧场,Beyond C1,,,,
verbal,verbal,/'vә:bl/,,"a. 用言辞的, 言语的, 口头的, 逐字的, 动词的",C1,,,,
coastal,coastal,/'kәustәl/,,"a. 海岸的, 沿海的, 沿岸的",C1,,,,
softly,softly,/'sɒftli/,adv.,"adv. 柔和地, 静静地, 温柔地",Beyond C1,,,,
burning,burn,/'bә:niŋ/,n.,"a. 燃烧的, 象燃烧一样的；n. 烧, 燃烧",A2,,,,
tribal,tribal,/traibl/,,"a. 部落的, 宗族的",C1,,,,
ridiculous,ridiculous,/ri'dikjulәs/,,"a. 荒谬的, 可笑的",B2,,,,
diamond,diamond,/'daiәmәnd/,n.,"n. 钻石, 菱形",B1,,,,
automatic,automatic,/.ɒ:tә'mætik/,n.,"n. 自动手枪, 自动机械；a. 自动的, 机械的, 必然的, 无意识的",B1,,,,
sexually,sexually,,adv.,adv. 性别地；两性之间地,Beyond C1,,,,
credibility,credibility,/.kredi'biliti/,n.,"n. 可信用, 确实性, 可靠",C1,,,,
import,import,/im'pɒ:t/,vt./vi./n.,"n. 进口货, 进口, 输入, 含义, 重要性；vt. 输入, 引入, 进口, 含...的意思, 重要；vi. 有关系",B1,,,,
sentiment,sentiment,/'sentimәnt/,n.,"n. 感情, 感伤, 情操, 情绪, 感想, 意见",C1,,,,
divine,divine,/di'vain/,n.,"a. 神的, 神圣的, 非凡的；n. 神学家",C1,,,,
cart,cart,/kɑ:t/,vt./vi./n.,n. 二轮运货马车；vi. 驾运货马车；vt. 用车装载,Beyond C1,,,,
oversee,oversee,/.әuvә'si:/,vt.,"vt. 向下看, 了望, 监督, 偷看到",C1,,,,
elder,elder,/'eldә/,n.,"n. 年长者, 老人, 前辈；a. 年长的, 资深的",Beyond C1,,,,
quantity,quantity,/'kwɒntәti/,n.,"n. 量, 数量, 总量",A2,,,,
inspiration,inspiration,/.inspә'reiʃәn/,n.,"n. 灵感, 鼓舞人心的人或物, 妙计, 吸气",C1,,,,
dutch,dutch,/dʌtʃ/,n.,"n. 荷兰人, 荷兰语；a. 荷兰的",Beyond C1,,,,
pro,pro,/prәu/,adv.,adv. 正面地,Beyond C1,,,,
mate,mate,/meit/,vt./vi./n.,"n. 配偶, 对手, 助手, (象棋)将死；vt. 使配对, 使一致, 结伴, (象棋)将死；vi. 成配偶, 紧密配合",B2,,,,
trailer,trailer,/'treilә/,n.,"n. 追踪者, 拖车",C1,,,,
greek,greek,/gri:k/,n.,"n. 希腊人, 希腊语；a. 希腊的, 希腊人的",Beyond C1,,,,
o'clock,o'clock,/ә'klɔk/,n.,"n. ...点钟, 钟头",Beyond C1,,,,
genius,genius,/'dʒi:njәs/,n.,"n. 天才, 天赋, 精神, 神魔",B2,,,,
monument,monument,/'mɒnjumәnt/,n.,"n. 纪念碑, 纪念物, 石碑",B2,,,,
quest,quest,/kwest/,v./n.,"n. 探索, 寻求, 调查；v. 寻找, 找, 追寻猎物",C1,,,,
sacrifice,sacrifice,/'sækrifais/,vt./vi./n.,"n. 牺牲, 供奉, 祭品；vt. 牺牲, 祭祀, 贱卖；vi. 献祭",C1,,,,
bid,bid,/bid/,v./n.,"n. 出价；v. 命令, 吩咐, 请求, 表示, 宣布, 投标",B2,,,,
juror,juror,/'dʒuәrә/,n.,"n. 陪审员, 审查委员",Beyond C1,,,,
dynamics,dynamics,/dai'næmiks/,n.,n. 动力学,B2,,,,
invitation,invitation,/.invi'teiʃәn/,n.,"n. 邀请, 请柬, 引诱",A2,,,,
broker,broker,/'brәukә/,n.,"n. 掮客, 经纪人",Beyond C1,,,,
treasure,treasure,/'treʒә/,vt./n.,"n. 宝物, 财富；vt. 珍爱, 重视, 秘藏",B2,,,,
officially,officially,/ә'fiʃәli/,adv.,"adv. 作为公务员, 职务上, 官方地",Beyond C1,,,,
accuracy,accuracy,/'ækjurәsi/,n.,"n. 精确, 正确",B2,,,,
loyalty,loyalty,/'lɒiәlti/,n.,"n. 忠贞, 忠诚, 忠实",C1,,,,
talented,talented,/'tælәntid/,,"a. 天资高的, 有才能的",B1,,,,
nominee,nominee,/.nɒmi'ni:/,n.,"n. 被提名者, 被任命者",C1,,,,
gasoline,gasoline,/'gæsәli:n/,n.,n. 汽油,Beyond C1,,,,
extended,extend,/ik'stendid/,,"a. 延续的, 伸出的, 竭尽全力的, 广大的, 扩大范围的",B2,,,,
stiff,stiff,/stif/,vt./n.,"a. 坚硬的, 严厉的, 呆板的, 生硬的, 刚强的, 强烈的, 粘的, 稠的, 艰难的；n. 死尸, 醉鬼, 钞票；vt. 不肯付...小费",B2,,,,
output,output,/'autput/,n.,"n. 输出, 产品, 产量",B2,,,,
slap,slap,/slæp/,v./n./adv.,"n. 掴, 掌击, 侮辱, 拍击声；v. 拍击, 惩罚；adv. 正面地, 直接地, 突然地",C1,,,,
jaw,jaw,/dʒɒ:/,v./n.,"n. 颚, 颌；v. 闲谈, 教训, 唠叨",Beyond C1,,,,
diabetes,diabetes,/daiә'bi:ti:z/,n.,"n. 糖尿病, 多尿症",Beyond C1,,,,
toxic,toxic,/'tɒksik/,,"a. 有毒的, 中毒的",C1,,,,
alleged,allege,/ә'ledʒd/,,"a. 被断言的, 所谓的",C1,,,,
grief,grief,/gri:f/,n.,"n. 伤心, 忧愁, 悲痛, 不幸, 灾难",C1,,,,
mysterious,mysterious,/mis'tiәriәs/,,"a. 神秘的, 难解的, 不可思议的",B2,,,,
rocket,rocket,/'rɒkit/,vt./vi./n.,"n. 火箭, 烟火；vi. 急升, 猛涨, 飞驰；vt. 用火箭运载",B2,,,,
donate,donate,/'dәuneit/,v.,v. 捐赠,B1,,,,
tackle,tackle,/'tækl/,vt./vi./n.,"n. 工具, 复滑车, 滑车, 装备, 扭倒；vt. 固定, 处理, 抓住；vi. 扭倒",B2,,,,
inmate,inmate,/'inmeit/,n.,"n. 同住者, 被收容者",C1,,,,
bow,bow,/bәu.bau/,v./n.,"n. 弓, 眼睛框；v. 用弓拉琴, 弯成弓形；n. 鞠躬, 屈服",C1,,,,
ours,ours,/'auәz/,pron.,pron. 我们的,B1,,,,
dignity,dignity,/'digniti/,n.,"n. 尊严, 高贵",C1,,,,
parental,parental,/pә'rentәl/,,"a. 父母亲的, 做双亲的, 作为渊源的",C1,,,,
bubble,bubble,/'bʌbl/,vt./vi./n.,"n. 泡沫；vi. 冒泡, 沸腾；vt. 使冒泡, 滔滔不绝地说",B1,,,,
sword,sword,/sɒ:d/,n.,"n. 刀, 剑, 战争, 武力, 剑状物",C1,,,,
tightly,tightly,/'taitli/,adv.,"adv. 紧紧地, 坚固地",Beyond C1,,,,
barn,barn,/bɑ:n/,n.,n. 谷仓,Beyond C1,,,,
buddy,buddy,/'bʌdi/,n.,"n. 好朋友, 伙伴",C1,,,,
seventh,seventh,/'sevnθ/,num.,"num. 第七, 七分之一",Beyond C1,,,,
specialize,specialize,/'speʃәlaiz/,vt./vi.,"vt. 使特殊化, 列举, 特别指明, 限定...的范围；vi. 成为专家, 专攻",B2,,,,
carpet,carpet,/'kɑ:pit/,vt./n.,"n. 地毯, 地毯状物；vt. 铺以地毯, 铺盖",A2,,,,
glory,glory,/'glɒ:ri/,vi./n.,"n. 光荣, 荣耀, 荣誉, 壮丽, 繁荣；vi. 自豪",C1,,,,
protective,protective,/prә'tektiv/,,"a. 给予保护的, 保护的",C1,,,,
tuck,tuck,/tʌk/,vt./vi./n.,"n. 缝褶, 活力, 鼓声, 船尾突出部, 食品；vt. 打褶, 卷起, 挤进, 塞, 收藏；vi. 缝褶裥, 缩拢",Beyond C1,,,,
drum,drum,/drʌm/,vt./vi./n.,"n. 鼓, 鼓声；vi. 击鼓, 作鼓声；vt. 打鼓奏出",B1,,,,
faint,faint,/feint/,vi./n.,"n. 昏厥, 昏倒；a. 模糊的, 微弱的, 无力的；vi. 昏倒, 变得微弱",Beyond C1,,,,
dilemma,dilemma,/di'lemә/,n.,"n. 困境, (进退两难的)窘境",C1,,,,
input,input,/'input/,vt./n.,"n. 输入, 输入电路；vt. 输入",B2,,,,
liability,liability,/laiә'biliti/,n.,"n. 责任, 债务, 倾向",Beyond C1,,,,
northeast,northeast,/.nɒ:θ'i:st/,n./adv.,"n. 东北；a. 东北的, 向东北的, 来自东北的；adv. 向东北, 来自东北",Beyond C1,,,,
shallow,shallow,/'ʃælәu/,v./n.,"n. 水浅的地方, 浅滩；a. 浅的, 肤浅的；v. (使)变浅",B2,,,,
sail,sail,/seil/,vt./vi./n.,"n. 帆, 篷, 帆船, 航程, 帆状物；vi. 航行, 启航, 张帆而行；vt. 航行于, 驾船",A2,,,,
improved,improve,/im'pru:vd/,,a. 改良的,A1,,,,
merchant,merchant,/'mә:tʃәnt/,n.,"n. 商人, 店主；a. 商业的, 商人的",C1,,,,
bloody,bloody,/'blʌdi/,,"a. 血腥的, 嗜杀的, 有血的",Beyond C1,,,,
stadium,stadium,/'steidiәm/,n.,n. 露天大型运动场,B1,,,,
withdrawal,withdrawal,/wið'drɒ:l/,n.,"n. 提款, 撤退, 退回, 撤消, 退隐, 戒毒过程",C1,,,,
nest,nest,/nest/,vt./vi./n.,"n. 巢, 窝, 休息所, 隐匿处；vi. 筑巢, 找鸟巢；vt. 为...设窝, 使套叠",C1,,,,
associated,associate,,,a. 联合的,B2,,,,
refrigerator,refrigerator,/ri'fridʒәreitә/,n.,"n. 电冰箱, 冷藏库",A2,,,,
thoroughly,thoroughly,/'θʌrәli/,adv.,"adv. 彻底地, 绝对地, 透彻地, 详尽地, 周到地, 完全地, 完善地, 全面地",B2,,,,
lane,lane,/lein/,n.,"n. 小路, 巷, 弄, 单行道",B2,,,,
ancestor,ancestor,/'ænsestә/,n.,"n. 祖先, 祖宗",B2,,,,
condemn,condemn,/kәn'dem/,vt.,"vt. 判刑, 责备, 谴责",C1,,,,
steam,steam,/sti:m/,vt./vi./n.,"n. 蒸汽, 精力；a. 蒸汽的；vi. 蒸发, 行驶, 发怒；vt. 蒸, 煮, 散发",B2,,,,
accent,accent,/'æksәnt/,vt./n.,"n. 重音, 口音, 特点, 注重点；vt. 重读, 加重音号于, 强调",B2,,,,
optimistic,optimistic,/.ɒpti'mistik/,,"a. 乐观的, 乐观主义的, 乐天的",B2,,,,
cage,cage,/keidʒ/,vt./n.,"n. 笼, 牢房, 战俘营；vt. 关进笼内",Beyond C1,,,,
shrimp,shrimp,/ʃrimp/,vi./n.,"n. 虾, 小虾, 矮子；vi. 捕小虾",Beyond C1,,,,
equip,equip,/i'kwip/,vt.,"vt. 装备, 配备",B2,,,,
unite,unite,/ju:'nait/,vt./vi.,"vi. 联合, 接合, 混合；vt. 使联合, 统一, 使粘合, 使结合",B2,,,,
courtroom,courtroom,/'kɒ:trum/,n.,"n. 法庭, 审判室",Beyond C1,,,,
homeland,homeland,/'hәumlænd/,n.,"n. 本国, 故国",C1,,,,
wolf,wolf,/wulf/,vt./n.,"n. 狼, 残忍贪婪之人, 极度穷困；vt. 狼吞虎咽, 大吃",B2,,,,
rack,rack,/ræk/,vt./vi./n.,"n. 架, 行李架, 饲草架, 搁物架, 痛苦, 折磨, 齿条, 行云团；vt. 把...放在架上, 在架上制作, 折磨, 使痛苦, 压榨, 榨取, 猛烈撕拉, 拷问；vi. 变形, 倾斜, (云)随风飘, (马)小步跑",Beyond C1,,,,
costume,costume,/'kɒstju:m/,n.,"n. 装束, 服装",B1,,,,
statute,statute,/'stætju:t/,n.,"n. 法令, 成文法律, 法规, 章程, 条例",Beyond C1,,,,
grin,grin,/grin/,v./n.,n. 露齿笑；v. 露齿而笑,C1,,,,
cartoon,cartoon,/kɑ:'tu:n/,v./n.,"n. 卡通画, 漫画；v. 画漫画",A2,,,,
productivity,productivity,/.prәudʌk'tiviti/,n.,n. 生产力,C1,,,,
bug,bug,/bʌg/,vt./vi./n.,"n. 错误, 虫, 病菌, 缺陷, 窃听器, 癖好, 防盗报警器, 双座小汽车, 要人；vt. 装防盗报警器, 装窃听器, 激怒；vi. 捉虫, 暴突",B2,,,,
symbolic,symbolic,/sim'bɒlik/,,"a. 象征的, 符号的",C1,,,,
bless,bless,/bles/,vt.,"vt. 祝福, 祈佑, 使神圣化",C1,,,,
tumor,tumor,/'tju:mә/,n.,"n. 肿大, 肿块, 瘤, 赘生物, 肿瘤",C1,,,,
hostile,hostile,/'hɒstail/,n.,"a. 敌人的, 怀敌意的, 敌对的；n. 敌对分子",C1,,,,
agriculture,agriculture,/'ægrikʌltʃә/,n.,n. 农业,B2,,,,
aunt,aunt,/ɑ:nt/,n.,"n. 阿姨, 姨妈, 舅妈, 姑妈, 伯母",A1,,,,
combined,combine,/kәm'baind/,,a. 结合的；组合的,B1,,,,
conceive,conceive,/kәn'si:v/,vt./vi.,"vt. 构思, 认为；vi. 怀孕",C1,,,,
instantly,instantly,/'instәntli/,adv.,"adv. 立即地, 即刻地",B2,,,,
bankruptcy,bankruptcy,/'bæŋkrәptsi/,n.,n. 破产者,C1,,,,
bonus,bonus,/'bәunәs/,n.,"n. 奖金, 红利",C1,,,,
vaccine,vaccine,/'væksi:n/,n.,"n. 牛痘苗, 疫苗；a. 疫苗的, 牛痘的",Beyond C1,,,,
mixed,mix,/mikst/,,"a. 混合的, 形形色色的, 弄糊涂的",B2,,,,
opposed,oppose,/ә'pәuzd/,,"a. 反对的, 敌对的, 对抗的, 相对的",B2,,,,
collaboration,collaboration,/kә.læbә'ræʃәn/,n.,"n. 合作, 勾结",C1,,,,
patience,patience,/'peiʃәns/,n.,"n. 耐性, 忍耐",B2,,,,
orbit,orbit,/'ɒ:bit/,vt./vi./n.,"n. 轨道, 常轨, 眼眶；vt. 绕...轨道而行；vi. 进入轨道, 盘旋",Beyond C1,,,,
spite,spite,/spait/,vt./n.,"n. 恶意, 怨恨, 使人烦恼的事物；vt. 故意刁难, 欺侮",B2,,,,
voting,vote,/'vәutiŋ/,n.,"n. 投票, 选举；a. 投票的, 选举的",B2,,,,
grasp,grasp,/græsp/,vt./vi./n.,"n. 把握, 抓紧, 理解, 抓, 柄, 控制；vt. 抓住, 紧握, 领会；vi. 抓",C1,,,,
tropical,tropical,/'trɒpikl/,,"a. 热带的, 热情的",B2,,,,
patrol,patrol,/pә'trәul/,v./n.,"n. 巡逻, 巡逻员, 侦察队；v. 巡逻, 巡视",C1,,,,
revelation,revelation,/.revi'leiʃәn/,n.,"n. 揭露, 泄露, 发觉, 默示, 启示",C1,,,,
willingness,willingness,,n.,"n. 乐意, 心甘情愿, 愿意",C1,,,,
jewelry,jewelry,/'dʒu:әlri/,n.,"n. 珠宝, 珠宝类",A2,,,,
calm,calm,/kɑ:m/,vt./vi./n.,"n. 平稳, 风平浪静；a. 平静的, 冷静的；vi. 平静下来, 镇静；vt. 使平静",B1,,,,
cuban,cuban,/'kju:bәn/,n.,"a. 古巴的, 古巴人的；n. 古巴人",Beyond C1,,,,
haul,haul,/hɒ:l/,vt./vi./n.,"n. 用力拖拉, 拖运, 强拉, 捕获量, 拖运距离；vi. 拖, 拉, 改变方向, 改变主意；vt. 拖拉, 拖运",Beyond C1,,,,
concede,concede,/kәn'si:d/,vt./vi.,"vt. 承认, 退让；vi. 让步",C1,,,,
wagon,wagon,/'wægәn/,n.,"n. 四轮马车, 货车",Beyond C1,,,,
afterward,afterward,/'ɑ:ftәwәd/,adv.,"adv. 然后, 后来",B2,,,,
spectacular,spectacular,/spek'tækjulә/,n.,"a. 公开展示的, 惊人的, 壮观的；n. 奇观, 惊人之举, 展览物",B2,,,,
ruin,ruin,/ruin/,vt./vi./n.,"n. 毁灭, 推翻, 废墟；vi. 毁灭, 衰败, 破坏, 破产, 堕落；vt. 使毁灭, 毁坏, 使破产",B2,,,,
sheer,sheer,/ʃiә/,vt./vi./n./adv.,"a. 绝对的, 全然的, 纯粹的, 透明的, 峻峭的；vi. 偏转, 偏航；vt. 使急转向, 使偏航；adv. 完全, 全然, 峻峭；n. 偏航",C1,,,,
immune,immune,/i'mju:n/,n.,"a. 免疫的, 免除的, 不受影响的；n. 免疫者",B2,,,,
ass,ass,/æs/,n.,"n. 驴, 傻瓜, 笨蛋, 屁股",A1,,,,
reliability,reliability,/ri.laiә'biliti/,n.,"n. 信度, 可靠性",C1,,,,
alongside,alongside,/ә'lɒŋ'said/,adv./prep.,"adv. 在旁边, 靠拢着；prep. 在...旁边, 与...在一起",B2,,,,
fascinating,fascinating,/'fæsineitiŋ/,,"a. 迷人的, 吸引人的, 使人神魂颠倒的",B1,,,,
exotic,exotic,/ig'zɒtik/,n.,"a. 异国的, 外来的；n. 外来人, 外来物, 舶来品",B2,,,,
bull,bull,/bul/,n.,n. 公牛,Beyond C1,,,,
clip,clip,/klip/,vt./vi./n.,"n. 修剪, 夹子, 回形针, 剪下来的东西；vt. 修剪, 痛打, 夹牢, 剪报；vi. 剪报",B2,,,,
thigh,thigh,/θai/,n.,"n. 大腿, 股",Beyond C1,,,,
sheep,sheep,/ʃi:p/,n.,"n. 羊, 胆小者",A1,,,,
discourage,discourage,/dis'kʌridʒ/,vt.,"vt. 使气馁, 阻碍",B2,,,,
drawer,drawer,/'drɒ:ә/,n.,"n. 抽屉, 开票人",A1,,,,
runner,runner,/'rʌnә/,n.,"n. 跑步者, 赛跑者, 送信人, 走私船, 操作者, 滑槽",A2,,,,
coordinator,coordinator,/kәu'ɒ:dineitә/,n.,"n. 协调者, 同等的人或物",C1,,,,
ideological,ideological,/.aidiә'lɒdʒikәl/,,"a. 意识形态的, 空想的",C1,,,,
intimate,intimate,/'intimәt/,vt./n.,"a. 亲密的, 私人的, 秘密的；vt. 暗示, 通知, 告诉；n. 至交",C1,,,,
empire,empire,/'empaiә/,n.,"n. 帝国, 帝权",B2,,,,
secular,secular,/'sekjulә/,n.,"n. 修道院外的教士；a. 世俗的, 现世的, 长期的",C1,,,,
cab,cab,/kæb/,vi./n.,"n. 出租车, 出租汽车, 出租马车；vi. 乘出租马车(或汽车)",Beyond C1,,,,
documentary,documentary,/.dɒkju'mentәri/,n.,n. 记录片；a. 文件的,B1,,,,
neutral,neutral,/'nju:trәl/,n.,"n. 中立者, 中立国, 非彩色, 空档；a. 中立的, 中性的, 无色的",B2,,,,
exam,exam,/ig'zæm/,n.,"n. 考试, 测验",A1,,,,
tender,tender,/'tendә/,vt./vi./n.,"a. 嫩的, 柔软的, 脆弱的, 温柔的, 亲切的, 未成熟的, 微妙的, 棘手的, 审慎的；vt. 使变嫩, 提供, 偿还；vi. 变柔软, 投标；n. 照料, 看管人, 供应船, 小船, 提出, 偿付, 投标",C1,,,,
biology,biology,/bai'ɒlәdʒi/,n.,n. 生物学,A2,,,,
flexible,flexible,/'fleksәbl/,,"a. 易曲的, 灵活的, 柔顺的, 能变形的, 可通融的",B2,,,,
progressive,progressive,/prә'gresiv/,n.,"n. 改革论者, 进步论者；a. 前进的, 累进的, 进步的",B2,,,,
conspiracy,conspiracy,/kәn'spirәsi/,n.,"n. 同谋, 阴谋, 阴谋集团",B2,,,,
casualty,casualty,/'kæʒjuәlti/,n.,"n. 意外事故, 伤亡, 受害者",C1,,,,
whale,whale,/hweil/,vt./vi./n.,"n. 鲸；vi. 捕鲸；vt. 使惨败, 猛揍",Beyond C1,,,,
functional,functional,/'fʌŋkʃәnәl/,,a. 功能的,C1,,,,
execution,execution,/.eksi'kju:ʃәn/,n.,"n. 实行, 完成, 执行, 死刑",C1,,,,
terrific,terrific,/tә'rifik/,,"a. 非常好的, 极端的, 可怕的",C1,,,,
teammate,teammate,/'ti:mmeit/,n.,n. 队友,Beyond C1,,,,
instinct,instinct,/'instiŋkt/,n.,"n. 本能, 直觉；a. 充满着的",C1,,,,
whoever,whoever,/hu'evә/,pron.,"pron. 任何人, 无论谁",B2,,,,
aluminum,aluminum,/ә'lu:minәm/,n.,n. 铝,C1,,,,
ministry,ministry,/'ministri/,n.,"n. 部, 内阁, 服务",C1,,,,
instruct,instruct,/in'strʌkt/,vt.,"vt. 教, 教育, 命令, 通知",C1,,,,
skull,skull,/skʌl/,n.,"n. 头盖骨, 头脑, 好学生",B2,,,,
verdict,verdict,/'vә:dikt/,n.,"n. 裁决, 判决, 判断性意见, 定论, 结论",C1,,,,
bee,bee,/bi:/,n.,"n. 蜜蜂, 聚会",B1,,,,
manipulate,manipulate,/mә'nipjuleit/,vt.,"vt. 操纵, 利用, 操作, 巧妙地处理, 假造",C1,,,,
cooperative,cooperative,/kәu'ɔpәrәtiv/,,a. 合作的；合作社的,C1,,,,
loop,loop,/lu:p/,vt./vi./n.,"n. 环, 圈, 弯曲部分, 循环；vt. 使成环, 以圈结, 以环连结；vi. 打环, 翻筋斗",C1,,,,
practitioner,practitioner,/præk'tiʃәnә/,n.,"n. 从业者, 开业者",C1,,,,
subsidy,subsidy,/'sʌbsidi/,n.,"n. 补助金, 津贴",C1,,,,
edit,edit,/'edit/,vt.,"vt. 编辑, 编校, 修订, 剪辑",B2,,,,
whip,whip,/hwip/,vt./vi./n.,"n. 鞭子, 抽打, 车夫, 搅拌器；vt. 鞭打, 搅拌, 煽动, 召集, 仓促制成；vi. 拍击, 急走, 抽打",C1,,,,
puzzle,puzzle,/'pʌzl/,vt./vi./n.,"n. 难题, 迷惑；vt. 使困惑, 使为难；vi. 迷惑, 苦思",B2,,,,
mushroom,mushroom,/'mʌʃrum/,vi./n.,"n. 蘑菇形物, 蘑菇, 暴发户；vi. 迅速生长, 迅速增加, 采蘑菇；a. 蘑菇形的, 迅速生长的",Beyond C1,,,,
mathematics,mathematics,/.mæθә'mætiks/,n.,n. 数学,A2,,,,
boil,boil,/bɒil/,v./n.,"n. 煮沸, 沸腾, 疖；v. 煮沸, 激动",A2,,,,
tragic,tragic,/'trædʒik/,,"a. 悲惨的, 悲剧的",B2,,,,
mechanic,mechanic,/mi'kænik/,n.,"n. 机械工, 技工；a. 手工的",B2,,,,
earthquake,earthquake,/'ә:θkweik/,n.,n. 地震,B1,,,,
jar,jar,/dʒɑ:/,vt./vi./n.,"n. 广口瓶, 震动, 刺耳声；vi. 震惊, 冲突, 发刺耳声, 不一致；vt. 震动, 刺激",Beyond C1,,,,
utilize,utilize,/'ju:tilaiz/,vt.,vt. 利用,C1,,,,
underlying,underlying,/.ʌndә'laiiŋ/,,a. 在下面的,C1,,,,
safely,safely,/'seifli/,adv.,"adv. 安全地, 确实地",Beyond C1,,,,
pork,pork,/pɒ:k/,n.,n. 猪肉,Beyond C1,,,,
creativity,creativity,/.kri:ei'tiviti/,n.,"n. 创造力, 创造性",B2,,,,
dessert,dessert,/di'zә:t/,n.,n. 餐后甜点,A2,,,,
sympathy,sympathy,/'simpәθi/,n.,"n. 同情, 赞同, 怜悯, 慰问, 吊唁",B2,,,,
incredibly,incredibly,/in'kredәbli/,adv.,adv. 不能相信地,B1,,,,
fisherman,fisherman,/'fiʃәmәn/,n.,"n. 渔夫, 钓鱼者, 渔船",Beyond C1,,,,
eleven,eleven,/i'levn/,num.,"num. 十一, 十一个",A1,,,,
isolation,isolation,/.aisә'leiʃәn/,n.,"n. 隔绝, 孤立, 隔离",C1,,,,
sock,sock,/sɒk/,vt./vi./n./adv.,"n. 短袜, 鞋垫, 一击；vt. 重击, 猛投, 给...穿袜；vi. 打击；adv. 正着地, 不偏不倚地；a. 非常成功的",A2,,,,
sexy,sexy,/'seksi/,,"a. 有性感的, 色情的",B2,,,,
entrepreneur,entrepreneur,/.ɒntrәprә'nә:/,n.,"n. 企业家, 主办人",B2,,,,
syndrome,syndrome,/'sindrәum/,n.,"n. 并发症状, 综合征, 同时存在的事物",C1,,,,
workplace,workplace,,n.,"n. 工作场所, 工厂, 车间",B2,,,,
ambition,ambition,/æm'biʃәn/,n.,"n. 野心, 志向",B1,,,,
breeze,breeze,/bri:z/,vi./n.,"n. 微风, 煤屑, 轻而易举的事；vi. 吹微风, 逃走",Beyond C1,,,,
touchdown,touchdown,/'tʌtʃdaun/,n.,"n. 触地, 触地得分, 着地",Beyond C1,,,,
costly,costly,/'kɒstli/,,"a. 昂贵的, 奢华的, 费用大的",C1,,,,
ambitious,ambitious,/æm'biʃәs/,,"a. 有野心的, 抱负不凡的, 雄心勃勃的",B2,,,,
presumably,presumably,/pri'zu:mәbli/,adv.,"adv. 推测上, 大概",C1,,,,
influential,influential,/.infu'enʃәl/,,"a. 有影响的, 有势力的",C1,,,,
translation,translation,/træns'leiʃәn/,n.,"n. 翻译, 译文, 转化, 调任, 平移, 转译",B1,,,,
uncertain,uncertain,/.ʌn'sә:tn/,,"a. 不确定的, 无常的, 不确信的, 不可预测的",Beyond C1,,,,
statistical,statistical,/stә'tistikl/,,"a. 统计的, 统计上的, 统计学的",C1,,,,
metropolitan,metropolitan,/.metrә'pɒlitn/,n.,"n. 大都市居民, 都主教, 宗主国的公民；a. 大都市的, 都主教区的, 宗主国的",Beyond C1,,,,
dissolve,dissolve,/di'zɒlv/,v.,"v. 溶解, 解散",C1,,,,
aesthetic,aesthetic,/i:s'θetik/,,"a. 美学的, 审美的, 有美感的",C1,,,,
gut,gut,/gʌt/,vt./n.,"n. 剧情, 内容, 内脏, 肚子, 海峡, 勇气；vt. 取出内脏, 毁坏...的内部",C1,,,,
rolling,roll,/'rәuliŋ/,n.,"a. 旋转的, 波动的, 起伏的；n. 旋转, 轰响, 动摇",B1,,,,
spell,spell,/spel/,vt./vi./n.,"n. 符咒, 魅力, 轮值, 轮班, 工作时间, 一次发作；vt. 拼写, 拼成, 琢磨, 理解, 招致, 轮换, 迷住；vi. 轮换, 拼字",A1,,,,
booth,booth,/bu:θ/,n.,"n. 亭, 摊棚",Beyond C1,,,,
insert,insert,/in'sә:t/,vt./vi./n.,"n. 插入物；vt. 插入, 把(人造卫星)射入(轨道), 添写；vi. 附着",B2,,,,
expected,expect,,,a. 预期的；预料的,B1,,,,
helmet,helmet,/'helmit/,vt./n.,"n. 钢盔, 盔, 防护帽；vt. 给...戴头盔",B2,,,,
waist,waist,/weist/,n.,"n. 腰部, 腰",Beyond C1,,,,
lion,lion,/'laiәn/,n.,"n. 狮子, 狮子(星)座, 国际狮子会会员",A1,,,,
royal,royal,/'rɒiәl/,n.,"n. 王室, 皇族；a. 王室的, 皇家的, 盛大的, 庄严的",B1,,,,
actively,actively,/'æktivli/,adv.,"adv. 活跃地, 积极地",Beyond C1,,,,
accomplishment,accomplishment,/ә'kʌmpliʃmәnt/,n.,"n. 成就, 完成",C1,,,,
panic,panic,/'pænik/,vt./vi./n.,"n. 恐慌, 惊慌；a. 惊慌的, 没有理由的, 恐慌的；vt. 使惊慌, 使狂热；vi. 惊慌",B2,,,,
crush,crush,/krʌʃ/,vt./vi./n.,"n. 压碎, 粉碎, 群众, 迷恋；vt. 压破, 征服, 塞, 弄皱, 榨出；vi. 被压碎, 起皱, 挤",C1,,,,
cliff,cliff,/klif/,n.,"n. 悬崖, 绝壁",B2,,,,
minimal,minimal,/'miniml/,,"a. 最小的, 极微的, 最小限度的",C1,,,,
cord,cord,/kɒ:d/,n.,"n. 绳索, 束缚",Beyond C1,,,,
cocaine,cocaine,/kә'kein/,n.,"n. 可卡因, 古柯碱",Beyond C1,,,,
fortunately,fortunately,/'fɒitʃәnitli/,adv.,"adv. 幸运地, 幸亏",A2,,,,
illusion,illusion,/i'lju:ʒәn/,n.,"n. 幻影, 错觉, 幻想",B2,,,,
anonymous,anonymous,/ә'nɒnimәs/,,"a. 姓氏不详的, 无名的, 无特色的",C1,,,,
tolerate,tolerate,/'tɒlәreit/,vt.,"vt. 宽容, 容许, 有耐力",C1,,,,
commissioner,commissioner,/kә'miʃәnә/,n.,"n. 委员, 理事, 行政长官",C1,,,,
appreciation,appreciation,/ә.pri:ʃi'eiʃәn/,n.,"n. 感激, 赏识, 鉴别",C1,,,,
flexibility,flexibility,/.fleksi'biliti/,n.,"n. 弹性, 适应性",C1,,,,
instructional,instructional,/in'strʌkʃәnәl/,,"a. 教学的, 教育的",Beyond C1,,,,
casino,casino,/kә'si:nәu/,n.,"n. 卡西诺赌场, 卡西诺牌戏",C1,,,,
scramble,scramble,/'skræmbl/,vt./vi./n.,"n. 攀缘, 爬行, 抢夺, 混乱, 紧急起飞；vi. 攀缘, 杂乱蔓延, 争夺, 拼凑, 匆忙；vt. 攀登, 扰乱, 使混杂",Beyond C1,,,,
decorate,decorate,/'dekәreit/,v.,v. 装饰,B2,,,,
equivalent,equivalent,/i'kwivәlәnt/,n.,"n. 同等物, 等价物, 相等物；a. 相等的, 相当的, 同意义的",B2,,,,
pulse,pulse,/pʌls/,vt./vi./n.,"n. 脉冲, 脉搏, 情绪, 意向, 拍子, 豆类；vi. 跳动, 脉跳；vt. 使跳动, 用脉冲调制",C1,,,,
fixed,fix,/fikst/,,"a. 固定的, 不变的",B1,,,,
experienced,experience,/ik'spiәriәnst/,,"a. 富有经验的, 老练的, 熟练的",B1,,,,
diary,diary,/'daiәri/,n.,n. 日记,A2,,,,
momentum,momentum,/mәu'mentәm/,n.,"n. 动力, 动量",C1,,,,
donation,donation,/dәu'neiʃәn/,n.,"n. 捐赠物, 捐款, 捐赠",B2,,,,
sibling,sibling,/'sibliŋ/,n.,"n. 兄弟, 同胞",B2,,,,
irony,irony,/'aiәrәni/,n.,"n. 反语, 讽刺, 具有讽刺意味的事",C1,,,,
spoon,spoon,/spu:n/,vt./n.,"n. 匙, 调羹, 匙形工具；vt. 以匙舀起, 调情, 使成匙状",A2,,,,
alley,alley,/'æli/,n.,"n. 小路, 巷",Beyond C1,,,,
interact,interact,/.intәr'ækt/,vi./n.,"vi. 互相影响, 交互作用；n. 幕间剧, 幕间休息",B2,,,,
midst,midst,/midst/,n./prep.,n. 中间；prep. 在...中间,C1,,,,
soap,soap,/sәup/,vt./n.,"n. 肥皂, 阿谀；vt. 以肥皂洗, 阿谀",A2,,,,
cute,cute,/kju:t/,,"a. 可爱的, 聪明的, 伶俐的",B2,,,,
rival,rival,/'raivl/,n.,"n. 对手, 竞争者；a. 竞争的",B2,,,,
pin,pin,/pin/,vt./n.,"n. 大头针, 针, 别针, 栓, 销子, 图钉, 插头, 管脚, 品(液量单位)；vt. 将...用针别住, 钉住, 压住, 牵制, 使不能动, 归罪于；a. 针的, 销子的, 闩的",B1,,,,
punch,punch,/pʌntʃ/,vt./vi./n.,"n. 打洞器, 钻孔机, 冲压机, 冲床, 潘趣酒；vt. 以拳重击, 开洞, 冲压；vi. 用拳猛击",C1,,,,
hockey,hockey,/'hɒki/,n.,"n. 冰球, 曲棍球",A2,,,,
passing,pass,/'pæsiŋ/,n.,"n. 通过, 逝去, 死, 流逝；a. 经过的, 流逝的, 目前的, 短暂的, 及格的, 仓促的",C1,,,,
persist,persist,/pә'sist/,vi.,"vi. 坚持, 固执, 持续, 坚称",C1,,,,
supplier,supplier,/sә'plaiә/,n.,"n. 供应者, 供给国, 供应商",Beyond C1,,,,
known,know,/nәun/,,"a. 已知的, 有名的；know的过去分词",A1,,,,
icon,icon,/'aikɒn/,n.,"n. 画像, 肖像, 偶像, 图标, 像标",B2,,,,
elephant,elephant,/'elifәnt/,n.,n. 象,A1,,,,
shed,shed,/ʃed/,vt./vi./n.,"n. 车棚, 小屋, 脱落之物, 分水岭；vt. 使流出, 放射, 脱落, 散发, 摆脱；vi. 流出, 散布, 脱落",C1,,,,
franchise,franchise,/'fræntʃaiz/,vt./n.,"n. 公民权, 特权, 特许经营权, 免赔额；vt. 给以特权, 给以...公民权",C1,,,,
purse,purse,/pә:s/,v./n.,"n. 钱包, 小钱袋, 金钱, 募捐款, 囊状物；v. 缩拢, 皱起",Beyond C1,,,,
foster,foster,/'fɒstә/,vt.,"a. 收养的, 养育的；vt. 养育, 抚育, 培养, 鼓励, 抱(希望)",C1,,,,
liquid,liquid,/'likwid/,n.,"n. 液体, 流体, 流音；a. 液体的, 透明的, 明亮的, 流动的, 易变的",B1,,,,
legislature,legislature,/'ledʒisleitʃә/,n.,"n. 立法机关, 议会, 立法院",C1,,,,
consequently,consequently,/'kɒnsikwәntli/,adv.,adv. 所以,B2,,,,
correctly,correctly,/kә'rektli/,adv.,"adv. 对, 正确, 恰当, 符合一般性准则, 符合行为准则, 端正, 符合",A2,,,,
mentally,mentally,/'mentli/,adv.,"adv. 心理上, 精神上, 智力上",Beyond C1,,,,
bicycle,bicycle,/'baisikl/,n.,n. 自行车,A1,,,,
encouraging,encourage,/in'kʌridʒiŋ/,,"a. 鼓励的, 促进的",C1,,,,
cheat,cheat,/tʃi:t/,v./n.,"n. 欺骗, 作弊, 骗子；v. 欺骗, 逃脱, 骗取",B1,,,,
filter,filter,/'filtә/,vt./vi./n.,"n. 滤波器, 过滤器, 滤光器, 过滤嘴, 去尘器；vt. 过滤, 渗透, 走漏；vi. 滤过, 渗入",C1,,,,
heal,heal,/hi:l/,vt./vi.,"vi. 痊愈；vt. 使复原, 使和解, 治愈",B2,,,,
fever,fever,/'fi:vә/,n.,"n. 发烧, 发热, 热病",A2,,,,
rabbit,rabbit,/'ræbit/,vt./vi./n.,n. 兔子；vi. 猎兔；vt. 让...见鬼去,Beyond C1,,,,
exploit,exploit,/'eksplɒit/,vt./n.,"n. 功绩, 勋绩；vt. 开发, 利用, 开拓, 剥削",B2,,,,
organism,organism,/'ɒ:gәnizm/,n.,"n. 生物, 有机体, 社会组织",Beyond C1,,,,
coin,coin,/kɒin/,vt./n.,"n. 硬币, 金钱, 货币；vt. 铸币, 创造, 杜撰",B1,,,,
accessible,accessible,/әk'sesәbl/,,"a. 易接近的, 可进入的, 可使用的, 易受影响的, 可理解的",C1,,,,
gop,gop,,,abbr. 大老党（美国共和党的别称）（Grand Old Party）；地面观测站（Ground Observation Post）,Beyond C1,,,,
sensation,sensation,/sen'seiʃәn/,n.,"n. 感觉, 轰动",C1,,,,
partially,partially,/'pɑ:ʃәli/,adv.,"adv. 部分地, 一部分地, 不公平地",C1,,,,
upstairs,upstairs,/'ʌp'stєәz/,n./adv.,"a. 楼上的；adv. 在楼上, 向楼上, 处于更高地位；n. 楼层",A1,,,,
dried,dry,/draid/,,a. 弄干了的,A2,,,,
shove,shove,/ʃʌv/,vt./vi./n.,"n. 推, 挤；vt. 推挤, 猛推, 强使；vi. 推",Beyond C1,,,,
charter,charter,/'tʃɑ:tә/,vt./n.,"n. 特许状, 执照, 宪章；vt. 特许, 发给特许执照",C1,,,,
backyard,backyard,/'bæk'jɑ:d/,n.,"n. 后院, 后庭",Beyond C1,,,,
stove,stove,/stәuv/,vt./n.,"n. 火炉, 窑；vt. 用火炉烤；stave的过去式和过去分词",A2,,,,
alike,alike,/ә'laik/,adv.,"a. 相似的, 同样的；adv. 一样, 以同样的方式",C1,,,,
reminder,reminder,/ri'maindә/,n.,"n. 提醒的人, 暗示",C1,,,,
consent,consent,/kәn'sent/,vi./n.,"n. 同意, 许可；vi. 同意, 赞同",C1,,,,
comprise,comprise,/kәm'praiz/,vt.,"vt. 包含, 构成",B2,,,,
grandchild,grandchild,/'^rændtʃaild/,n.,"n. 孙, 外孙女, 外孙, 孙女, 孙子",Beyond C1,,,,
placement,placement,/'pleismәnt/,n.,"n. 放置, 布置, 工作安排, 编班, 定位球",B2,,,,
dough,dough,/dәu/,n.,n. 生面团,Beyond C1,,,,
ecological,ecological,/.i:kә'lɒdʒikәl/,,"a. 生态学的, 主张生态保护的",C1,,,,
reportedly,reportedly,/ri'pɒ:tidli/,adv.,"adv. 根据传说, 根据传闻, 据报道",C1,,,,
surrounding,surround,/sә'raundiŋ/,n.,n. 环境；a. 周围的,B2,,,,
dam,dam,/dæm/,v./n.,"n. 水坝, 障碍；v. 控制, 筑坝",C1,,,,
outfit,outfit,/'autfit/,vt./vi./n.,"n. 用具, 配备, 机构；vt. 配备, 供应；vi. 得到装备",B2,,,,
unprecedented,unprecedented,/.ʌn'presidentid/,,a. 空前的,C1,,,,
columnist,columnist,/'kɒlәmist/,n.,n. 专栏作家,C1,,,,
workout,workout,/'wә:kaut/,n.,"n. 试验, 试用, 锻炼",C1,,,,
preliminary,preliminary,/pri'liminәri/,n.,"n. 初步做法, 初步措施, 预试, 预选赛；a. 初步的, 开始的, 预备的",C1,,,,
patent,patent,/'pætnt. 'peitnt/,vt./n.,"n. 专利权, 许可证, 执照, 专利品, 素质；a. 专利的, 特许的, 显著的, 新奇的；vt. 取得...的专利权, 请准专利",C1,,,,
shy,shy,/ʃai/,vt./vi./n.,"n. 惊跳, 惊避；a. 胆怯的, 畏缩的, 迟疑的, 羞怯的；vi. 惊退, 乱投, 乱掷, 厌恶, 避开；vt. 乱投, 乱掷",B1,,,,
trash,trash,/træʃ/,vt./n.,"n. 垃圾, 废物；vt. 丢弃",A2,,,,
gross,gross,/grәus/,vt./n.,"n. 总数, 总量；a. 总共的, 未打折扣的, 恶劣的, 粗野的；vt. 总共收入",C1,,,,
pencil,pencil,/'pensl/,vt./n.,"n. 铅笔, 色笔, 眉笔, 画笔, 光线束；vt. 用铅笔写或涂, 草拟",A1,,,,
disabled,disabled,/dis'eibld/,,"a. 残废的, 有缺陷的, 失效的",B2,,,,
texture,texture,/'tekstʃә/,n.,"n. (织物的)密度, (材料等的)结构, 纹理",C1,,,,
damn,damn,/dæm/,vt./vi./n.,"n. 一点, 诅咒, 丝毫；interj. 该死, 该死的；vt. 诅咒, 罚...下地狱；vi. 指责, 谴责, 骂...该死, 证明...有罪",Beyond C1,,,,
frontier,frontier,/'frʌntjә/,n.,"n. 边界, 边境",Beyond C1,,,,
hormone,hormone,/'hɒ:mәun/,n.,n. 荷尔蒙,Beyond C1,,,,
spray,spray,/sprei/,vt./vi./n.,"n. 水沫, 浪花, 水花, 喷雾, 喷雾器, 小树枝；vt. 喷雾, 扫射, 喷射；vi. 喷, 溅开",Beyond C1,,,,
disclose,disclose,/dis'klәuz/,vt.,"vt. 揭露, 透露",C1,,,,
banker,banker,/'bæŋkә/,n.,"n. 银行家, 庄家",A1,,,,
caller,caller,/'kɒ:lә/,n.,"n. 访客, 召集员, 传唤员；a. 新鲜的",A1,,,,
custody,custody,/'kʌstәdi/,n.,"n. 监护, 拘留, 监禁",C1,,,,
oak,oak,/әuk/,n.,"n. 橡树, 橡木；a. 橡木制的",Beyond C1,,,,
interfere,interfere,/.intә'fiә/,vi.,"vi. 妨碍, 冲突, 干涉, 抵触",C1,,,,
eighth,eighth,/eitθ/,num.,"num. 第八, 八分之一",Beyond C1,,,,
notebook,notebook,/'nәutbuk/,n.,"n. 笔记本, 手册, 期票簿",B2,,,,
beast,beast,/bi:st/,n.,"n. 畜生, 动物, 野兽, 兽性",C1,,,,
outline,outline,/'autlain/,vt./n.,"n. 大纲, 轮廓, 概要；vt. 描画轮廓, 描述要点；n. 大纲, 分级, 轮廓",B2,,,,
speculation,speculation,/.spekju'leiʃәn/,n.,"n. 沉思, 推测, 投机",B2,,,,
ray,ray,/rei/,vt./vi./n.,"n. 光线, 射线, 闪烁, 光辉；vi. 射出光线, 浮现, 放射光线；vt. 放射, 显出",C1,,,,
uncover,uncover,/.ʌn'kʌvә/,vt./vi.,"vt. 揭露, 揭开, 暴露, 脱帽致敬；vi. 脱帽致敬, 揭去盖子",Beyond C1,,,,
attendance,attendance,/ә'tendәns/,n.,"n. 出席, 出席的人数, 照料",C1,,,,
behalf,behalf,/bi'hɑ:f/,n.,"n. 利益, 方面",C1,,,,
innovative,innovative,/'inәjveitiv/,,"a. 革新的, 创新的, 富有革新精神的",B2,,,,
installation,installation,/.instә'leiʃәn/,n.,"n. 安装, 装置, 就职",B2,,,,
shark,shark,/ʃɑ:k/,v./n.,"n. 鲨鱼, 骗子；v. 诈骗",Beyond C1,,,,
mill,mill,/mil/,vt./vi./n.,"n. 压榨机, 磨坊, 制造厂；vt. 碾磨, 磨细, 搅拌, 使乱转；vi. 乱转, 被碾磨",C1,,,,
stimulate,stimulate,/'stimjuleit/,vt./vi.,"vt. 刺激, 激励, 鼓舞；vi. 起刺激作用",B2,,,,
swimming,swim,/'swimiŋ/,n.,"n. 游泳, 眩晕",A1,,,,
tag,tag,/tæg/,vt./vi./n.,"n. 标签, 附属物, 碎片, 结束语, 口头禅, 附加语, 浑名, 标记, 标记符；vt. 附以签条, 尾随, 添饰, 起浑名, 连接；vi. 紧紧跟随",B2,,,,
catalog,catalog,/'kætәlɒg/,vt./n.,"n. 目录, 大学概况手册；vt. 编目录",C1,,,,
outsider,outsider,/' aut'saidә/,n.,"n. 外人, 局外人, 非会员, 外行, 门外汉, 比赛中获胜可能性不大的选手",C1,,,,
fleet,fleet,/fli:t/,vt./vi./n./adv.,"n. 舰队, 港湾, 小河；a. 快速的, 敏捷的, 浅的, 短暂的；adv. 浅；vi. 疾驰, 飞逝, 掠过；vt. 消磨, 变换船(或船员)的位置",C1,,,,
stance,stance,/stæns/,n.,"n. 准备击球姿势, 站立的姿势, 位置, 姿态",B2,,,,
vertical,vertical,/'vә:tikl/,,"a. 垂直的, 直立的",B2,,,,
compel,compel,/kәm'pel/,vt.,"vt. 强迫, 迫使",C1,,,,
desperately,desperately,/'despәrәtli/,adv.,adv. 拼命地；绝望地；极度地,B2,,,,
someday,someday,/'sʌmdei/,adv.,adv. 有一天,Beyond C1,,,,
sensitivity,sensitivity,/.sensә'tiviti/,n.,"n. 敏感, 灵敏度",C1,,,,
instant,instant,/'instәnt/,n.,"n. 立即, 瞬间；a. 紧急的, 立即的, 即时的",B2,,,,
proclaim,proclaim,/prә'kleim/,vt.,"vt. 宣布, 公告, 宣言, 表明, 赞扬",C1,,,,
debut,debut,/'deibju:/,v./n.,"n. 初次登台, 开张；v. 初次登台",C1,,,,
hike,hike,/haik/,vt./vi./n.,"n. 徒步旅行, 远足, 涨价, 提高；vi. 步行, 徒步旅行, 上升；vt. 使高涨, 拉起",Beyond C1,,,,
worldwide,worldwide,/'wә:ldwaid/,,a. 全世界的,B1,,,,
trainer,trainer,/'treinә/,n.,"n. 训练员, 驯马师",B1,,,,
confrontation,confrontation,/.kɔnfrʌn'teiʃәn/,n.,n. 对抗；对质；面对,C1,,,,
scent,scent,/sent/,vt./vi./n.,"n. 气味, 香味, 香水, 踪迹, 痕迹, 线索, 嗅觉；vt. 闻出, 嗅, 发觉, 使充满气味；vi. 嗅猎, 发出气味",Beyond C1,,,,
colorful,colorful,/'kʌlәful/,,"a. 华美的, 富有色彩的, 有趣的",B2,,,,
required,require,/ri'kwaiәd/,,a. 必需的,B1,,,,
thanksgiving,thanksgiving,/'θæŋks.giviŋ/,n.,n. 感谢,Beyond C1,,,,
eyebrow,eyebrow,/'aibrau/,n.,n. 眉毛,Beyond C1,,,,
stack,stack,/stæk/,vt./vi./n.,"n. 堆叠, 堆, 大量, 书库, 枪架, 烟囱, 堆积, 存贮栈；vt. 堆积, 堆满, 暗中对...做手脚；vi. 堆起",Beyond C1,,,,
sack,sack,/sæk/,vt./n.,"n. 麻布袋, 洗劫；vt. 把...装入袋, 洗劫",Beyond C1,,,,
organizational,organizational,/.ɒ:gәnai'zeiʃәnәl/,,a. 组织的,C1,,,,
tray,tray,/trei/,n.,"n. 托盘, 公文盘, 满盘, 发射箱",Beyond C1,,,,
cease,cease,/si:s/,v./n.,"n. 停止；v. 停止, 终了",C1,,,,
inherit,inherit,/in'herit/,vt./vi.,"vt. 继承, 遗传；vi. 接受遗产",B2,,,,
pioneer,pioneer,/.paiә'niә/,vt./vi./n.,"n. 先锋, 拓荒者, 创始人；vt. 提倡, 开辟, 开创, 倡导；vi. 作先驱, 开路；a. 最早的, 开拓的, 先驱的, 有开拓者特点的",C1,,,,
textbook,textbook,/'tekstbuk/,n.,n. 教科书,B2,,,,
shrink,shrink,/ʃriŋk/,vt./vi./n.,"n. 收缩, 萎缩, 回避；vi. 收缩, 退缩, 萎缩, 缩小, 回避；vt. 使收缩, 使缩小",C1,,,,
illustration,illustration,/.ilә'streiʃәn/,n.,"n. 例证, 插图",B2,,,,
nasty,nasty,/'nɑ:sti/,,"a. 污秽的, 下流的, 险恶的",B2,,,,
emerging,emerge,,,"[法] 出现的, 发生的, 形成的",B2,,,,
uh,uh,/ʌn. әn/,int.,int. 嗯啊,Beyond C1,,,,
wheat,wheat,/hwi:t/,n.,n. 小麦,B2,,,,
dot,dot,/dɒt/,vt./vi./n.,"n. 点, 圆点, 小数点, 小东西, 嫁妆；vt. 作小点记号, 加小点于；vi. 打上点",B2,,,,
rational,rational,/'ræʃәnl/,n.,"a. 理性的, 合理的；n. 有理数",C1,,,,
fierce,fierce,/fiәs/,,"a. 凶猛的, 猛烈的, 热烈的, 暴躁的",C1,,,,
envision,envision,/in'viʒәn/,vt.,"vt. 想象, 预想",Beyond C1,,,,
aisle,aisle,/ail/,n.,"n. 走廊, 侧廊, 过道",Beyond C1,,,,
protocol,protocol,/'prәutәkɒl/,v./n.,"n. 草案, 礼仪, 协议；v. 拟定",C1,,,,
weaken,weaken,/'wi:kәn/,vt./vi.,"vt. 削弱, 减弱, 使虚弱；vi. 变弱, 变软弱",C1,,,,
kingdom,kingdom,/'kiŋdәm/,n.,"n. 王国, 领域",C1,,,,
vocal,vocal,/'vәukl/,n.,"a. 嗓音的, 声音的, 有声的, 歌唱的；n. 元音, 声乐作品",C1,,,,
exclusively,exclusively,/ik'sklu:sivli/,adv.,"adv. 排他地, 仅仅, 专门, 只, 仅, 唯一地, 专有地",C1,,,,
marketplace,marketplace,/'mɑ:kit'pleis/,n.,n. 市场,C1,,,,
openly,openly,/'әjpәnli/,adv.,"adv. 公开地, 坦率地, 直率地, 公然地",B2,,,,
terrain,terrain,/'terein/,n.,"n. 地带, 地区, 地形, 领域, 范围",C1,,,,
unfair,unfair,/.ʌn'fєә/,,"a. 不公平的, 不正直的, 不正当的",B1,,,,
risky,risky,/'riski/,,a. 危险的,B2,,,,
deploy,deploy,/di'plɒi/,v.,"v. 展开, 配置",C1,,,,
genre,genre,/'ʒɒŋrә/,n.,"n. 类型, 流派",B2,,,,
pasta,pasta,/'pæstә/,n.,n. 意大利面食,Beyond C1,,,,
distract,distract,/dis'trækt/,vt.,"vt. 转移, 分心, 使发狂",B2,,,,
depressed,depressed,/di'prest/,,"a. 沮丧的, 降低的",B2,,,,
planner,planner,/'plænә/,n.,"n. 计划者, 设计者, 安排者",Beyond C1,,,,
merit,merit,/'merit/,vt./vi./n.,"n. 优点, 功绩, 价值, 功过, 真相；vt. 值得；vi. 应受",C1,,,,
chunk,chunk,/tʃʌŋk/,n.,"n. 大块, 矮胖的人(或物)",C1,,,,
closest,close,,,a. 最靠近的（close的最高级）,A1,,,,
discount,discount,/'diskaunt/,vt./vi./n.,"n. 折扣, 贴现率；vt. 打折扣；vi. 贴现",B1,,,,
ladder,ladder,/'lædә/,vi./n.,"n. 梯, 梯状物, 发迹的途径；vi. 袜子抽丝, 成名",B2,,,,
jungle,jungle,/'dʒʌŋgl/,n.,"n. 丛林, 杂乱的一堆, 弱肉强食的地方",Beyond C1,,,,
breathing,breathe,/'bri:ðiŋ/,n.,"n. 呼吸, 瞬间, 微风；a. 呼吸的, 逼真的",B1,,,,
migration,migration,/mai'greiʃәn/,n.,"n. 移民, 移往, 移动",C1,,,,
invade,invade,/in'veid/,vt.,"vt. 侵入, 拥入, 侵略, 侵袭",B2,,,,
retailer,retailer,/'ri:teilә/,n.,"n. 零售商人, 传播的人",B2,,,,
hurricane,hurricane,/'hә:rikәn/,n.,"n. 飓风, 暴风, 暴风雨",B1,,,,
density,density,/'densiti/,n.,n. 密度,C1,,,,
coup,coup,/'ku:/,n.,"n. 砰然的一击, 妙计, 出乎意料的行动, 政变",C1,,,,
classify,classify,/'klæsifai/,vt.,"vt. 分类, 归类, 分等",B2,,,,
curiosity,curiosity,/.kjuәri'ɒsiti/,n.,"n. 好奇心, 新奇的事物, 珍品",C1,,,,
skip,skip,/skip/,vt./vi./n.,"n. 跳跃, 跳读；vi. 跳越, 跳读, 跳绳, 遗漏, 跳级；vt. 跳过, 遗漏",C1,,,,
ambassador,ambassador,/æm'bæsәdә/,n.,n. 大使,C1,,,,
aggression,aggression,/ә'greʃәn/,n.,"n. 侵犯, 侵略",C1,,,,
supportive,supportive,/sә'pɔ:tiv/,,"a. 支撑, 支承, 资助, 赞助, 支援, 经受, 忍受, 扶养, 证实, 鼓励, 维持, 伴奏",C1,,,,
robot,robot,/'rәubәt/,n.,"n. 机械人, 自动机械, 机械般工作的人",B1,,,,
journalism,journalism,/'dʒә:nәlizm/,n.,"n. 新闻业, 报章杂志",B2,,,,
stimulus,stimulus,/'stimjulәs/,n.,"n. 刺激, 激励, 刺激品",C1,,,,
persian,persian,/'pә:ʃәn/,n.,"n. 波斯人, 波斯语",Beyond C1,,,,
ecosystem,ecosystem,/'i:kәu.sistәm/,n.,n. 生态系统,Beyond C1,,,,
informal,informal,/in'fɒ:mәl/,,"a. 非正式的, 不拘礼的, 通俗的",A2,,,,
likewise,likewise,/'laikwaiz/,adv.,"adv. 同样地, 也",B2,,,,
feather,feather,/'feðә/,vt./vi./n.,n. 羽毛；vi. 长羽毛；vt. 用羽毛装饰,B2,,,,
dip,dip,/dip/,v./n.,"v. 浸, 降下, 把(手、勺等)伸入, 舀取；n. 浸, 涉猎",C1,,,,
sphere,sphere,/sfiә/,vt./n.,"n. 球, 球面, 球体, 天体, 地球仪, 范围；vt. 包围, 使成球体, 放入球内",C1,,,,
boast,boast,/bәust/,vt./vi./n.,"n. 吹牛；vi. 吹牛, 自夸；vt. 夸口说, 自恃有",C1,,,,
sole,sole,/sәul/,vt./n.,"n. 脚掌, 鞋底, 底部；a. 唯一的, 仅有的, 单独的, 独身的；vt. 上鞋底, 触底",C1,,,,
tighten,tighten,/'taitn/,vt./vi.,"vt. 勒紧, 使变紧；vi. 变紧, 绷紧",C1,,,,
perceived,perceive,/pə'siːvd/,v.,v. 感觉( perceive的过去式和过去分词 ); 视为; 认为; 理解为,B2,,,,
pat,pat,/pæt/,v./n./adv.,"n. 轻拍；v. 轻拍；adv. 适时, 正好, 恰好, 毫不迟疑, 熟记地；a. 恰好的, 合适的, 熟练的, 坚定的, 人为的",Beyond C1,,,,
publicity,publicity,/pʌb'lisiti/,n.,"n. 名声, 宣传, 公开场合",B2,,,,
unfold,unfold,/.ʌn'fәuld/,vt./vi.,"vt. 展开, 打开, 披露, 开展, 挑明；vi. 伸展, 开花, 呈现",B2,,,,
validity,validity,/vә'liditi/,n.,"n. 有效性, 正确性",C1,,,,
strictly,strictly,/'striktli/,adv.,"adv. 严格地, 确实地",B2,,,,
weed,wee,/wi:d/,vt./vi./n.,"n. 杂草, 野草；vi. 除草；vt. 除...的草, 剔除",C1,,,,
partial,partial,/'pɑ:ʃәl/,n.,"a. 部分的, 偏袒的, 偏爱的；n. 分音",C1,,,,
compliance,compliance,/kәm'plaiәns/,n.,"n. 遵从, 顺从, 屈从",C1,,,,
collar,collar,/'kɒlә/,vt./n.,"n. 衣领, 颈圈；vt. 控制, 扭住衣领, 给...装上领子",Beyond C1,,,,
builder,builder,/'bildә/,n.,n. 建立者,A1,,,,
added,add,/'ædid/,,a. 额外的；更多的,A1,,,,
supposedly,supposedly,/sә'pәuzidli/,adv.,"adv. 想象上, 看上去像, 被认为是, 恐怕, 按照推测",C1,,,,
streak,streak,/stri:k/,vt./vi./n.,"n. 条理, 斑纹, 倾向；vt. 加条纹；vi. 变成条纹, 飞跑",Beyond C1,,,,
specialty,specialty,/'speʃәlti/,n.,"n. 专业, 专长, 特产, 特制品, 特性, 特点；a. 专门的, 独立的",Beyond C1,,,,
deem,deem,/di:m/,v.,"v. 认为, 相信",C1,,,,
glimpse,glimpse,/glimps/,vt./vi./n.,"n. 一瞥, 一闪；vi. 投以一瞥, 闪烁不定；vt. 瞥见",C1,,,,
premise,premise,/'premis/,vt./vi./n.,"n. 前提, 房屋连地基, 上述各项；vt. 预先提出, 引出, 作为...的前提；vi. 作出前提",C1,,,,
sneak,sneak,/sni:k/,vt./vi./n.,"vi. 鬼鬼祟祟做事；vt. 偷偷地做；n. 鬼鬼祟祟的人, 偷偷摸摸的行为, 帆布胶底运动鞋；a. 暗中进行的",Beyond C1,,,,
monkey,monkey,/'mʌŋki/,vt./vi./n.,"n. 猴子, 猿, 打桩锤；vi. 淘气, 胡闹；vt. 嘲弄",A2,,,,
oscar,oscar,/'ɔskә/,n.,"n. 奥斯卡金像奖, 钱, 现金",Beyond C1,,,,
artifact,artifact,/'ɑ:tifækt/,n.,n. 人工制品,Beyond C1,,,,
listener,listener,/'lisnә/,n.,"n. 收听者, 听众",A2,,,,
mentor,mentor,/'mentɔ:/,n.,"n. 指导者, 良师益友",C1,,,,
lightning,lightning,/'laitniŋ/,vi./n.,n. 闪电；vi. 闪电；a. 闪电的,Beyond C1,,,,
legally,legally,/'li:gәli/,adv.,"adv. 法律上, 合法地",Beyond C1,,,,
excessive,excessive,/ik'sesiv/,,"a. 过度的, 过多的, 极端的",B2,,,,
memorial,memorial,/mi'mɒ:riәl/,n.,"n. 纪念物, 请愿书；a. 记念的, 记忆的",C1,,,,
disturb,disturb,/dis'tә:b/,vt.,"vt. 扰乱, 妨碍, 使不安",B2,,,,
disappointment,disappointment,/.disә'pɒintmәnt/,n.,n. 失望,B2,,,,
sleeve,sleeve,/sli:v/,vt./n.,"n. 袖子, 套管；vt. 缝上袖子",Beyond C1,,,,
rib,rib,/rib/,vt./n.,"n. 肋骨, 肋状物, 笑话；vt. 装肋状物于, 戏弄",Beyond C1,,,,
logical,logical,/'lɒdʒikәl/,,"a. 合乎逻辑的, 合理的",B2,,,,
parish,parish,/'pæriʃ/,n.,"n. 教区, 堂区",Beyond C1,,,,
debris,debris,/'deibri:/,n.,"n. 碎片, 残骸",C1,,,,
socially,socially,/'sәuʃәli/,adv.,"adv. 在社会上, 在社交上, 以社会生活方式",Beyond C1,,,,
slavery,slavery,/'sleivәri/,n.,"n. 奴隶的身分, 奴隶状态, 奴隶制度",C1,,,,
rod,rod,/rɒd/,n.,"n. 竿, 笞鞭, 小枝",C1,,,,
ash,ash,/æʃ/,n.,"n. 灰, 灰烬",C1,,,,
blank,blank,/blæŋk/,vt./vi./n.,"n. 空格, 空白；a. 空白的, 空虚的, 完全的, 无色的；vi. 消失, 成为空白；vt. 使无效, 取消, 封锁",A2,,,,
cure,cure,/kjuә/,vt./vi./n.,"n. 治疗, 治愈, 治疗法；vt. 治疗, 治愈, 改正, 腌制, 加工处理, 使硫化；vi. 受治疗, 被加工处理, 被硫化",B2,,,,
faster,fast,,,[计] 加快,A1,,,,
commodity,commodity,/kә'mɒditi/,n.,"n. 农产品, 商品, 有用的物品",C1,,,,
dying,die,/'daiiŋ/,,a. 垂死的,A1,,,,
saint,saint,/seint/,n.,"n. 圣徒, 圣人；a. 神圣的",C1,,,,
mineral,mineral,/'minәrәl/,n.,"n. 矿物, 无机物, 苏打水；a. 矿物的, 似矿物的",B2,,,,
hunger,hunger,/'hʌŋgә/,vt./vi./n.,"n. 饥饿, 渴望, 饥荒；vt. 使挨饿；vi. 挨饿, 渴望",B2,,,,
spare,spare,/spєә/,vt./vi./n.,"n. 剩余, 备用品, 备件, 备用零件, 备用轮胎；a. 多余的, 备用的, 空闲的, 节约的, 瘦的；vi. 节约, 省掉, 宽恕；vt. 节约, 省用, 剩下, 饶恕, 赦免",B2,,,,
halfway,halfway,/'hɑ:f'wei/,adv.,"a. 中途的, 不彻底的, 部分的；adv. 半路地, 在中途, 在半途",C1,,,,
developmental,developmental,/di.velәp'mentәl/,,"a. 发展的, 进化的, 启发的",Beyond C1,,,,
cemetery,cemetery,/'semitәri/,n.,"n. 墓地, 公墓",C1,,,,
equality,equality,/i:'kwɒliti/,n.,"n. 平等, 均匀, 相等",C1,,,,
harassment,harassment,/'hærәsmәnt/,n.,"n. 困扰, 烦扰, 烦恼",C1,,,,
deliberately,deliberately,/di'libәrәtli/,adv.,adv. 故意地,B2,,,,
fame,fame,/feim/,n.,"n. 名望, 名声, 传说",B2,,,,
striking,strike,/'straikiŋ/,,"a. 醒目的, 惊人的, 打击的, 罢工的",C1,,,,
regret,regret,/ri'gret/,vt./vi./n.,"n. 遗憾, 后悔, 悔恨, 抱歉, 歉意；vt. 为...感到遗憾, 后悔, 惋惜, 懊悔, 抱歉；vi. 感到抱歉",B2,,,,
likelihood,likelihood,/'laiklihud/,n.,"n. 可能, 可能性",C1,,,,
carrot,carrot,/'kærәt/,n.,n. 胡萝卜,A1,,,,
wheelchair,wheelchair,/'hwi:l.tʃєә/,n.,n. 轮椅,Beyond C1,,,,
toll,toll,/tәul/,vt./vi./n.,"n. 通行费, 代价, 钟声；vt. 征收, 敲钟, 鸣钟, 勾引, 引诱；vi. 征税, 鸣钟",C1,,,,
atop,atop,/ә'tɒp/,adv./prep.,adv. 在顶上；prep. 在...的顶上,Beyond C1,,,,
embarrassed,embarrassed,/im'bærәst/,,a. 尴尬的；窘迫的,B1,,,,
rim,rim,/rim/,vt./vi./n.,"n. 边, 轮缘, 框；vt. 镶边, 为...装边；vi. 形成边缘",Beyond C1,,,,
suspicious,suspicious,/sә'spiʃәs/,,"a. 可疑的, 多疑的, 怀疑的",C1,,,,
isolated,isolate,/'aisәleitid/,,"a. 孤立的, 孤零零的",B2,,,,
cling,cling,/kliŋ/,vi.,"vi. 粘紧, 附着, 紧贴, 坚持",C1,,,,
squad,squad,/skwɒd/,vt./n.,"n. 班, 小队, 小集团；vt. 编成班",C1,,,,
blink,blink,/bliŋk/,vt./vi./n.,"vi. 眨眼, 闪亮；vt. 眨眼, 使闪亮；n. 眨眼, 瞬间, 闪光, 闪烁",Beyond C1,,,,
eligible,eligible,/'elidʒәbl/,n.,"a. 有资格当选的, 合格的；n. 有资格者, 合格者, 适任者",C1,,,,
plunge,plunge,/plʌndʒ/,vt./vi./n.,"n. 钻进, 跳进, 跳水, 跳水池, 猛跌, 落下, 投入, 开始从事, 盲目投资；vi. 投入, 投身于, 跳进, 陷入, 下降；vt. 使投入, 使插入, 使陷入, 使遭受",C1,,,,
processor,processor,/prә'sesә/,n.,"n. 信息处理机, 加工者, 处理者",C1,,,,
demographic,demographic,/.demә'græfik/,,a. 人口统计的,Beyond C1,,,,
refuge,refuge,/'refju:dʒ/,vt./vi./n.,"n. 避难所, 安全地带, 避难, 庇护；vi. 躲避；vt. 给予...庇护",C1,,,,
chill,chill,/tʃil/,vt./vi./n.,"n. 寒冷, 寒意, 失意；a. 寒冷的, 冷漠的；vt. 使寒心, 冷冻；vi. 变冷",Beyond C1,,,,
rally,rally,/'ræli/,v./n.,"n. 重振旗鼓, 集合, 群众集会, 跌停回升；v. 重整旗鼓, 集合, 恢复精神, 团结, 挖苦, 嘲笑",C1,,,,
legislator,legislator,/'ledʒisleitә/,n.,"n. 立法者, 立法官, 立法委员",Beyond C1,,,,
cheer,cheer,/tʃiә/,vt./vi./n.,"n. 愉快, 振奋, 欢呼；vi. 欢呼, 喝彩, 快活起来；vt. 使振奋, 欢呼",B2,,,,
programming,program,/'prәugræmiŋ/,n.,"n. 节目的计划, 编制程序",B2,,,,
steer,steer,/stiә/,vt./vi./n.,"vt. 引导, 驾驶, 航行, 控制；vi. 驾驶, 掌舵, 行驶；n. 驾驶指示, 劝告",C1,,,,
outlet,outlet,/'autlet/,n.,"n. 出口, 发泄方法, 市场",C1,,,,
vendor,vendor,/'vendә/,n.,"n. 小贩, 卖主, 自动售货机",Beyond C1,,,,
intact,intact,/in'tækt/,,"a. 尚未被人碰过的, 原封不动的, 完整的",C1,,,,
peanut,peanut,/'pi:nʌt/,n.,"n. 花生, 小人物, 极小的数额；a. 渺小的, 微不足道的",Beyond C1,,,,
thrive,thrive,/θraiv/,vi.,"vi. 繁荣, 兴旺, 茁壮成长",C1,,,,
fucking,fucking,/'fʌkiŋ/,,"a. 该死的, 难完成的, 难做的, 低劣的, 讨厌的, 丑恶的, 混乱的, 乱糟糟的",Beyond C1,,,,
elaborate,elaborate,/i'læbәreit/,vt./vi.,"a. 精细的, 详尽的, 精心计划(或制作)的；vt. 详细地说明, 用心地制作, 发挥；vi. 变复杂, 作详细说明",C1,,,,
chew,chew,/tʃu:/,vt./vi./n.,"vt. 咀嚼, 嚼碎；vi. 咀嚼, 细想；n. 咀嚼, 咀嚼物",Beyond C1,,,,
auction,auction,/'ɒ:kʃәn/,vt./n.,n. 拍卖；vt. 拍卖,C1,,,,
steak,steak,/steik/,n.,"n. 牛排, 鱼排, 肉排",Beyond C1,,,,
shareholder,shareholder,/'ʃєә.hәuldә/,n.,n. 股东,C1,,,,
conception,conception,/kɒn'sepʃәn/,n.,"n. 观念, 概念",C1,,,,
comply,comply,/kәm'plai/,vi.,"vi. 顺从, 依从",C1,,,,
triumph,triumph,/'traiәmf/,vi./n.,"n. 凯旋, 胜利, 欢欣；vi. 得胜, 成功",C1,,,,
comparable,comparable,/'kɒmpәrәbl/,,"a. 可比较的, 比得上的",C1,,,,
transport,transport,/træns'pɒ:t/,vt./n.,"n. 运输, 运输工具, 激动, 狂喜, 流放犯；vt. 传送, 运输, 流放",B1,,,,
conscience,conscience,/'kɒnʃәns/,n.,n. 良心,C1,,,,
calculation,calculation,/.kælkju'leiʃәn/,n.,"n. 计算, 考虑, 计算的结果",C1,,,,
constraint,constraint,/kәn'streint/,n.,"n. 强制, 约束",C1,,,,
scratch,scratch,/skrætʃ/,vt./vi./n.,"n. 抓痕, 搔, 抓, 擦伤, 刮擦声, 乱写, 零分, 起跑线；vt. 搔, 抓, 挖出, 擦, 刮, 乱涂, 勾抹掉；vi. 搔, 抓, 发刮擦声, 勉强糊口；a. 碰巧的, 凑合的, 打草稿用的",B2,,,,
considerably,considerably,/kәn'sidәrәbli/,adv.,"adv. 非常地, 很, 颇",B2,,,,
interval,interval,/'intәvәl/,n.,"n. 间隔, 距离, 间歇, 间隙",B2,,,,
awake,awake,/ә'weik/,vt./vi.,"a. 醒着的；vt. 唤醒, 唤起, 使意识到；vi. 醒来, 被唤起, 意识到",Beyond C1,,,,
commerce,commerce,/'kɒmә:s/,n.,"n. 商业, 商务, 贸易",C1,,,,
feminist,feminist,/'feminist/,n.,n. 男女平等主义者,C1,,,,
inevitably,inevitably,/in'evitәbli/,adv.,adv. 不可避免地,B2,,,,
emotionally,emotionally,/i'mәuʃәnәli/,adv.,adv. 在情绪上,B2,,,,
jurisdiction,jurisdiction,/.dʒuәris'dikʃәn/,n.,"n. 司法权, 审判权, 管辖权",C1,,,,
expedition,expedition,/.ekspi'diʃәn/,n.,"n. 远征, 探险队, 迅速",B2,,,,
similarity,similarity,/.simi'læriti/,n.,"n. 类似, 类似处",B1,,,,
allegedly,allegedly,/ә'ledʒidli/,adv.,adv. 依其申述,C1,,,,
butt,butt,/bʌt/,n.,"n. 粗大的一头, 烟头, 靶, 笑柄",Beyond C1,,,,
lid,lid,/lid/,vt./n.,"n. 盖子, 限制, 眼睑；vt. 给...盖盖子",Beyond C1,,,,
dumb,dumb,/dʌm/,,"a. 哑的, 不说话的, 无声音的",C1,,,,
bulk,bulk,/bʌlk/,vt./n.,"n. 大小, 体积, 大块, 大多数；vt. 显得大, 显得重要",C1,,,,
philosophical,philosophical,/.filә'sɒfikl/,,"a. 哲学的, 冷静的, 达观的, 哲学上的, 哲学家似的",C1,,,,
mortality,mortality,/mɒ:'tælәti/,n.,"n. 必死的命运, 死亡数目, 死亡率",Beyond C1,,,,
sprinkle,sprinkle,/'spriŋkl/,vt./vi./n.,"vt. 洒, 散置, 撒, 点缀；vi. 洒, 撒, 下小雨；n. 洒, 撒, 散置, 小雨, 少量",Beyond C1,,,,
conversion,conversion,/kәn'vә:ʃәn/,n.,"n. 转变, 转换, 改变宗教信仰, 换位法",C1,,,,
patron,patron,/'peitrәn/,n.,"n. 赞助人, 顾客, 保护人",C1,,,,
municipal,municipal,/mju:'nisipl/,,"a. 市政的, 自治区的, 内政的",C1,,,,
liver,liver,/'livә/,n.,"n. 肝脏, 生活者, 居民",C1,,,,
harmony,harmony,/'hɑ:mәni/,n.,"n. 协调, 和睦, 调和",C1,,,,
tolerance,tolerance,/'tɒlәrәns/,n.,"n. 宽容, 忍受, 容忍, 容许量, 公差",C1,,,,
solely,solely,/'sәulli/,adv.,"adv. 仅仅, 单独地",C1,,,,
blessing,bless,/'blesiŋ/,n.,n. 祝福,C1,,,,
goat,goat,/gәut/,n.,"n. 山羊, 替罪羊, 色鬼",Beyond C1,,,,
banana,banana,/bә'nɑ:nә/,n.,n. 香蕉,A1,,,,
palace,palace,/'pælis/,n.,"n. 宫, 宫殿, 华丽大厦",A2,,,,
grandparent,grandparent,/'grændperәnt/,n.,n. 祖父母,A1,,,,
peasant,peasant,/'peznt/,n.,"n. 农夫, 乡下人",C1,,,,
cruise,cruise,/kru:z/,v./n.,"n. 巡航, 巡弋, 漫游；v. 巡航, 巡弋, 漫游",B2,,,,
supermarket,supermarket,/'sju:pәmɑ:kit/,n.,n. 超级市场,A1,,,,
neat,neat,/ni:t/,n.,"a. 整洁的, 巧妙的, 匀称的, 简洁的；n. 牛",B1,,,,
formerly,formerly,/'fɒ:mәli/,adv.,"adv. 从前, 以前",B2,,,,
lawmaker,lawmaker,/lɒ:'meikә/,n.,n. 立法者,C1,,,,
mobile,mobile,/'mәubil/,n.,"a. 移动的, 易变的, 机动的；n. 活动物体",C1,,,,
calendar,calendar,/'kælindә/,vt./n.,"n. 日历, 日程表；vt. 列入表中",Beyond C1,,,,
beard,beard,/biәd/,vt./n.,"n. 胡须；vt. 抓住胡须, 公开反对",Beyond C1,,,,
widow,widow,/'widәu/,vt./n.,"n. 寡妇, 孀妇；vt. 使成寡妇",C1,,,,
deposit,deposit,/di'pɒzit/,vt./vi./n.,"n. 存款, 定金, 堆积物；vt. 存放, 堆积；vi. 沉淀",B2,,,,
brake,brake,/breik/,v./n.,"n. 刹车, 阻碍, 丛林；v. 刹车",Beyond C1,,,,
screening,screen,/'skri:niŋ/,,"[医] 筛选, 筛分(如普查癌、结核等病), 萤光屏检查",B2,,,,
impulse,impulse,/'impʌls/,vt./n.,"n. 冲动, 驱使, 刺激, 推动, 冲力, 建议, 脉冲；vt. 推动",Beyond C1,,,,
brutal,brutal,/'bru:tәl/,,"a. 残忍的, 野蛮的, 不讲理的",C1,,,,
forbid,forbid,/fә'bid/,vt.,"vt. 禁止, 不准, 妨碍",B2,,,,
predator,predator,/'predәtә/,n.,"n. 食肉动物, 掠夺者",C1,,,,
fur,fur,/fә:/,vt./vi./n.,"n. 毛皮；vt. 以毛皮制作, 使生苔, 使生水垢；vi. 生苔, 积水垢",B1,,,,
voluntary,voluntary,/'vɒlәntәri/,n.,"a. 自动的, 自愿的, 故意的, 志愿的, 自发的；n. 自愿行动, 志愿者, 自由调",B2,,,,
poke,poke,/pәuk/,vt./vi./n.,"n. 刺, 戳, 袋子；vt. 戳, 捅, 拨弄, 刺；vi. 戳, 刺, 捅, 搜索, 伸出, 行动散慢",Beyond C1,,,,
valid,valid,/'vælid/,,"a. 有确实根据的, 有法律效力的, 正当的, 正确的",B2,,,,
opt,opt,/ɒpt/,vi.,vi. 选择,C1,,,,
forum,forum,/'fɒ:rәm/,n.,"n. 论坛, 公开讨论的广场, 法庭, 讨论会",B2,,,,
soar,soar,/sɒ:/,vi./n.,"n. 高扬, 翱翔；vi. 往上飞舞, 高耸, 翱翔",C1,,,,
happily,happily,/'hæpili/,adv.,"adv. 幸福地, 快乐地, 幸好",A2,,,,
dancing,dance,/'dænsiŋ/,n.,n. 舞蹈,A1,,,,
enact,enact,/i'nækt/,vt.,"vt. 制定法律, 扮演, 颁布",C1,,,,
removal,removal,/ri'mu:vl/,n.,"n. 移动, 移居, 迁移, 排除, 切除",C1,,,,
autonomy,autonomy,/ɒ:'tɒnәmi/,n.,"n. 自治, 自治权",C1,,,,
thread,thread,/θred/,vt./vi./n.,"n. 线, 丝, 纤维, 线索；vt. 穿线于, 穿过, 通过, 用线穿成；vi. 穿过",C1,,,,
landmark,landmark,/'lændmɑ:k/,n.,"n. 陆标, 划时代的事, 地界标",C1,,,,
unhappy,unhappy,/.ʌn'hæpi/,,"a. 不快乐的, 不幸的, 不适当的",A2,,,,
privately,privately,,adv.,adv. 秘密地；私下地,Beyond C1,,,,
fraction,fraction,/'frækʃәn/,n.,"n. 小部分, 破片, 分数",B2,,,,
coming,come,/'kʌmiŋ/,n.,"n. 来临；a. 就要来的, 接着的",A1,,,,
tourism,tourism,/'tuәrizm/,n.,"n. 观光业, 游览",A2,,,,
offender,offender,/ә'fendә/,n.,"n. 罪犯, 无礼的人, 得罪人的人",B2,,,,
distinctive,distinctive,/di'stiŋktiv/,,"a. 有特色的, 出众的",C1,,,,
threshold,threshold,/'θreʃәuld/,n.,"n. 门槛, 入口, 开端, 阈",C1,,,,
suite,suite,/swi:t/,n.,"n. 随员, 套房, (一)组, (一)套, 组曲, 继之而来的事",C1,,,,
routinely,routinely,,adv.,"adv. 日常, 乏味, 常规, 例行",Beyond C1,,,,
regulator,regulator,/'regjuleitә/,n.,"n. 调整者, 校准者, 校准器, 调整器, 标准钟",C1,,,,
straw,straw,/strɒ:/,n.,"n. 稻草, 麦管, 吸管, 一文不值的东西, 草帽；a. 稻草的, 稻草色的, 琐碎的, 无价值的",Beyond C1,,,,
theological,theological,/θiә'lɔdʒikәl/,,a. 神学上的,Beyond C1,,,,
fragile,fragile,/'frædʒail/,,"a. 易碎的, 脆的",C1,,,,
exhaust,exhaust,/ig'zɒ:st/,vt./vi./n.,"n. 排气, 排气装置, 废气；vt. 抽完, 用尽, 耗尽, 使精疲力尽；vi. 排气",Beyond C1,,,,
globe,globe,/glәub/,v./n.,"n. 球, 球状物, 地球仪, 天体；v. (使)成球状",B2,,,,
chemistry,chemistry,/'kemistri/,n.,"n. 化学, 化学过程",A2,,,,
objection,objection,/әb'dʒekʃәn/,n.,"n. 异议, 反对, 不喜欢, 缺点, 缺陷, 妨碍, 拒绝之理由",C1,,,,
crowded,crowd,/'kraudid/,,"a. 拥挤的, 塞满的",A2,,,,
blast,blast,/blæst/,vt./vi./n.,"n. 一阵风, 爆炸, 枯萎病；vt. 炸, 使枯萎；vi. 炸, 猛攻, 猛烈抨击, 枯萎",C1,,,,
prevail,prevail,/pri'veil/,vi.,"vi. 获胜, 流行, 盛行",C1,,,,
overnight,overnight,/'әuvәnait/,n./adv.,"n. 前一天晚上, 一夜的逗留；a. 通宵的, 晚上的, 前夜的；adv. 在前一夜, 整夜, 昨晚一晚上",B2,,,,
denial,denial,/di'naiәl/,n.,n. 否认,C1,,,,
fragment,fragment,/'frægmәnt/,n.,"n. 碎片, 破片, 片段",B2,,,,
headache,headache,/'hedeik/,n.,"n. 头痛, 令人头痛之事",A2,,,,
rental,rental,/'rentl/,n.,"n. 租费, 租金收入；a. 租赁的, 收取租金的",B2,,,,
fantastic,fantastic,/fæn'tæstik/,,"a. 奇妙的, 稀奇的, 空想的",A1,,,,
warmth,warmth,/wɒ:mθ/,n.,"n. 温暖, 温情, 暖和, 激动, 生气",Beyond C1,,,,
screw,screw,/skru:/,vt./vi./n.,"n. 螺旋, 螺杆, 螺钉, 螺旋桨, 吝啬鬼；vt. 调节, 扭紧, 旋, 拧, 加强, 压榨, 勒索；vi. 转动, 旋, 拧",C1,,,,
undergraduate,undergraduate,/.ʌndә'grædjuit/,n.,"n. 大学本科生, 大学肄业生；a. 大学生的",C1,,,,
policeman,policeman,/pә'li:smәn/,n.,n. 警察,A1,,,,
projection,projection,/prә'dʒekʃәn/,n.,"n. 发射, 计划, 突出部分, 设计, 推测",C1,,,,
suitable,suitable,/'sju:tәbl/,,"a. 适当的, 相配的",B1,,,,
graduation,graduation,/.grædʒu'eiʃәn/,n.,"n. 毕业, 得学位, 分划, 刻度, 分等级",Beyond C1,,,,
drill,drill,/dril/,v./n.,"n. 钻孔机, 钻子, 播种机, 粗斜纹布；v. 训练, 钻孔",Beyond C1,,,,
mansion,mansion,/'mænʃәn/,n.,"n. 大厦, 宅邸",Beyond C1,,,,
cruel,cruel,/'kru:әl/,,"a. 残酷的, 令人极痛苦的",B1,,,,
sexuality,sexuality,/.sekʃu'æliti/,n.,"n. 性征, 性行为, 性欲",C1,,,,
grape,grape,/greip/,n.,"n. 葡萄, 葡萄树",Beyond C1,,,,
cottage,cottage,/'kɒtidʒ/,n.,"n. 小屋, 茅舍",Beyond C1,,,,
authorize,authorize,/'ɒ:θәraiz/,vt.,"vt. 授权, 批准, 委托",C1,,,,
canyon,canyon,/'kænjәn/,n.,"n. 峡谷, 海底悬崖",Beyond C1,,,,
charm,charm,/tʃɑ:m/,vt./vi./n.,"n. 吸引力, 魔力, 符咒；vt. 迷住, 使陶醉, 行魔法；vi. 用符咒, 有魅力",C1,,,,
driveway,driveway,/'draivwei/,n.,n. 车道,Beyond C1,,,,
loyal,loyal,/'lɒiәl/,,"a. 忠诚的, 忠实的, 忠贞的",B2,,,,
clay,clay,/klei/,n.,"n. 泥土, 肉体, 黏土",Beyond C1,,,,
invention,invention,/in'venʃәn/,n.,"n. 发明, 创作能力, 虚构的故事",A2,,,,
balloon,balloon,/bә'lu:n/,vt./vi./n.,"n. 气球；vt. 使成气球状；vi. 膨胀如气球, 激增",B2,,,,
ego,ego,/'egәu. 'i:gәu/,n.,n. 自我,C1,,,,
fare,fare,/fєә/,vi./n.,"n. 费用, 旅客, 食物；vi. 进展, 进步, 经营, 过活",B2,,,,
availability,availability,/ә.veilә'biliti/,n.,"n. 有效性, 可利用性, 可利用的人",C1,,,,
homework,homework,/'hәumwә:k/,n.,"n. 家庭作业, 家里做的工作",A1,,,,
disc,disc,/disk/,vt./n.,"n. 圆盘, 唱片；vt. 灌唱片",Beyond C1,,,,
radar,radar,/'reidә/,n.,"n. 雷达, 无线电探测器",C1,,,,
prince,prince,/prins/,n.,"n. 王子, 亲王, 国君, 贵族, 诸侯, 有权势的大人物",B1,,,,
sofa,sofa,/'sәufә/,n.,n. 沙发,Beyond C1,,,,
regain,regain,/ri'gein/,vt.,"vt. 取回, 恢复, 重回, 复得",C1,,,,
frown,frown,/fraun/,vt./vi./n.,n. 皱眉；vi. 皱眉头；vt. 皱眉表示,Beyond C1,,,,
molecule,molecule,/'mɒlikju:l/,n.,"n. 分子, 些微",Beyond C1,,,,
retreat,retreat,/ri'tri:t/,vt./vi./n.,"n. 休息寓所, 撤退, 隐居, 退避；vi. 撤退, 隐退, 向后倾；vt. 退(棋)",C1,,,,
sweater,sweater,/'swetә/,n.,"n. 毛衣, 毛线衫, 运动衫, 出汗者",A1,,,,
favorable,favorable,/'feivәrәbl/,,"a. 有利的, 赞许的, 良好的",C1,,,,
rubber,rubber,/'rʌbә/,vt./n.,"n. 橡皮, 橡胶, 做摩擦动作的人, 按摩师, 决胜盘；vt. 用橡胶制造, 涂橡胶于",B2,,,,
freely,freely,/'fri:li/,adv.,"adv. 自由地, 随意地, 无拘束地, 直率地, 坦白地, 慷慨地, 免费地, 大量地",B2,,,,
rehabilitation,rehabilitation,"/'ri:(h)ә,bili'teiʃәn/",n.,n. 复原,C1,,,,
steadily,steadily,/'stedili/,adv.,"adv. 稳定地, 无变化地, 有规则地",B2,,,,
youngster,youngster,/'jʌŋstә/,n.,"n. 小孩, 年轻人, 少年",Beyond C1,,,,
ha,ha,/hɑ:/,,"interj. 嘿, 哈, 哈哈",Beyond C1,,,,
accountability,accountability,/ә.kauntә'biliti/,n.,"n. 负有责任, 可说明性",C1,,,,
integrated,integrate,/'intәgreitid/,,"a. 综合的, 完整的, 互相协调的",C1,,,,
premium,premium,/'pri:miәm/,n.,"n. 额外补贴, 奖金, 奖赏, 保险费",C1,,,,
contemplate,contemplate,/'kɒntempleit/,vt./vi.,"vt. 注视, 沉思, 盘算；vi. 冥思苦想",C1,,,,
update,update,/ʌp'deit/,vt./n.,"vt. 更新, 使现代化；n. 更新",B1,,,,
overwhelm,overwhelm,/.әuvә'hwelm/,vt.,"vt. 淹没, 受打击, 制服, 压倒, 使不知所措",C1,,,,
spark,spark,/spɑ:k/,vt./vi./n.,"n. 火花, 火星, 闪光, 无线电报务员, 瞬间放电, 活力, 朝气, 花花公子, 情郎；vi. 闪光, 发火花, 求婚；vt. 发动, 鼓舞, 使有朝气, 求婚",C1,,,,
fatigue,fatigue,/fә'ti:g/,vt./vi./n.,"n. 疲乏, 疲劳；vt. 使疲劳, 使心智衰弱；vi. 疲劳；a. 疲劳的",Beyond C1,,,,
ironically,ironically,,adv.,"adv. 冷嘲地, 挖苦地, 讽刺地, 令人啼笑皆非地",C1,,,,
speculate,speculate,/'spekjuleit/,vi.,"vi. 深思, 推测, 投机",B2,,,,
marker,marker,/'mɑ:kә/,n.,"n. 作记号的人, 记分员, 书签, 纪念碑, 里程碑, 标识物, 标记",B2,,,,
bucket,bucket,/'bʌkit/,n.,n. 桶,Beyond C1,,,,
meantime,meantime,/'mi:ntaim/,n./adv.,"n. 间隔时间, 其时；adv. 其间",C1,,,,
preach,preach,/pri:tʃ/,v./n.,"v. 传道, 讲道, 说教, 宣讲, 鼓吹；n. 说教, 布道",C1,,,,
substantially,substantially,/sәb'stænʃәli/,adv.,"adv. 实质上, 本质上, 大体上",C1,,,,
blond,blond,/blɒnd/,n.,a. 金发的；n. 白肤碧眼金发的人,A1,,,,
confession,confession,/kәn'feʃәn/,n.,"n. 承认, 坦白, 招供",C1,,,,
marble,marble,/'mɑ:bl/,n.,"n. 大理石, 石弹, 雕刻品；a. 大理石的, 冷酷无情的, 有大理石花纹的",Beyond C1,,,,
defender,defender,/di'fendә/,n.,"n. 防卫者, 防护者, 辩护者",B2,,,,
provoke,provoke,/prә'vәuk/,vt.,"vt. 激怒, 惹起, 诱导",C1,,,,
trauma,trauma,/'trɒ:mә/,n.,"n. 外伤, 损伤",C1,,,,
surveillance,surveillance,/sә:'veilәns/,n.,"n. 监视, 监督",C1,,,,
explicit,explicit,/ik'splisit/,,"a. 详述的, 清楚的, 直言的",C1,,,,
disturbing,disturb,/dis'tә:biŋ/,,"a. 引起烦恼的, 令人不安的",C1,,,,
depart,depart,/di'pɑ:t/,vi.,"vi. 离开, 出发, 背离, 违反, 去世",B2,,,,
magnetic,magnetic,/mæg'netik/,,"a. 有磁性的, 有吸引力的, 催眠术的",C1,,,,
technician,technician,/tek'niʃәn/,n.,n. 技师,Beyond C1,,,,
arrow,arrow,/'ærәu/,n.,"n. 箭, 箭状物, 箭头记号",B2,,,,
neighboring,neighbore,/'neibәriŋ/,,"a. 附近的, 邻近的, 邻接的",C1,,,,
devastating,devastating,/'devәsteitiŋ/,,"a. 毁灭性的, (非正式)很好的, 引人注目的",C1,,,,
soak,soak,/sәuk/,vt./vi./n.,"n. 浸, 湿透, 大雨；vt. 使上下湿透, 浸, 吸入, 吸收, 浸洗掉；vi. 浸泡, 渗透",C1,,,,
transmit,transmit,/træns'mit/,vt./vi.,"vt. 传输, 传染, 传达, 遗传, 发射, 传播；vi. 发射信号, 留传下来",B2,,,,
mutter,mutter,/'mʌtә/,vt./vi./n.,"n. 喃喃低语；vi. 喃喃自语, 作低沉声；vt. 出怨言, 抱怨地说",Beyond C1,,,,
ribbon,ribbon,/'ribәn/,vt./vi./n.,"n. 缎带, 色带, 带状物；vt. 用丝带装饰, 把...撕成条状；vi. 形成带状",Beyond C1,,,,
harvest,harvest,/'hɑ:vist/,v./n.,"n. 收获, 成果, 收获物, 收获期；v. 收割, 收获",C1,,,,
slot,slot,/slɒt/,vt./n.,"n. 水沟, 细长孔, 硬币投币口, 缝, 狭槽, 狭通道, 位置, 一档(广播节目等)；vt. 开槽于, 把...纳入机构",C1,,,,
consecutive,consecutive,/kәn'sekjutiv/,,"a. 连续的, 联贯的",C1,,,,
spy,spy,/spai/,vt./vi./n.,"n. 间谍, 侦探, 侦察；vt. 侦察, 找出, 发现；vi. 做密探, 侦查",C1,,,,
coordinate,coordinate,/kәu'ɒ:dineit/,v./n.,"n. 同等的人(或物), 坐标；a. 同等的, 并列的；v. (使)协调",C1,,,,
daddy,daddy,/'dædi/,n.,n. 爸爸,Beyond C1,,,,
riot,riot,/'raiәt/,vt./vi./n.,"n. 暴动, 喧闹, 放纵；vi. 发动, 暴动, 纵情, 放荡；vt. 浪费, 挥霍",C1,,,,
nutrient,nutrient,/'nju:triәnt/,n.,"a. 营养的, 滋养的；n. 营养物, 滋养物",Beyond C1,,,,
severely,severely,/si'viәli/,adv.,"adv. 严格, 尖锐, 严肃, 严重, 严厉, 朴素",B2,,,,
citizenship,citizenship,/'sitizәnʃip/,n.,"n. 国籍, 市民权, 市民的身份",C1,,,,
sovereignty,sovereignty,/'sɒvrәnti/,n.,"n. 主权, 独立国",C1,,,,
ridge,ridge,/ridʒ/,n.,"n. 脊, 山脊, 山脉",Beyond C1,,,,
brave,brave,/breiv/,vt./n.,"a. 勇敢的, 美好的, 华丽的；n. 勇敢者；vt. 勇敢地面对",B1,,,,
lighting,light,/'laitiŋ/,n.,"n. 照明, 照明设备, 舞台灯光",B2,,,,
frustrate,frustrate,/'frʌstreit/,vt.,"vt. 挫败, 击败, 破坏；a. 无益的, 挫败的, 挫折的",Beyond C1,,,,
contributor,contributor,/kәn'tribjutә/,n.,"n. 贡献者, 捐助者, 赠送者, 投稿者",C1,,,,
importantly,importantly,,adv.,adv. 重要地；大量地；有名望地；自命不凡地,Beyond C1,,,,
transit,transit,/'trænsit/,vt./vi./n.,"n. 经过, 通行, 运输, 运输线, 转变；vt. 运送, 使通过, 经过；vi. 通过",C1,,,,
specify,specify,/'spesifai/,vt.,"vt. 详列, 指定, 说明",B2,,,,
unidentified,unidentified,/.ʌnai'dentifaid/,,"a. 未被认出的, 未经确认的",Beyond C1,,,,
seminar,seminar,/'seminɑ:/,n.,"n. 研究班, 专题讨论会",B2,,,,
electronics,electronics,/.ilek'trɒniks/,n.,n. 电子学,B2,,,,
dense,dense,/dens/,,"a. 密集的, 浓厚的",C1,,,,
articulate,articulate,/ɑ:'tikjulit/,vt.,"a. 发音清晰的, 口才好的；vt. 明白地说, 以关节连接, 使成为系统的整体",C1,,,,
sunny,sunny,/'sʌni/,,"a. 阳光充足的, 乐观的, 快乐的, 像太阳的",Beyond C1,,,,
swell,swell,/swel/,vt./vi./n.,"n. 增大, 隆起的部分, 巨浪, 肿胀；a. 优秀的, 一流的；vi. 增大, 膨胀, 肿胀, 增强, 骄傲；vt. 使膨胀, 使增大, 使上涨, 使骄傲",Beyond C1,,,,
shorts,shorts,/ʃɔ:ts/,n.,"n. 短裤, (美)男人的短衬裤",A1,,,,
soften,soften,/'sɒftn/,v.,"v. (使)变柔软, (使)变柔和",Beyond C1,,,,
accusation,accusation,/ækju:'zeiʃәn/,n.,"n. 控告, 指控, 指责",C1,,,,
bride,bride,/braid/,n.,n. 新娘,B1,,,,
terribly,terribly,/'terәbli/,adv.,"adv. 可怕地, 甚为, 非常",B2,,,,
cue,cue,/kju:/,vt./n.,"n. 提示, 线索；vt. 给...暗示(或提示)",B2,,,,
biography,biography,/bai'ɒgrәfi/,n.,n. 传记,C1,,,,
hazard,hazard,/'hæzәd/,vt./n.,"n. 冒险, 危险, 机会；vt. 冒...的危险, 赌运气, 使冒危险",C1,,,,
straighten,straighten,/'streitn/,vt./vi.,"vt. 弄直, 整顿, 清理, 使改正；vi. 直起来, 改正, 好转",Beyond C1,,,,
seldom,seldom,/'seldәm/,adv.,"a. 不常的, 稀少的；adv. 很少, 不常",Beyond C1,,,,
compelling,compel,/kәm'peliŋ/,,"a. 强制的, 强迫性的, 激发兴趣的",C1,,,,
tile,tile,/tail/,vt./n.,"n. 砖瓦, 瓷砖, 瓦片；vt. 铺以瓦, 铺以瓷砖",Beyond C1,,,,
honestly,honestly,/'ɒnistli/,adv.,"adv. 真诚地, 公正地",Beyond C1,,,,
troubled,trouble,/'trʌbld/,,"a. 烦恼的, 混乱的, 不安的",C1,,,,
economically,economically,/i:kә'nɔmikәli/,adv.,"adv. 节约地, 不浪费地, 节省地, 节俭地, 在经济上, 在经济学上",Beyond C1,,,,
vague,vague,/veig/,,"a. 含糊的, 不清楚的, 茫然的",C1,,,,
zero,zero,/'ziәrәu/,vt./n.,"n. 零, 零点, 零度, 无, 乌有, 最低点；a. 零的, 没有的；vt. 调零, 对(炮火等)作协调校正",A2,,,,
foreigner,foreigner,/'fɒ:rinә/,n.,"n. 外国人, 外地人",C1,,,,
balanced,balance,/'bælәnst/,,"a. 公平的, 平衡的",B2,,,,
twentieth,twentieth,/'twentiiθ/,num.,"num. 第二十, 二十分之一",Beyond C1,,,,
delight,delight,/di'lait/,vt./vi./n.,"n. 高兴, 愉快；vt. 使高兴, 乐于；vi. 感到高兴(或愉快、快乐)",Beyond C1,,,,
convenience,convenience,/kә'vi:njәns/,n.,"n. 方便, 便利的事物, 方便的时候",B2,,,,
weave,weave,/wi:v/,vt./vi./n.,"n. 编法, 织法, 编织式样；vt. 编织, 组合, 编排, 使迂回前进；vi. 纺织, 迂回行进",C1,,,,
plea,plea,/pli:/,n.,"n. 恳求, 辩解, 抗辩, 诉讼, 请愿, 托词",C1,,,,
academy,academy,/ә'kædәmi/,n.,"n. 学院, 院校, 学会",C1,,,,
sustainable,sustainable,/sә'steinәbl/,,"a. 足可支撑的, 养得起的, 可以忍受的",B2,,,,
timber,timber,/'timbә/,vt./n.,"n. 木材, 木料；vt. 用木材建造",C1,,,,
till,till,/til/,vt./n./prep./conj.,"prep. 直到, 在...以前, 迄；conj. 直到...为止；vt. 耕种；n. 放钱的抽屉, 备用现金, 冰碛",B1,,,,
accurately,accurately,/'ækjurәtli/,adv.,"adv. 正确地, 精确地",B2,,,,
bolt,bolt,/bәult/,vt./vi./n./adv.,"n. 门闩, 螺钉, 筛子, 闪电, 意外事件；vt. 闩住, 发射, 脱口而出, 筛, 囫囵吞下；vi. 囫囵吞枣, 射箭, 脱缰, 退出党派；adv. 突然",Beyond C1,,,,
bulb,bulb,/bʌlb/,n.,"n. 球茎, 电灯泡",Beyond C1,,,,
flying,fly,/'flaiiŋ/,n.,"a. 飞的, 飘扬的, 飞速的；n. 飞行, 飞花",A2,,,,
skilled,skilled,/'skild/,,a. 熟练的,B2,,,,
spine,spine,/spain/,n.,"n. 背骨, 脊柱, 尖刺",C1,,,,
cargo,cargo,/'kɑ:gәu/,n.,n. 货物,C1,,,,
managing,manage,/'mænidʒiŋ/,,"a. 管理的, 节约的",A2,,,,
devil,devil,/'devәl/,vt./n.,"n. 魔鬼；vt. 折磨, 戏弄",C1,,,,
narrator,narrator,,n.,"n. 讲述者, 叙述者",Beyond C1,,,,
seller,seller,/'selә/,n.,n. 销售者,A1,,,,
organized,organize,/'ɔ:^әnaizd/,,"a. 有组织的, 组织起来的",B1,,,,
missionary,missionary,/'miʃәnәri/,n.,"n. 传教士, 负有任务者, 工作人员；a. 传教的, 传教士的",Beyond C1,,,,
dock,dock,/dɒk/,vt./vi./n.,"n. 码头, 船坞, 被告席, 尾巴的骨肉部分；vt. 使靠码头, 使(船)进港, 剪短；vi. 进港",Beyond C1,,,,
fog,fog,/fɒg/,vt./vi./n.,"n. 雾, 迷惑, (割后的)最生草, 苔藓；vi. 被雾笼罩, 变模糊；vt. 使困惑, 以雾笼罩",Beyond C1,,,,
sometime,sometime,/'sʌmtaim/,adv.,"a. 以前的, 某一时间的；adv. 改天, 来日",B2,,,,
boring,boring,/'bɒ:riŋ/,,"a. 烦人的, 无聊的, 无趣的",A1,,,,
marine,marine,/mә'ri:n/,n.,"n. 舰队, 水兵, 海景画；a. 海的, 海产的, 海底的, 船舶的, 海运的",C1,,,,
summary,summary,/'sʌmәri/,n.,"n. 摘要, 概要；a. 摘要的, 简略的",B1,,,,
diplomat,diplomat,/'diplәmæt/,n.,"n. 外交官, 有外交手腕的人",C1,,,,
epidemic,epidemic,/.epi'demik/,n.,"n. 传染病, 流行病；a. 流行的, 传染性的",C1,,,,
trim,trim,/trim/,vt./vi./n.,"n. 整齐, 情形, 修剪；a. 整齐的；vt. 使整齐, 整理, 修剪；vi. 调整, 见风使舵",Beyond C1,,,,
fatal,fatal,/'feitәl/,,"a. 致命的, 重大的, 命运注定的, 粗心的, 不幸的",C1,,,,
warehouse,warehouse,/'wєәhaus/,vt./n.,"n. 仓库, 货栈, 大商店；vt. 储入仓库",C1,,,,
butterfly,butterfly,/'bʌtәflai/,n.,n. 蝴蝶,Beyond C1,,,,
inherent,inherent,/in'hiәrәnt/,,"a. 固有的, 与生俱来的",C1,,,,
accelerate,accelerate,/әk'selәreit/,v.,"v. 加速, 促进",C1,,,,
bronze,bronze,/brɒnz/,n.,"n. 青铜, 铜像；a. 青铜色的",Beyond C1,,,,
drown,drown,/draun/,vt./vi.,"vi. 淹死；vt. 把...淹死, 淹没",C1,,,,
nationwide,nationwide,/'neiʃәnwaid/,,a. 全国性的,C1,,,,
vacuum,vacuum,/''vækjuәm/,vt./n.,"n. 真空, 空间, 真空吸尘器；a. 真空的, 产生真空的, 利用真空的；vt. 用吸尘器打扫",C1,,,,
creek,creek,/kri:k/,n.,"n. 小溪, 小河, 小湾",Beyond C1,,,,
selected,select,/si'lektid/,,"a. 挑选出来的, 精选的",B2,,,,
spit,spit,/spit/,vt./vi./n.,"n. 唾液, 唾吐, 小雨, 炙叉, 一铲的深度；vt. 唾吐, 吐出, 降小雨, 用炙叉穿过；vi. 吐唾沫, 吐痰, 唾弃, 飘霏霏细雨",Beyond C1,,,,
dictate,dictate,/'dikteit/,vt./vi./n.,"vi. 听写, 口述, 口授；vt. 口述, 使听写, 命令；n. 命令, 指挥, 指令",C1,,,,
sensor,sensor,/'sensә/,n.,n. 传感器,Beyond C1,,,,
stereotype,stereotype,/'stiәriәtaip/,vt./n.,"n. 铅版, 陈规, 老套；vt. 使用铅版, 把...印制成盲文, 套用老套, 使一成不变",C1,,,,
manual,manual,/'mænjuәl/,n.,"n. 手册, 指南；a. 手的, 手动的, 手工的, 体力的",Beyond C1,,,,
kneel,kneel,/ni:l/,vi.,vi. 跪下,Beyond C1,,,,
plaintiff,plaintiff,/'pleintif/,n.,"n. 原告, 起诉人",Beyond C1,,,,
laundry,laundry,/'lɒ:ndri/,n.,"n. 洗衣店, 洗好的衣服, 洗涤",Beyond C1,,,,
naval,naval,/'neivl/,,"a. 海军的, 军舰的, 有舰队的",C1,,,,
pistol,pistol,/'pistl/,vt./n.,"n. 手枪, 信号枪；vt. 以手枪杀死(或伤害)",Beyond C1,,,,
apology,apology,/ә'pɒlәdʒi/,n.,"n. 道歉, 辩护",B2,,,,
bore,bear,/bɒ:/,vt./vi./n.,"n. 令人讨厌的人, 激浪, 枪膛, 孔；vt. 使烦扰, 钻孔；vi. 钻孔；bear的过去式",A2,,,,
dean,dean,/di:n/,n.,"n. 院长, 主持牧师",Beyond C1,,,,
beloved,beloved,/bi'lʌvd/,n.,a. 心爱的；n. 心爱的人,C1,,,,
entertain,entertain,/.entә'tein/,vt./vi.,"vt. 娱乐, 招待, 怀抱；vi. 款待",B1,,,,
website,website,,n.,n. 网站（全球资讯网的主机站）,A1,,,,
chopped,chop,/tʃɔpt/,v.,v. 砍；斩碎；大量削减（chop的过去分词）,B2,,,,
retrieve,retrieve,/ri'tri:v/,vt./vi./n.,"vt. 取回, 挽回, 弥补, 恢复, 补偿, 回忆, 检索；vi. 找回猎物；n. 取回, 恢复, 救险球",C1,,,,
tribute,tribute,/'tribju:t/,n.,"n. 贡物, 礼物, 颂辞",C1,,,,
bomber,bomber,/'bɒmә/,n.,"n. 轰炸机, 投弹手",B1,,,,
overseas,overseas,/'әuvә'si:z/,adv.,"a. 海外的, 国外的；adv. 在海外, 在国外",A2,,,,
smoking,smoke,/'smәukiŋ/,n.,"n. 抽烟, 冒烟",A2,,,,
bizarre,bizarre,/bi'zɑ:/,,a. 奇异的,C1,,,,
nominate,nominate,/'nɒmineit/,vt.,"vt. 提名, 任命, 命名",C1,,,,
devise,devise,/di'vaiz/,vt./n.,"vt. 设计, 发明, 图谋, 遗赠给；n. 遗赠",C1,,,,
anchor,anchor,/'æŋkә/,vt./n.,"n. 锚；vt. 抛锚停泊, 使固定",C1,,,,
bargain,bargain,/'bɑ:gin/,v./n.,"n. 交易, 买卖协定, 特价商品；v. 讲价, 交易",B2,,,,
skeptical,skeptical,/'skeptikәl/,,"a. 怀疑论的, 怀疑的, 不可知论的",C1,,,,
scrutiny,scrutiny,/'skru:tini/,n.,"n. 细看, 仔细检查, 监视, 选票检查",C1,,,,
suppress,suppress,/sә'pres/,vt.,"vt. 镇压, 使止住, 禁止, 抑制, 查禁",C1,,,,
considering,consider,/kәn'sidәriŋ/,prep./conj.,prep. 就...而论；conj. 考虑到,A2,,,,
brass,brass,/bræs.brɑ:s/,v./n.,"n. 黄铜, 黄铜制品；a. 黄铜的, 铜管乐器的；v. 镀以黄铜, 支付",Beyond C1,,,,
unfortunate,unfortunate,/.ʌn'fɒ:tʃәnit/,,"a. 不幸的, 不合适的, 不吉利的",B2,,,,
extract,extract,/ik'strækt/,vt./n.,"n. 榨出物, 精汁, 摘录, 选段；vt. (费力地)取出, 采掘, 榨取, 摘录, 吸取",B2,,,,
intensive,intensive,/in'tensiv/,n.,"a. 加强的, 内涵的, 集中的；n. 加强器",C1,,,,
tech,tech,/tek/,n.,n. 技术学院或学校,Beyond C1,,,,
betray,betray,/bi'trei/,vt.,"vt. 出卖, 背叛, 辜负, 暴露",C1,,,,
consistency,consistency,/kәn'sistәnsi/,n.,"n. 坚硬性, 黏稠度, 一致性",C1,,,,
bureaucracy,bureaucracy,/bjuә'rɒkrәsi/,n.,"n. 官僚, 官吏",C1,,,,
interactive,interactive,"/,intәr'æktiv/",,"a. 相互作用的, 相互影响的",C1,,,,
clever,clever,/'klevә/,,"a. 聪明的, 精明的",B1,,,,
developed,develop,/di'velәpid/,,a. 发达的（国家或地区）；成熟的,A2,,,,
loser,loser,/'lu:zә/,n.,"n. 失败者, 遗失者",Beyond C1,,,,
challenging,challenge,/'tʃælindʒiŋ/,,"a. 挑战的, 引起争论的",B2,,,,
critique,critique,/kri'ti:k/,n.,"n. 评论文章, 评论",C1,,,,
skiing,ski,/'ski:iŋ/,n.,"n. 滑雪运动, 滑雪术",A2,,,,
aboard,aboard,/ә'bɒ:d/,adv./prep.,"adv. 在船上, 在火车上, 在飞机上；prep. 在...之上",Beyond C1,,,,
delicious,delicious,/di'liʃәs/,,a. 美味的,A1,,,,
compassion,compassion,/kәm'pæʃәn/,n.,"n. 同情, 怜悯",C1,,,,
reproduce,reproduce,/.ri:prә'dju:s/,v.,"v. 繁殖, 再生, 复制, 生殖",C1,,,,
congregation,congregation,/.kɒŋgri'geiʃәn/,n.,"n. 集合, 聚集",C1,,,,
beneficial,beneficial,/.beni'fiʃәl/,,"a. 有益的, 受益的",B2,,,,
awkward,awkward,/'ɒ:kwәd/,,"a. 笨拙的, 棘手的",B2,,,,
worm,worm,/wә:m/,vt./vi./n.,"n. 虫, 蠕虫, 小人物, 螺纹, 蜗杆；vi. 蠕行, 慢慢前进；vt. 使蠕行, 慢慢地走, 除虫",B2,,,,
iranian,iranian,/i'reiniәn/,n.,"a. 伊朗的, 伊朗语系的；n. 伊朗人, 伊朗语",Beyond C1,,,,
complication,complication,/.kɒmpli'keiʃәn/,n.,"n. 复杂化, 复杂情况",C1,,,,
marijuana,marijuana,/.mæriju'ɑ:nә/,n.,n. 大麻,Beyond C1,,,,
legendary,legendary,/'ledʒәndәri/,,"a. 传说的, 传奇中说的, 传奇般的, 传说中的, 著名的",C1,,,,
militia,militia,/mi'liʃә/,n.,"n. 义勇军, 民兵组织, 国民军",C1,,,,
composer,composer,/kәm'pәuzә/,n.,"n. 作曲家, 作家, 调停者",B2,,,,
authentic,authentic,/ɒ:'θentik/,,"a. 可靠的, 可信的, 真正的",C1,,,,
concession,concession,/kәn'seʃәn/,n.,"n. 特许, 让步, 认可",C1,,,,
restoration,restoration,/.restә'reiʃәn/,n.,"n. 恢复, 归还, 复位",C1,,,,
rejection,rejection,/ri'dʒekʃәn/,n.,"n. 拒绝, 抛弃, 驳回, 被抛弃的东西, 呕出物",C1,,,,
tenure,tenure,/'tenjuә/,n.,"n. 享有, 保有期",C1,,,,
dome,dome,/dәum/,vt./vi./n.,n. 圆顶；vt. 加圆顶；vi. 成圆顶状,Beyond C1,,,,
inadequate,inadequate,/in'ædikwәt/,,"a. 不充分的, 不适当的",C1,,,,
thief,thief,/θi:f/,n.,"n. 小偷, 贼",A2,,,,
editorial,editorial,/.edi'tɒ:riәl/,n.,"n. 社论, 评论；a. 编辑的, 主笔的, 社论的",B2,,,,
locker,locker,/'lɒkә/,n.,"n. 抽屉, 小柜, 上锁人",A2,,,,
autumn,autumn,/'ɒ:tәm/,n.,"n. 秋天, 成熟期",C1,,,,
subsequently,subsequently,/'sʌbsikwәntli/,adv.,"adv. 后来, 随后",B2,,,,
merger,merger,/'mә:dʒә/,n.,"n. 合并, 归并",C1,,,,
faithful,faithful,/'feiθful/,n.,"a. 忠实的, 详确的, 可靠的；n. 信徒",Beyond C1,,,,
haunt,haunt,/hɒ:nt/,vt./vi./n.,"n. 常到的地方, 生息地；vt. 常到, 出没于, 萦绕于；vi. 出没, 作祟",C1,,,,
crude,crude,/kru:d/,n.,"a. 天然的, 未成熟的, 粗糙的, 粗鲁的；n. 天然的物质",C1,,,,
sheriff,sheriff,/'ʃerif/,n.,"n. 郡治安官, 县治安官",Beyond C1,,,,
evoke,evoke,/i'vәuk/,vt.,"vt. 唤起, 引起, 召(魂)",C1,,,,
completion,completion,/kәm'pli:ʃәn/,n.,n. 完成,B2,,,,
pal,pal,/pæl/,vi./n.,"n. 朋友, 伙伴, 同志, 同谋；vi. 交友, 结伴",Beyond C1,,,,
trader,trader,/'treidә/,n.,"n. 商人, 商船",Beyond C1,,,,
affirmative,affirmative,/ә'fә:mәtiv/,n.,"a. 肯定的, 赞成的, 积极的；n. 肯定语",Beyond C1,,,,
vein,vein,/vein/,vt./n.,"n. 血管, 静脉, 纹理, 气质, 情绪；vt. 使有脉络, 像脉络般分布于",C1,,,,
surrender,surrender,/sә'rendә/,vt./vi./n.,"vt. 交出, 放弃, 使投降, 让与；vi. 投降, 自首；n. 交出, 放弃, 投降",C1,,,,
scar,scar,/skɑ:/,vt./vi./n.,"n. 疤痕, 伤痕, 悬崖；vi. 结疤, 愈合, 痊愈；vt. 使有伤痕",Beyond C1,,,,
variance,variance,/'vєәriәns/,n.,"n. 不一致, 变化, 变异, 分歧, 不和",Beyond C1,,,,
surge,surge,/sә:dʒ/,vt./vi./n.,"n. 巨涌, 汹涌, 澎湃；vi. 汹涌, 澎湃, 颠簸, 猛冲, 突然放松；vt. 使汹涌奔腾, 急放",C1,,,,
sailor,sailor,/'seilә/,n.,"n. 水手, 船员, 海员",B1,,,,
inspect,inspect,/in'spekt/,vt./vi.,"vt. 检查, 检阅, 检验；vi. 检查",C1,,,,
commentary,commentary,/'kɒmәntәri/,n.,"n. 注释, 评论, 说明",C1,,,,
follower,follower,/'fɒlәuә/,n.,"n. 从者, 属下, 追补者",A1,,,,
suspension,suspension,/sә'spenʃәn/,n.,"n. 悬挂, 暂停, 中止",C1,,,,
imperial,imperial,/im'piәriәl/,n.,"a. 帝王的, 宗主国的, 至尊的, 壮丽的；n. 特等品",Beyond C1,,,,
compensate,compensate,/'kɒmpenseit/,v.,"v. 偿还, 补偿, 付报酬",C1,,,,
ranking,rank,/'ræŋkiŋ/,n.,"n. 等级, 地位；a. 上级的, 头等的, 超群的",C1,,,,
fuck,fuck,/fʌk/,vt./vi./n.,"vt. 与...性交, 欺骗, 诅咒；vi. 性交；n. 性交, 些微, 杂种；interj. 他妈的, 混帐",Beyond C1,,,,
hover,hover,/'hʌvә/,vt./vi./n.,"vi. 盘旋, 翱翔, 徘徊；vt. 孵；n. 翱翔",Beyond C1,,,,
making,make,/'meikiŋ/,n.,"n. 制造, (手工)制造业, 制作, 形成, 发展, 要素, 内在因素, 赚头, 制造物",B2,,,,
fossil,fossil,/'fɒsәl/,n.,"n. 化石, 古物；a. 化石的, 陈腐的, 守旧的",B2,,,,
stunning,stunning,/'stʌniŋ/,,"a. 打昏迷的, 弄得人昏头昏脑的, 令人震惊的",B2,,,,
trout,trout,/traut/,n.,n. 鲑鱼,Beyond C1,,,,
inappropriate,inappropriate,/.inә'prәupriәt/,,"a. 不适当的, 不相称的",C1,,,,
cowboy,cowboy,/'kaubɒi/,n.,"n. 牛仔, 牛郎, 牧童",B2,,,,
latino,latino,"/læ'ti:nәu, lә-/",n.,n. 拉丁美洲人,Beyond C1,,,,
viable,viable,/'vaiәbl/,,"a. 能养活的, 能生长发育的",C1,,,,
clarify,clarify,/'klærifai/,vt./vi.,"vi. 澄清, 阐明；vt. 使明晰",B2,,,,
sketch,sketch,/sketʃ/,v./n.,"n. 素描, 草图, 小品；v. 描绘略图, 画素描或速写",C1,,,,
countless,countless,/'kauntlis/,,"a. 数不尽的, 无数的",C1,,,,
copper,copper,/'kɒpә/,n.,"n. 铜, 警察",C1,,,,
chat,chat,/tʃæt/,vi./n.,"n. 闲谈；vi. 闲谈, 聊天",A2,,,,
upcoming,upcoming,/'ʌp.kʌmiŋ/,,"a. 即将来临的, 即将出现的",C1,,,,
pupil,pupil,/'pju:pl/,n.,"n. 学生, 门生, 未成年人, 瞳孔",Beyond C1,,,,
ninth,ninth,/nainθ/,num.,"num. 第九, 九分之一",Beyond C1,,,,
lyrics,lyric,,n.,n. 歌词,B2,,,,
strive,strive,/straiv/,vi.,"vi. 努力, 奋斗, 斗争",C1,,,,
neglect,neglect,/ni'glekt/,vt./n.,"n. 疏忽, 忽略, 漏做；vt. 疏忽, 忽视, 不顾",C1,,,,
gambling,gamble,/'gæmbliŋ/,n.,n. 赌博,C1,,,,
ward,ward,/wɒ:d/,vt./n.,"n. 病房, 守卫, 保卫, 保护, 监护, 牢房, 行政区, 锁孔内的榫舌；vt. 使入病房, 守护, 保卫",C1,,,,
warfare,warfare,/'wɒ:fєә/,n.,"n. 战争, 战斗, 交战, 斗争, 竞争",C1,,,,
mound,mound,/maund/,vt./vi./n.,"n. 土墩, 堤, 小山；vt. 筑堤, 用土堆防卫；vi. 积成堆",Beyond C1,,,,
bang,bang,/bæŋ/,v./n./adv.,"n. 重击, 突然巨响, 刘海；v. 发巨响, 重击；adv. 砰然地, 突然巨响地, 直接地",Beyond C1,,,,
tilt,tilt,/tilt/,vt./vi./n.,"n. 倾斜, 倾向, 船篷, 车篷；vt. 使倾斜, 使倾侧, 用帆布篷遮盖；vi. 倾斜, 翘起, 冲, 评击",Beyond C1,,,,
rob,rob,/rɒb/,v.,"v. 抢夺, 抢掠, 剥夺",B2,,,,
reasonably,reasonably,/'ri:znәbli/,adv.,"adv. 适度地, 相当地",B2,,,,
medieval,medieval,/.medi'i:vl/,,"a. 中古的, 中世纪的",C1,,,,
advocacy,advocacy,/'ædvәkәsi/,n.,"n. 拥护, 支持, 鼓吹, 辩护, 辩护术",Beyond C1,,,,
biologist,biologist,/bai'ɒlәdʒist/,n.,n. 生物学家,Beyond C1,,,,
monetary,monetary,/'mʌnitәri/,,"a. 货币的, 金钱的",Beyond C1,,,,
learner,learner,/'lә:nә/,n.,"n. 学习者, 初学者",A1,,,,
knot,knot,/nɒt/,v./n.,"n. 结, 群, 难题；v. 打结, (使)纠缠",Beyond C1,,,,
antibiotic,antibiotic,/.æntibai'ɒtik/,n.,n. 抗生素；a. 抗生的,Beyond C1,,,,
prosperity,prosperity,/prɒs'periti/,n.,"n. 繁荣, 茂盛, 成功",C1,,,,
accumulate,accumulate,/ә'kju:mjuleit/,v.,"v. 积聚, 堆积",C1,,,,
dragon,dragon,/'drægәn/,n.,"n. 龙, 凶暴的人",Beyond C1,,,,
creator,creator,/kri:'eitә(r)/,n.,"n. 上帝, 创造者, 创作者",C1,,,,
electoral,electoral,/i'lektәrәl/,,"a. 选举人的, 选举的, (有关)选举的",C1,,,,
prosecute,prosecute,/'prɒsikju:t/,vt./vi.,"vt. 告发, 起诉, 彻底进行, 执行, 从事；vi. 告发, 起诉, 作检察官",C1,,,,
intervene,intervene,/.intә'vi:n/,vi.,"vi. 插入, 调停, 干涉",C1,,,,
glow,glow,/glәu/,vi./n.,"n. 赤热, 光辉, 热情, 热烈, 红光；vi. 发红光, 红光焕发, 发热, 洋溢, 激动",Beyond C1,,,,
embody,embody,/im'bɒdi/,vt.,"vt. 具体表达, 使具体化",C1,,,,
dull,dull,/dʌl/,vt./vi.,"a. 钝的, 无趣的, 呆滞的, 阴暗的；vt. 使迟钝, 使阴暗, 缓和；vi. 变迟钝, 减少",B2,,,,
rug,rug,/rʌg/,n.,"n. 小块地毯, 揭露某人",Beyond C1,,,,
raid,raid,/reid/,v./n.,"n. 袭击, 突袭, 搜捕；v. 奇袭, 搜捕",C1,,,,
crown,crown,/kraun/,vt./n.,"n. 王冠, 王权, 顶点；vt. 使成王, 加冕, 居...之顶",C1,,,,
fake,fake,/feik/,vt./vi./n.,"n. 假货, 欺骗, 诡计；a. 假的；vt. 假造, 仿造；vi. 伪装",B2,,,,
creep,creep,/kri:p/,vi./n.,"n. 爬, 徐行, 蠕动；vi. 爬, 蔓延, 潜行",C1,,,,
crab,crab,/kræb/,vt./vi./n.,"n. 螃蟹, 偏航, 脾气乖戾的人, 沙果；vi. 捕蟹, 偏航, 发牢骚；vt. 使偏航, 抱怨, 破坏",Beyond C1,,,,
satisfied,satisfied,/'sætisfaiәd/,,a. 感到满意的,B2,,,,
worthy,worthy,/'wә:ði/,n.,"n. 杰出人物；a. 有价值的, 可敬的, 值得的",C1,,,,
hydrogen,hydrogen,/'haidrәdʒәn/,n.,n. 氢,C1,,,,
probability,probability,/.prɒbә'biliti/,n.,"n. 可能性, 或然率, 几率, 概率",B2,,,,
farming,farm,/'fɑ:miŋ/,n.,"n. 农业, 耕作",A2,,,,
vinegar,vinegar,/'vinigә/,vt./n.,"n. 醋, 尖酸刻薄；vt. 加醋于",Beyond C1,,,,
capitalism,capitalism,/'kæpitәlizәm/,n.,n. 资本主义,C1,,,,
advisory,advisory,/әd'vaizәri/,,"a. 顾问的, 咨询的, 劝告的",Beyond C1,,,,
organizer,organizer,/'ɒ:gәnaizә/,n.,"n. 组织者, 编制者, 创立者, 组织导体",B1,,,,
remedy,remedy,/'remidi/,vt./n.,"n. 药物, 治疗法, 治疗, 补救, 赔偿；vt. 治疗, 补救, 矫正, 改善, 修补, 修缮",C1,,,,
inability,inability,/.inә'biliti/,n.,"n. 无能, 无力",C1,,,,
smash,smash,/smæʃ/,vt./vi./n./adv.,"n. 打碎, 粉碎, 打碎时哗啦声, 猛击, 扣球, 杀球, 经营失败, 破产, 硬币, 假硬币；a. 非常轰动的, 了不起的；vt. 打碎, 粉碎, 击溃, 使破产, 使裂变, 使用假硬币；vi. 碎裂, 猛撞, 破产, 扣球, 杀球；adv. 轰隆一声, 哗啦一声",C1,,,,
manuscript,manuscript,/'mænjuskript/,n.,"n. 手稿, 原稿, 底稿；a. 手写的",C1,,,,
morality,morality,/mә'ræliti/,n.,"n. 道德, 教训, 品行",C1,,,,
hopeful,hopeful,/'hәupful/,n.,"n. 有希望之人, 有前途之人；a. 有希望的, 怀抱希望的, 保持乐观的",C1,,,,
disagreement,disagreement,/.disә'gri:mәnt/,n.,"n. 不合, 争论, 不一致",B2,,,,
fancy,fancy,/'fænsi/,vt./vi./n.,"n. 想象力, 幻想, 喜好；a. 想象的, 精美的, 新奇的, 奇特的, 高价的, 特级的；vt. 想象, 设想, 相信, 喜爱；vi. 想象, 幻想",B1,,,,
mandatory,mandatory,/'mændәtәri/,,"a. 命令的, 托管的",C1,,,,
purely,purely,/'pjuәli/,adv.,"adv. 纯粹地, 清白地, 贞洁地",B2,,,,
dive,dive,/daiv/,vt./vi./n.,"n. 潜水, 跳水；vi. 跳水, 俯冲, 猛冲；vt. 把...突然伸入",B2,,,,
advertise,advertise,/'ædvәtaiz/,vt./vi.,"vt. 做广告, 通知, 公布；vi. 做广告",A2,,,,
soda,soda,/'sәudә/,n.,"n. 苏打, 碳酸水",Beyond C1,,,,
bass,bass,/bæs/,n.,"n. 低沉的声音, 男低音, 椴树；a. 低音的",C1,,,,
lesser,lesser,/'lesә/,,"a. 较少的, 较小的, 次要的",C1,,,,
shiny,shiny,/'ʃaini/,,"a. 有光泽的, 发光的, 辉煌的, 磨光的, 磨损的",B1,,,,
memo,memo,/'memәu/,n.,n. 备忘录,C1,,,,
junk,junk,/dʒʌŋk/,n.,"n. 垃圾, 乌七八糟的东西, 舢板",Beyond C1,,,,
stun,stun,/stʌn/,vt./n.,"vt. 使昏迷, 使震惊, 打昏；n. 昏迷, 猛击",C1,,,,
devoted,devote,/di'vәutid/,,"a. 投入的, 深爱的",B2,,,,
mature,mature,/mә'tjuә/,vt./vi.,"a. 成熟的, 到期的, 充分考虑的；vt. 使成熟；vi. 成熟, 到期",C1,,,,
manufacture,manufacture,/.mænju'fæktʃә/,vt./vi./n.,"n. 产品, 制造；vt. 制造, 假造；vi. 制造",B2,,,,
poorly,poorly,/'puәli/,adv.,"adv. 贫穷地, 不充分地, 贫乏地；a. 身体不舒服的",Beyond C1,,,,
affection,affection,/ә'fekʃәn/,n.,"n. 影响, 病, 喜爱, 情感, 倾向",C1,,,,
warming,warm,/'wɔ:miŋ/,n.,"n. 暖和, 加温, 暖热, 温暖, (非正式)打, 鞭打",B2,,,,
stamp,stamp,/stæmp/,vt./vi./n.,"n. 印, 邮票, 打印器, 戳子, 图章, 印花税票, 标志, 特征, 类型, 跺脚；vt. 盖章于, 顿足, 贴上邮票, 铭刻, 捣碎, 扑灭；vi. 捣碎, 跺脚",A2,,,,
philosopher,philosopher,/fi'lɒsәfә/,n.,"n. 哲学家, 哲人, 思想开创人, 达观的人",C1,,,,
colored,colore,/'kʌlәd/,,a. 染色的,B1,,,,
clutch,clutch,/klʌtʃ/,vt./vi./n.,"n. 抓紧, 掌握, 离合器, 一窝小鸡；vt. 抓住, 踩汽车离合器踏板；vi. 抓",Beyond C1,,,,
silently,silently,/'sailәntli/,adv.,"adv. 默默地, 静静地",Beyond C1,,,,
breakdown,breakdown,/'breikdaun/,n.,"n. 崩溃, 故障",C1,,,,
conceal,conceal,/kәn'si:l/,vt.,"vt. 隐藏, 掩盖, 隐瞒",C1,,,,
monitoring,monitor,/'mɔnitәriŋ/,,"[计] 监控, 监督, 监视；[经] 检验, 检查, 控制",B2,,,,
curl,curl,/kә:l/,vt./vi./n.,"n. 拳曲, 鬈发；vt. 弄卷；vi. 拳曲, 弯曲",Beyond C1,,,,
kidney,kidney,/'kidni/,n.,"n. 肾, 个性",C1,,,,
nineteenth,nineteenth,/.nain'ti:nθ/,num.,"num. 第十九, 十九分之一",Beyond C1,,,,
goodness,goodness,/'gudnis/,n.,"n. 仁慈, 善良",B2,,,,
healing,healing,/'hi:liŋ/,,"a. 治愈的, 恢复健康的",B2,,,,
remarkably,remarkably,/ri'mɑ:kәbli/,adv.,"adv. 显著地, 引人注目地, 非常地",B2,,,,
literacy,literacy,/'litәrәsi/,n.,"n. 读写能力, 识字, 精通文学",C1,,,,
taxi,taxi,/'tæksi/,vt./vi./n.,n. 出租车；vi. 乘出租车；vt. 用出租车送,A1,,,,
destiny,destiny,/'destini/,n.,"n. 命运, 定数",Beyond C1,,,,
geography,geography,/dʒi'ɒgrәfi/,n.,"n. 地理学, 地理",A1,,,,
solo,solo,/'sәulәu/,vi./n.,"n. 独奏, 独唱, 单独表演；a. 单独的, 独奏的, 独唱的；vi. 放单飞",C1,,,,
leak,leak,/li:k/,vt./vi./n.,"n. 漏洞, 漏处, 漏出, 泄漏；vi. 漏, 泄漏；vt. 使渗漏",C1,,,,
greenhouse,greenhouse,/'gri:nhaus/,n.,n. 温室,B2,,,,
trillion,trillion,/'triljәn/,n.,n. 大量,B2,,,,
loving,love,/'lʌviŋ/,,"a. 亲爱的, 钟情的, 忠诚的",A1,,,,
parliament,parliament,/'pɑ:lәmәnt/,n.,"n. 国会, 议会",C1,,,,
expenditure,expenditure,/ik'spenditʃә/,n.,"n. 开支, 费用, 用光, 消费额",C1,,,,
homicide,homicide,/'hɒmisaid/,n.,"n. 杀人, 杀人者",Beyond C1,,,,
australian,australian,/ɒ'streiljәn/,n.,"n. 澳大利亚人；a. 澳大利亚的, 澳洲的, 澳洲人的",Beyond C1,,,,
herd,herd,/hә:d/,vt./vi./n.,"n. 兽群, 人群, 牧人；vt. 群集, 使成群, 放牧；vi. 聚在一起",Beyond C1,,,,
passionate,passionate,/'pæʃәnit/,,"a. 热情的, 热烈的, 易怒的, 热恋的",B2,,,,
biblical,biblical,/'biblikәl/,,a. 圣经的,Beyond C1,,,,
addiction,addiction,/ә'dikʃәn/,n.,"n. 入迷, 瘾",B2,,,,
probe,probe,/prәub/,v./n.,"n. 探索, 调查, 探针, 探测器；v. 用探针探测, 调查, 探索",C1,,,,
psychiatrist,psychiatrist,/sai'kaiәtrist/,n.,"n. 精神病医生, 精神病学家",Beyond C1,,,,
pipeline,pipeline,/'paiplain/,n.,"n. 管道, 传递途径",C1,,,,
hood,hood,/hud/,vt./n.,"n. 头巾, 兜帽, 覆盖, 强盗；vt. 罩上, 覆盖",Beyond C1,,,,
atom,atom,/'ætәm/,n.,"n. 原子, 核能, 微粒, 微量",Beyond C1,,,,
baking,bake,/'beikiŋ/,n.,"n. 烘焙, 一次烘焙的量",B1,,,,
positively,positively,,adv.,"adv. 明确地, 肯定地, 无疑地, (非正式)确实地, 真正地",Beyond C1,,,,
snack,snack,/snæk/,vi./n.,"n. 小吃, 点心, 快餐；vi. 吃零食, 吃快餐",Beyond C1,,,,
ending,end,/'endiŋ/,n.,"n. 终止, 终了, 收场",A2,,,,
charming,charm,/'tʃɑ:miŋ/,,"a. 迷人的, 有吸引力的",B2,,,,
migrant,migrant,/'maigrәnt/,n.,"n. 候鸟, 移居者",Beyond C1,,,,
competence,competence,/'kɒmpitәns/,n.,"n. 胜任, 职称, 能力",C1,,,,
supplement,supplement,/'sʌplimәnt/,vt./n.,"n. 补充物, 增刊, 补充, 补遗, 补编, 附录, 补角；vt. 补充, 增补",C1,,,,
ink,ink,/iŋk/,vt./n.,"n. 墨水, 墨汁；vt. 涂墨水于, 签署, 加墨水",B2,,,,
distress,distress,/di'stres/,vt./n.,"n. 苦恼, 贫困, 痛苦；vt. 使苦恼；a. 亏本出售的",C1,,,,
homeowner,homeowner,/'hәum.әunә/,n.,n. 私房屋主；自己拥有住房者,Beyond C1,,,,
adaptation,adaptation,/.ædæp'teiʃәn/,n.,"n. 适应, 改编, 改编本",C1,,,,
imagery,imagery,/'imidʒәri/,n.,"n. 肖像, 比喻, 雕刻",C1,,,,
pledge,pledge,/pledʒ/,vt./n.,"n. 诺言, 保证, 誓言, 抵押, 信物, 保人, 祝愿；vt. 许诺, 保证, 使发誓, 抵押, 典当, 举杯祝...健康",C1,,,,
infect,infect,/in'fekt/,vt.,"vt. 传染, 感染",C1,,,,
paradigm,paradigm,/'pærәdaim/,n.,"n. 范例, 式样, 词形变化表, 纵聚合关系语言项",Beyond C1,,,,
backward,backward,/'bækwәd/,adv.,"adv. 向后地, 相反地；a. 向后的, 相反的",B1,,,,
appetite,appetite,/'æpitait/,n.,"n. 食欲, 欲望, 爱好",C1,,,,
hierarchy,hierarchy,/'haiәrɑ:ki/,n.,"n. 等级制度, 僧侣统治, 等级体系",C1,,,,
offend,offend,/ә'fend/,v.,"v. 犯罪, 冒犯, 违反, 进攻",B2,,,,
reconstruction,reconstruction,/.ri:kәn'strʌkʃәn/,n.,"n. 改造, 再建",C1,,,,
sympathetic,sympathetic,/.simpә'θetik/,n.,"a. 有同情心的, 合意的, 赞成的；n. 交感神经, 容易感受的人",B2,,,,
hostility,hostility,/hɒs'tiliti/,n.,"n. 敌意, 敌对, 反对",C1,,,,
condom,condom,/'kɒndәm/,n.,n. 避孕套,Beyond C1,,,,
temporarily,temporarily,/'tempәrәrәli/,adv.,"adv. 暂时, 一时, 临时",B2,,,,
spectator,spectator,/spek'teitә/,n.,"n. 观众, 目击者, 旁观者",B2,,,,
litigation,litigation,/.liti'geiʃәn/,n.,"n. 诉讼, 起诉",Beyond C1,,,,
comet,comet,/'kɒmit/,n.,n. 彗星,Beyond C1,,,,
bleed,bleed,/bli:d/,vt./vi.,"vi. 流血, 悲痛, 渗出；vt. 使出血, 榨取",C1,,,,
cocktail,cocktail,/'kɒkteil/,n.,"n. 鸡尾酒, 开味品；a. 鸡尾酒会的",C1,,,,
explicitly,explicitly,,adv.,adv. 明确地；明白地,C1,,,,
choke,choke,/tʃәuk/,vt./vi./n.,"vt. 窒息, 阻塞, 噎, 抑制；vi. 窒息, 阻塞, 噎；n. 窒息, 噎, 阻气门",Beyond C1,,,,
ensemble,ensemble,/ɒn'sɒŋblә/,n.,"n. 全体, 合唱曲, (女人的)全套服装",Beyond C1,,,,
pesticide,pesticide,/'pestisaid/,n.,n. 杀虫剂,Beyond C1,,,,
pea,pea,/pi:/,n.,"n. 豌豆, 似豌豆的东西",Beyond C1,,,,
delegate,delegate,/'deligeit/,vt./n.,n. 代表；vt. 委派...为代表,C1,,,,
preservation,preservation,/.prezә'veiʃәn/,n.,"n. 保存, 保藏, 保护",C1,,,,
rotation,rotation,/rәu'teiʃәn/,n.,"n. 旋转, 循环, 轮流",C1,,,,
cautious,cautious,/'kɒ:ʃәs/,,"a. 谨慎的, 小心的",C1,,,,
tremble,tremble,/'trembl/,vi./n.,"n. 战栗, 颤抖；vi. 战栗, 忧虑, 摇晃",Beyond C1,,,,
affordable,affordable,,,[计] 普及型,B2,,,,
prejudice,prejudice,/'predʒudis/,vt./n.,"n. 偏见, 成见, 侵害；vt. 使存偏见, 使有成见, 侵害",C1,,,,
certificate,certificate,/sә'tifikeit/,vt./n.,"n. 证书, 证明书；vt. 发给证明书, 用证书批准, 用证书证明",B2,,,,
designate,designate,/'dezigneit/,vt.,"vt. 指定, 指明, 称呼；a. 已选出而未上任的",C1,,,,
robe,robe,/rәub/,v./n.,"n. 宽松长袍, 礼服, 披肩, 覆盖物；v. (给)穿长袍",Beyond C1,,,,
abruptly,abruptly,/ә'brʌptli/,adv.,"adv. 突然地, 唐突地",Beyond C1,,,,
mercy,mercy,/'mә:si/,n.,"n. 仁慈, 宽恕, 慈悲, 怜悯, 幸运",C1,,,,
cult,cult,/kʌlt/,n.,"n. 膜拜, 礼拜式, 祭仪, 一群信徒",C1,,,,
classmate,classmate,/'klɑ:smeit/,n.,n. 同班同学,Beyond C1,,,,
nursing,nurse,/'nә:siŋ/,n.,"n. 看护, 养育",B2,,,,
motel,motel,/mәu'tel/,n.,n. 汽车旅馆,Beyond C1,,,,
hatred,hatred,/'heitrid/,n.,"n. 憎恨, 仇恨, 憎恶",C1,,,,
diameter,diameter,/dai'æmitә/,n.,n. 直径,Beyond C1,,,,
enlist,enlist,/in'list/,vt./vi.,"vt. 征募, 参与, 谋取；vi. 从军, 应募, 赞助",Beyond C1,,,,
acute,acute,/ә'kju:t/,,"a. 尖锐的, 敏锐的, 激烈的, 严重的, 急性的",C1,,,,
predecessor,predecessor,/.predi'sesә/,n.,"n. 前任, 先辈, 前身",C1,,,,
induce,induce,/in'dju:s/,vt.,"vt. 引诱, 招致, 归纳出, 感应",C1,,,,
rookie,rookie,/'ruki/,n.,n. 新手,C1,,,,
disclosure,disclosure,/dis'klәuʒә/,n.,"n. 揭发, 泄露, 揭发(或暴露)的事实",C1,,,,
juvenile,juvenile,/'dʒu:vinail/,n.,"n. 少年, 少年读物；a. 少年的, 不成熟的, 适于少年的",Beyond C1,,,,
gown,gown,/gaun/,vt./n.,"n. 睡衣, 法衣, 大学全体师生；vt. 使穿睡衣",Beyond C1,,,,
notably,notably,/'nәjtbәli/,adv.,"adv. 显著地, 著名地, 尤其, 特别",C1,,,,
correlate,correlate,/'kɒrәleit/,vt./vi./n.,"n. 有相互关系的东西, 相关物；vt. 使有相互关系；vi. 相关",C1,,,,
halt,halt,/hɒ:lt/,vt./vi./n.,"n. 停止, 立定, 休息；vt. 使停止, 使立定；vi. 立定, 停止, 蹒跚, 踌躇, 有缺点",C1,,,,
persistent,persistent,/pә'sistәnt/,,"a. 固执的, 坚持的, 持续的, 作用持久的",C1,,,,
humanitarian,humanitarian,/hju:.mæni'tєәriәn/,n.,"n. 人道主义者, 博爱者, 基督凡人论者；a. 人道主义的, 博爱的, 凡人论的",C1,,,,
torture,torture,/'tɒ:tʃә/,vt./n.,"n. 拷问, 苦闷；vt. 拷问, 曲解, 折磨, 使弯曲",C1,,,,
exile,exile,/'eksail/,vt./n.,"n. 放逐, 流放, 被放逐者；vt. 放逐, 流放, 使背井离乡",C1,,,,
chorus,chorus,/'kɒ:rәs/,v./n.,"n. 合唱队, 齐声；v. 齐声说道, 合唱",Beyond C1,,,,
roar,roar,/rɒ:/,vt./vi./n.,"n. 吼, 咆哮, 轰鸣；vi. 吼, 大声说出, 叫喊, 喧闹；vt. 呼喊, 使轰鸣",Beyond C1,,,,
architectural,architectural,/.ɑ:ki'tektʃәrәl/,,"a. 有关建筑的, 建筑学的",C1,,,,
comic,comic,/'kɒmik/,n.,"n. 连环漫画, 喜剧演员, 滑稽的人；a. 滑稽的, 有趣的, 喜剧的",B2,,,,
revive,revive,/ri'vaiv/,vt./vi.,"vt. 使苏醒, 使复兴, 使振奋, 回想起, 重播；vi. 苏醒, 复活, 复兴, 恢复精神",C1,,,,
fountain,fountain,/'fauntin/,n.,"n. 水源, 源, 喷泉, 泉水, 本源",Beyond C1,,,,
revenge,revenge,/ri'vendʒ/,vt./n.,"n. 报仇, 复仇, 报复；vt. 报仇, 报复",Beyond C1,,,,
sour,sour,/'sauә/,vt./vi./n.,"a. 酸的, 酸臭的, 发酵的, 愠怒的, 讨厌的, 拙劣的, 不健全的；vi. 变酸, 发酵, 厌烦, 变坏；vt. 使变酸, 使失望；n. 酸味, 酸饮料",Beyond C1,,,,
unclear,unclear,/.ʌn'kliә/,,"a. 不易了解的, 不清楚的, 含混的",Beyond C1,,,,
endangered,endanger,/in'deindʒәd/,,a. 有生命危险的；濒临灭绝的,Beyond C1,,,,
reside,reside,/ri'zaid/,vi.,"vi. 住, 居留, 属于",C1,,,,
empirical,empirical,/em'pirikәl/,,"a. 完全跟据经验的, 经验主义的",C1,,,,
caution,caution,/'kɒ:ʃәn/,vt./n.,"n. 小心, 慎重, 警示；vt. 警告",C1,,,,
originate,originate,/ә'ridʒineit/,vt./vi.,"vt. 创始, 发明, 发起；vi. 发源, 发生, 起航",C1,,,,
lure,lure,/luә/,vt./n.,"n. 饵, 诱惑；vt. 引诱, 诱惑",Beyond C1,,,,
compile,compile,/kәm'pail/,vt.,"vt. 编译, 编辑, 编纂, 收集",C1,,,,
nationally,nationally,/'næʃәnәli/,adv.,"adv. 作为整个民族, 举国一致地, 全国性地",Beyond C1,,,,
erupt,erupt,/i'rʌpt/,vt./vi.,vi. 爆发；vt. 喷出,B2,,,,
loom,loom,/lu:m/,vi./n.,"n. 织布机, 若隐若现的景象；vi. 朦胧地出现, 隐约可见, 可怕地出现",C1,,,,
notable,notable,/'nәutәbl/,n.,"n. 著名人士, 值得注意之事物；a. 值得注意的, 显著的",C1,,,,
witch,witch,/witʃ/,vt./n.,"n. 巫婆, 女巫；vt. 施巫术, 迷惑",Beyond C1,,,,
endorsement,endorsement,/in'dɒ:smәnt/,n.,"n. 支持, 认可, 背书",C1,,,,
dusty,dusty,/'dʌsti/,,"a. 灰尘多的, 无聊的, 含糊的, 粉末状的",Beyond C1,,,,
cane,cane,/kein/,vt./n.,"n. 手杖, 细长的茎, 藤条；vt. 以杖击, 以藤编制",Beyond C1,,,,
fortunate,fortunate,/'fɒ:tʃәnit/,,"a. 幸运的, 幸福的",B2,,,,
rap,rap,/ræp/,vt./vi./n.,"n. 轻敲, 拍击, 责骂, 无价值的东西；vt. 轻敲, 厉声说出, 叱责, 抢走, 使着迷；vi. 敲击, 发敲击声, 交谈, 同情",Beyond C1,,,,
forge,forge,/fɒ:dʒ/,vt./vi./n.,"n. 熔炉, 铁工厂；vt. 打制, 锻造, 伪造；vi. 锻造, 伪造",C1,,,,
surgical,surgical,/'sә:dʒikl/,n.,"a. 外科的, 外科医生的, 手术上的；n. 外科病例, 外科病房, 外科手术",C1,,,,
aging,aging,/'eidʒiŋ/,n.,"n. 老化, 变陈",A1,,,,
disrupt,disrupt,/dis'rʌpt/,vt.,"a. 分裂的, 中断的；vt. 使分裂, 使瓦解",C1,,,,
breakthrough,breakthrough,/'breikθru:/,n.,n. 突破,C1,,,,
established,establish,/is'tæbliʃt/,,"a. (被)建立的, 固定的, 既定的, 确定的, 确认的, 确立的, (被)制定的",B2,,,,
specialized,specialized,,,"a. 专门的, 特别的, 专科的, 特化的, 专化的",C1,,,,
odor,odor,/'әudә/,n.,"n. 气味, 香味, 名声, 意味",Beyond C1,,,,
slim,slim,/slim/,vt./vi.,"a. 瘦的, 苗条的, 微小的, 稀少的, 微薄的；vi. 变苗条；vt. 使苗条",Beyond C1,,,,
desirable,desirable,/di'zairәbl/,,"a. 令人想望的, 可取的",C1,,,,
remains,remain,/ri'meins/,n.,"n. 剩余物, 废墟, 残余",C1,,,,
lobbyist,lobbyist,/'lɔbiist/,n.,n. 说客,Beyond C1,,,,
alert,alert,/ә'lә:t/,vt./n.,"a. 警觉的, 灵敏的, 留心的；n. 警报；vt. 使警觉, 通知, 使意识到",C1,,,,
allege,allege,/ә'ledʒ/,vt.,"vt. 宣称, 主张, 提出, 断言",C1,,,,
avenue,avenue,/'ævәnju:/,n.,"n. 大街, 途径, 林荫路",Beyond C1,,,,
countryside,countryside,/'kʌntrisaid/,n.,"n. 乡下地方, 乡下居民",B1,,,,
hut,hut,/hʌt/,v./n.,"n. 小屋, 茅舍, 临时军营；v. (使)住在茅舍",Beyond C1,,,,
attain,attain,/ә'tein/,vt./vi.,"vt. 达到, 获得；vi. 达到",C1,,,,
sixteen,sixteen,/'siks'ti:n/,num.,"num. 十六, 十六个",A1,,,,
holding,hold,/'hәuldiŋ/,n.,"n. 把持, 支持, 保持",A2,,,,
dinosaur,dinosaur,/'dainәsɒ:/,n.,n. 恐龙,Beyond C1,,,,
excite,excite,/ik'sait/,vt.,"vt. 刺激, 使兴奋, 激励",Beyond C1,,,,
urgent,urgent,/'ә:dʒәnt/,,"a. 紧急的, 急迫的, 催逼的",B2,,,,
choir,choir,/'kwaiә/,v./n.,"n. 唱诗班, 唱诗班的席位；v. 合唱",C1,,,,
pronounce,pronounce,/prә'nauns/,v.,"v. 发音, 宣告, 断言",A2,,,,
banner,banner,/'bænә/,n.,"n. 旗帜；a. 显著的, 特别好的",C1,,,,
insider,insider,/'in'saidә/,n.,"n. 内部的人, 权威人士, 知道内情的人",C1,,,,
rising,rise,/'raiziŋ/,n.,"n. 上升, 造反, 叛乱；a. 上升的, 高涨的, 新兴的",A2,,,,
confine,confine,/kәn'fain/,vt./vi./n.,"vt. 限制, 使不外出, 禁闭；vi. 邻接, 交界；n. 边缘, 范围, 区域",C1,,,,
assertion,assertion,/ә'sә:ʃәn/,n.,"n. 断言, 主张",C1,,,,
orthodox,orthodox,/'ɒ:θәdɒks/,,"a. 正统的, 传统的, 惯常的",Beyond C1,,,,
underground,underground,/'ʌndәgraund/,n./adv.,"n. 地下, 地铁, 地道, 秘密活动；a. 地下的, 秘密的；adv. 在地下, 秘密地",A2,,,,
outbreak,outbreak,/'autbreik/,n.,"n. 爆发, 暴动",C1,,,,
strand,strand,/strænd/,vt./vi./n.,"n. (绳索的)股, 绳, 串, 海滨, 河岸；vi. 搁浅；vt. 使搁浅, 使落后, 使陷于困境, 弄断, 搓",C1,,,,
payroll,payroll,/'peirәul/,n.,"n. 工资名单, 饷金名单, 发放的工资总额",Beyond C1,,,,
freshly,freshly,/'freʃli/,adv.,"adv. 新, 新近, 精神饱满",Beyond C1,,,,
orchestra,orchestra,/'ɒ:kistrә/,n.,"n. 管弦乐队, 乐队演奏处",B2,,,,
grim,grim,/grim/,,"a. 冷酷的, 坚强的, 残忍的, 可怕的, 讨厌的",Beyond C1,,,,
winning,win,/'winiŋ/,n.,"n. 胜利, 获得, 成功, 赢得物；a. 得胜的, 胜利的",A1,,,,
bead,bead,/bi:d/,vt./vi./n.,"n. 珠子, 滴；vt. 用珠装饰；vi. 形成珠",Beyond C1,,,,
profitable,profitable,/'prɒfitәbl/,,"a. 有利润的, 有利益的, 赚钱的",C1,,,,
drought,drought,/draut/,n.,"n. 干旱, 缺乏",B2,,,,
uphold,uphold,/ʌp'hәuld/,vt.,"vt. 支撑, 赞成, 鼓励, 举起, 坚持",C1,,,,
commentator,commentator,/'kɔmenteitә/,n.,"n. 评论员, 实况广播员, 注释者, 时事评论员",C1,,,,
hazardous,hazardous,/'hæzәdәs/,,"a. 危险的, 冒险的, 碰运气的",Beyond C1,,,,
confirmation,confirmation,/.kɒnfә'meiʃәn/,n.,"n. 证实, 证明, 批准, 确认",C1,,,,
believer,believer,/bi'li:vә/,n.,n. 信徒,Beyond C1,,,,
wireless,wireless,/'waiәlis/,n.,"n. 无线电；a. 无线的, 无线电的",Beyond C1,,,,
proceedings,proceeding,,n.,"n. 诉讼, 事项, 行径, 事件, 活动, 项目, 会议录, 记录汇编, 活动记录",C1,,,,
merge,merge,/mә:dʒ/,vt./vi.,"vt. 使合并, 使消失, 吞没；vi. 合并, 渐渐消失",C1,,,,
shaft,shaft,/ʃæft/,vt./n.,"n. 轴, 箭杆, 矛, 矿井；vt. 装杆于, 利用",Beyond C1,,,,
theft,theft,/θeft/,n.,"n. 盗窃, 失窃, 盗窃罪, 赃物",B2,,,,
convenient,convenient,/kәn'vi:njәnt/,,"a. 方便的, 合宜的",B1,,,,
accommodation,accommodation,/ә.kɒmә'deiʃәn/,n.,"n. 膳宿, 预订铺位, 适应性调节, 调和, 贷款",B2,,,,
frog,frog,/frɒg/,n.,n. 青蛙,A2,,,,
grind,grind,/graind/,vt./vi./n.,"n. 磨, 碾, 苦差, 摩擦声, 用功的学生；vt. 磨擦, 磨碎, 磨光, 折磨, 压榨；vi. 磨, 磨碎, 苦干",C1,,,,
elected,elect,/i'lektid/,vt.,"vt. 选举, 推选",B2,,,,
vanilla,vanilla,/vә'nilә/,n.,"n. 香草, 香子兰",Beyond C1,,,,
prescribe,prescribe,/pris'kraib/,v.,"v. 规定, 指定, 嘱咐, 开处方",C1,,,,
wounded,wound,,,a. 受伤的,B2,,,,
lone,lone,/lәun/,,"a. 孤单的, 孤立的, 单身的, 寂寞的",Beyond C1,,,,
registration,registration,/.redʒi'streiʃәn/,n.,"n. 登记, 挂号, 注册",B2,,,,
shotgun,shotgun,/'ʃɒtgʌn/,v./n.,"n. 散弹猎枪, 媒人；v. 用猎枪射击",Beyond C1,,,,
courtesy,courtesy,/'kә:tisi/,n.,"n. 礼貌, 谦恭, 好意",C1,,,,
graphic,graphic,/'græfik/,,"a. 生动的, 轮廓分明的, 绘画似的, 图解的",B2,,,,
subway,subway,/'sʌbwei/,vi./n.,"n. 地铁, 地道；vi. 乘地铁",A2,,,,
circulation,circulation,/.sә:kju'leiʃәn/,n.,"n. 流通, 循环, 发行量",C1,,,,
transplant,transplant,/træns'plɑ:nt/,vt./vi./n.,"vt. 使移居, 移植, 使迁移；vi. 移居, 耐移植；n. 移居者, 移植",Beyond C1,,,,
explosive,explosive,/ik'splәusiv/,n.,"n. 炸药, 爆破音；a. 易爆发的, 爆炸的, 暴躁的",C1,,,,
illuminate,illuminate,/i'lju:mineit/,vt./vi.,"vt. 照明, 用灯装饰, 阐明, 说明, 使灿烂；vi. 照亮, 用灯装饰",Beyond C1,,,,
venue,venue,/'venju:/,n.,"n. 犯罪地点, 审判地, 发生地点",B2,,,,
congressman,congressman,/'kɒŋgresmәn/,n.,"n. 国会议员, 众议院议员",Beyond C1,,,,
nazi,nazi,/'nɑ:tsi/,n.,n. 纳粹党人；a. 纳粹党的,Beyond C1,,,,
penetrate,penetrate,/'penitreit/,vt./vi.,"vt. 穿透, 刺穿, 渗透, 看穿, 洞察, 了解, 使充溢；vi. 刺入, 看穿, 渗透, 打进",Beyond C1,,,,
evolutionary,evolutionary,"/,i:vә'lu:ʃәnәri/",,"a. 展开的, 进化论的, 进化的, 发展的",C1,,,,
canal,canal,/kә'næl/,vt./n.,"n. 运河, 水道, 管, 沟渠；vt. 开运河",B2,,,,
grill,grill,/gril/,v./n.,"n. 烤架, 铁格子, 烤肉；v. 烧, 烤, 严加盘问, 给...装栅栏",Beyond C1,,,,
unnecessary,unnecessary,/.ʌn'nesәsәri/,,a. 不必要的,B1,,,,
innocence,innocence,/'inәsәns/,n.,"n. 无罪, 无知, 天真无邪",Beyond C1,,,,
parameter,parameter,/pә'ræmitә/,n.,"n. 参变数, 参变量, 参数, 参量",C1,,,,
flaw,flaw,/flɒ:/,n.,"n. 缺点, 裂纹, 瑕疵, 一阵狂风",C1,,,,
champagne,champagne,/ʃæm'pein/,n.,"n. 香槟酒, 香槟酒色",Beyond C1,,,,
optimism,optimism,/'ɒptimizm/,n.,"n. 乐观主义, 乐观, 乐天",C1,,,,
skinny,skinny,/'skini/,,"a. 似皮的, 极瘦的, 少的, 小气的",Beyond C1,,,,
regression,regression,/ri'greʃәn/,n.,"n. 退步, 回归",Beyond C1,,,,
posture,posture,/'pɒstʃә/,vt./vi./n.,"n. 姿势, 态度, 情形, 形势；vt. 作...的姿势；vi. 作姿势",Beyond C1,,,,
demon,demon,/'di:mәn/,n.,n. 魔鬼,C1,,,,
systematic,systematic,/.sisti'mætik/,,"a. 有系统的, 分类上的, 体系的",C1,,,,
inclusion,inclusion,/in'kluʒәn/,n.,"n. 包含, 内含物",C1,,,,
viking,viking,/'vaikiŋ/,n.,n. 海盗,Beyond C1,,,,
reassure,reassure,/.ri:ә'ʃuә/,vt.,"vt. 使...安心, 向...再保证",C1,,,,
resulting,result,/ri'zʌltiŋ/,,"[计] 结果的, 合成的",A1,,,,
pope,pope,/pәup/,n.,"n. 罗马教皇, 主教",Beyond C1,,,,
rehearsal,rehearsal,/ri'hә:sl/,n.,"n. 预演, 排演, 练习, 叙述, 复述",Beyond C1,,,,
invoke,invoke,/in'vәuk/,vt.,"vt. 祈求, 恳求, 实行, 援引, 引起",C1,,,,
correspond,correspond,/.kɒri'spɒnd/,vi.,"vi. 符合, 通信, 相当",C1,,,,
discard,discard,/dis'kɑ:d/,vt./vi./n.,"vt. 丢弃, 抛弃；vi. 垫牌；n. 垫牌, 抛弃",C1,,,,
revival,revival,/ri'vaivl/,n.,"n. 复兴, 复活, 恢复精神, 苏醒",C1,,,,
tub,tub,/tʌb/,vt./vi./n.,"n. 桶, 浴盆；vt. 装入桶, 洗澡；vi. 洗盆浴, 被放在桶里洗",Beyond C1,,,,
restraint,restraint,/ri'streint/,n.,"n. 抑制, 克制, 束缚",C1,,,,
sunni,sunni,/'suni:/,n.,n. 〈伊斯兰〉逊尼派教徒,Beyond C1,,,,
prospective,prospective,/prәs'pektiv/,,"a. 预期的, 将来的",C1,,,,
theirs,theirs,/ðєәz/,pron.,pron. 他们的,B1,,,,
murderer,murderer,/'mә:dәrә/,n.,"n. 凶手, 杀人者, 谋害者",B1,,,,
tin,tin,/tin/,vt./n.,"n. 锡, 马口铁, 罐头；vt. 在...镀锡于；a. 锡制的",Beyond C1,,,,
abundance,abundance,/ә'bʌndәns/,n.,"n. 丰富, 充足, 大量",Beyond C1,,,,
duration,duration,/dju'reiʃәn/,n.,"n. 持续时间, 持续",B2,,,,
despair,despair,/di'spєә/,vi./n.,"n. 绝望, 失望；vi. 绝望",Beyond C1,,,,
proposition,proposition,/.prɒpә'ziʃәn/,vt./n.,"n. 建议, 命题, 主张；vt. 向...提议, 向...提出猥亵的要求",C1,,,,
lime,lime,/laim/,vt./n.,"n. 石灰, 粘鸟胶, 酸橙；vt. 以石灰处理, 粘鸟胶于, 撒石灰",Beyond C1,,,,
attendant,attendant,/ә'tendәnt/,n.,"n. 随从, 侍者, 出席者；a. 侍候的, 伴随的, 出席的, 在场的",Beyond C1,,,,
fulfill,fulfill,/ful'fil/,vt.,"vt. 实践, 履行, 实行, 完成, 结束, 满足",B2,,,,
ethnicity,ethnicity,/eθ'nisәti/,n.,n. 种族划分,Beyond C1,,,,
successor,successor,/sәk'sesә/,n.,"n. 继承者, 接任者",C1,,,,
assassination,assassination,/ә.sæsi'neiʃәn/,n.,n. 暗杀,C1,,,,
handling,handle,/'hændliŋ/,n.,n. 处理；a. 操作的,C1,,,,
geographic,geographic,"/,dʒiә'^ræfik/",,"a. 地理(学)的, 地区(性)的",Beyond C1,,,,
strawberry,strawberry,/'strɒ:bәri/,n.,n. 草莓,Beyond C1,,,,
atomic,atomic,/ә'tɒmik/,,"a. 原子的, 原子能的",Beyond C1,,,,
crying,cry,/'kraiiŋ/,,"a. 叫喊的, 嚎哭的, 迫切的, 臭名昭著的",A2,,,,
holder,holder,/'hәuldә/,n.,"n. 持有人, 所有人, 支持物",A2,,,,
portable,portable,/'pɒ:tәbl/,,"a. 可携带的, 可搬运的, 可移动的",Beyond C1,,,,
guerrilla,guerrilla,/gә'rilә/,n.,n. 游击队,C1,,,,
clarity,clarity,/'klærәti/,n.,"n. 清楚, 明晰",C1,,,,
environmentalist,environmentalist,"/in,vaiәrәn'mentlist/",n.,n. 环保人士,Beyond C1,,,,
verse,verse,/vә:s/,vt./vi./n.,"n. 诗, 韵文, 诗句；vt. 用诗表达；vi. 作诗",C1,,,,
moisture,moisture,/'mɒistʃә/,n.,"n. 湿气, 水分, 降雨",Beyond C1,,,,
trophy,trophy,/'trәufi/,vt./n.,"n. 战利品, 奖品；vt. 用战利品装饰",C1,,,,
parenting,parenting,/'pεәrәntiŋ/,n.,n. 父母对子女的养育,A1,,,,
ironic,ironic,/aiә'rɔnik/,,"a. 冷嘲的, 挖苦的, 反话的, 讽刺的, 令人啼笑皆非的, 出乎意料的",C1,,,,
contradiction,contradiction,/.kɒntrә'dikʃәn/,n.,"n. 反驳, 矛盾",C1,,,,
rattle,rattle,/'rætl/,vt./vi./n.,"vt. 使嘎嘎响, 喋喋不休地说；vi. 格格响, 喋喋不休；n. 格格声, 拨浪鼓, 喋喋不休的话",Beyond C1,,,,
shatter,shatter,/'ʃætә/,vt./vi./n.,"n. 碎片, 粉碎, 落叶, 喷洒；vt. 打碎, 使散开, 粉碎, 破坏；vi. 粉碎, 损坏, 脱落",C1,,,,
descent,descent,/di'sent/,n.,"n. 降落, 家系, 侵袭, 血统",C1,,,,
startle,startle,/'stɑ:tl/,vt./vi./n.,"n. 惊愕, 惊恐；vt. 吃惊, 使惊愕；vi. 惊起",Beyond C1,,,,
widen,widen,/'waidn/,vt./vi.,"vt. 弄宽, 加宽, 扩大；vi. 变宽, 扩大",C1,,,,
gorgeous,gorgeous,/'gɒ:dʒәs/,,"a. 华丽的, 灿烂的",B2,,,,
tease,tease,/ti:z/,vt./n.,"n. 揶揄, 戏弄, 逗惹；vt. 戏弄, 取笑, 强求, 梳理, 使起毛",Beyond C1,,,,
waiter,waiter,/'weitә/,n.,n. 侍者,A1,,,,
gospel,gospel,/'gɒspәl/,n.,"n. 福音, 信仰, 真理",Beyond C1,,,,
separately,separately,/'sepәrәtli/,adv.,"adv. [表]分开, 不相连, 分隔, 分离, 不同, 单独, 独立, 各自, 各别, 脱离肉体, 灵魂；[计] 分离地",Beyond C1,,,,
vow,vow,/vau/,vt./vi./n.,"n. 誓约, 誓言, 许愿；vi. 起誓, 发誓, 郑重宣言；vt. 立誓, 起誓要, 郑重地宣布",C1,,,,
semester,semester,/si'mestә/,n.,n. 学期,Beyond C1,,,,
precision,precision,/pri'siʒәn/,n.,"n. 精密, 精确, 精确度, 精度；a. 精密的, 精确的",C1,,,,
downstairs,downstairs,/'daun'stєәz/,n./adv.,n. 楼下；a. 楼下的；adv. 在楼下,A1,,,,
cutting,cut,/'kʌtiŋ/,n.,"n. 切断, 切下, 路堑",C1,,,,
rigid,rigid,/'ridʒid/,,"a. 坚硬的, 刚性的, 严格的, 精密的, 刻板的",Beyond C1,,,,
jam,jam,/dʒæm/,vt./vi./n.,"n. 果酱, 拥塞之物, 堵塞, 困境；vt. 挤进, 使塞满, 混杂, 压碎, 使堵塞；vi. 堵塞, 轧住, 拥挤",A2,,,,
hometown,hometown,/hәum'taun/,n.,"n. 故乡, 家乡",Beyond C1,,,,
tumble,tumble,/tʌmbl/,vt./vi./n.,"n. 跌倒, 摔跤, 翻斤斗；vi. 翻倒, 摔倒, 倒塌, 滚动, 翻斤斗, 仓促地行动；vt. 使摔倒, 使滚翻, 弄乱",Beyond C1,,,,
financially,financially,,adv.,adv. 金融上；财政上,Beyond C1,,,,
statistically,statistically,,adv.,"adv. 用统计的方法, 统计学上",Beyond C1,,,,
backup,backup,/'bækʌp/,vt./n.,"n. 倒车, 后退, 后援, 支持, 阻塞；vt. 做备份；a. 候补的, 支持的",C1,,,,
detector,detector,/di'tektә/,n.,"n. 发现者, 检验器, 检波器",Beyond C1,,,,
psychiatric,psychiatric,/saiki'ætrik; (?@) si-/,,"a. 精神病学的, 医精神病的",C1,,,,
grid,grid,/grid/,n.,"n. 格子, 栅格",C1,,,,
eighteen,eighteen,/'ei'ti:n/,num.,"num. 十八, 十八个",A1,,,,
rotate,rotate,/'rәuteit/,vt./vi.,"a. 辐状的；vt. 使旋转, 使转动, 使轮流；vi. 旋转, 循环",C1,,,,
recount,recount,/ri'kaunt/,vt./n.,"vt. 详述, 叙述, 重新计算；n. 重新计算",Beyond C1,,,,
spotlight,spotlight,/'spɒtlait/,n.,"n. 照明灯, 反光灯, 聚光灯",C1,,,,
settler,settler,/'setlә/,n.,"n. 移民者, 解决者, 结算员",B2,,,,
polite,polite,/pә'lait/,,"a. 有礼貌的, 文雅的, 客气的, 有教养的",A2,,,,
magnificent,magnificent,/mæg'nifisnt/,,"a. 华丽的, 高尚的, 宏伟的",C1,,,,
scrape,scrape,/skreip/,vt./vi./n.,"n. 刮, 擦, 挖, 擦痕, 刮擦声, 困境；vi. 刮掉, 擦掉, 刮出刺耳声；vt. 刮, 擦, 擦伤, 挖成, 积蓄",Beyond C1,,,,
contrary,contrary,/'kɒntrәri/,n./adv.,"a. 相反的, 矛盾的, 对立的；n. 相反, 对立面；adv. 相反地",C1,,,,
superintendent,superintendent,"/,sju:pәrin'tendәnt/",n.,"n. 监督人, 主管人, 主日学校校长",C1,,,,
optical,optical,/'ɒptikl/,,"a. 眼睛的, 视觉的, 光学的",C1,,,,
fourteen,fourteen,/'fɒ:'ti:n/,num.,"num. 十四, 十四个",A1,,,,
ambulance,ambulance,/'æmbjulәns/,n.,n. 救护车,B2,,,,
prey,prey,/prei/,vi./n.,"n. 被掠食者, 牺牲者；vi. 捕食",C1,,,,
audit,audit,/'ɒ:dit/,vt./vi./n.,"n. 审计, 查帐；vt. 查(帐), 旁听；vi. 查账",C1,,,,
bump,bump,/bʌmp/,vt./vi./n.,"n. 撞击, 肿块；vt. 碰撞；vi. 撞, 颠簸而行",Beyond C1,,,,
peculiar,peculiar,/pi'kju:ljә/,n.,"a. 奇特的, 罕见的, 特殊的, 特别的；n. 特有财产, 特权",C1,,,,
sadness,sadness,/'sædnis/,n.,"n. 悲哀, 悲伤",Beyond C1,,,,
supporting,support,/sә'pɔ:tiŋ/,,a. 次要的；支持的；辅助性的,A2,,,,
enthusiastic,enthusiastic,/in.θju:zi'æstik/,,"a. 狂热的, 热心的, 热烈的",B2,,,,
continually,continually,/kәn'tinjuәli/,adv.,"adv. 不断地, 频繁地",C1,,,,
firefighter,firefighter,/ˈfaɪəfaɪtə(r)/,n.,n. <美>消防队员,B2,,,,
applicant,applicant,/'æplikәnt/,n.,n. 申请者,B2,,,,
supper,supper,/'sʌpә/,n.,n. 晚餐,Beyond C1,,,,
egyptian,egyptian,/i'dʒipʃәn/,n.,"n. 埃及人；a. 埃及的, 埃及人的",Beyond C1,,,,
absent,absent,/'æbsәnt/,vt.,"a. 缺席的, 不在的, 缺乏的, 漫不经心的；vt. 使缺席",C1,,,,
injured,injure,/'indʒәd/,,"a. 受伤的, 受损害的, 被触怒的",B1,,,,
modem,modem,/'mәudem/,n.,n. 调制解调器,Beyond C1,,,,
salvation,salvation,/sæl'veiʃә/,n.,"n. 拯救, 救助, 救世",Beyond C1,,,,
conceptual,conceptual,/kәn'septʃuәl/,,a. 概念的,Beyond C1,,,,
modification,modification,/.mɒdifi'keiʃәn/,n.,"n. 修正, 修饰, 修改",C1,,,,
namely,namely,/'neimli/,adv.,"adv. 即, 就是, 换句话说",C1,,,,
visa,visa,/'vi:zә/,vt./n.,n. 签证；vt. 签发,B2,,,,
renew,renew,/ri'nju:/,vt./vi.,"vt. 使更新, 使恢复, 复兴, 修补, 补充, 继续, 重订, 重申, 续借；vi. 更新, 重新开始",C1,,,,
overhead,overhead,/'әuvәhed/,n./adv.,"n. 经常开支, 普通用费, 天花板；a. 在头上的, 高架的；adv. 在头顶上, 在空中, 在高处, 从头到脚全部没入地",Beyond C1,,,,
goose,goose,/gu:s/,vt./n.,"n. 鹅, 雌鹅, 鹅肉, 弯把熨斗；vt. 与...性交, 突然加大油门, 使生色, 喝倒彩",Beyond C1,,,,
fireplace,fireplace,/'faiәpleis/,n.,n. 壁炉,Beyond C1,,,,
peach,peach,/pi:tʃ/,vt./vi./n.,"n. 桃子, 桃树, 桃色, 美人儿, 极好的事物；vt. 告发；vi. 告密, 检举",Beyond C1,,,,
summarize,summarize,/'sʌmәraiz/,v.,"v. 概述, 总结",B1,,,,
nurture,nurture,/'nә:tʃә/,vt./n.,"n. 养育, 营养物, 培育；vt. 养育, 供给营养物, 教养",Beyond C1,,,,
caribbean,caribbean,/.kæri'bi:әn/,n.,"n. 加勒比海；a. 加勒比海的, 加勒比人的",Beyond C1,,,,
frighten,frighten,/'fraitn/,vt./vi.,vt. 使惊吓；vi. 惊恐,B1,,,,
formally,formally,/'fɒ:mәli/,adv.,"adv. 正式地, 形式上",Beyond C1,,,,
vivid,vivid,/'vivid/,,"a. 生动的, 鲜明的, 鲜艳的, 活泼的, 逼真的, 清晰的",Beyond C1,,,,
frightening,frighten,/'fraitәniŋ/,,a. 令人恐惧的；引起突然惊恐的,B1,,,,
keyboard,keyboard,/'ki:bɒ:d/,n.,n. 键盘,B1,,,,
poison,poison,/'pɒizn/,vt./vi./n.,"n. 毒药, 毒, 毒物, 有毒害的事物；vt. 毒害, 毒杀, 使中毒；vi. 放毒, 下毒",B1,,,,
communist,communist,/'kɒmjunist/,n.,"n. 共产主义者, 共产党员",C1,,,,
tenant,tenant,/'tenәnt/,vt./n.,"n. 承租人, 房客, 居住者；vt. 租借",C1,,,,
furious,furious,/'fjuәriәs/,,"a. 狂怒的, 激烈的, 吵闹的",B2,,,,
undoubtedly,undoubtedly,/ʌn'dajtidli/,adv.,"adv. 无疑, 必定, 确实地",C1,,,,
repeated,repeat,/ri'pi:tid/,,"a. 重复的, 再三的",B1,,,,
rocky,rocky,/'rɒki/,,"a. 岩石的, 多石的, 像岩石的, 无情的, 摇动的, 摇晃的",Beyond C1,,,,
omit,omit,/әu'mit/,vt.,"vt. 省略, 删除, 疏忽, 遗漏",Beyond C1,,,,
ruler,ruler,/'ru:lә/,n.,"n. 统治者, 管理者, 尺, 直尺；n. 划线板",Beyond C1,,,,
noble,noble,/'nәubl/,n.,"n. 贵族；a. 高贵的, 高尚的, 贵族的, 辉煌的",C1,,,,
spider,spider,/'spaidә/,n.,"n. 蜘蛛, 设圈套者",A2,,,,
turkish,turkish,/'tә:kiʃ/,n.,"n. 土耳其语；a. 土耳其的, 土耳其人的, 土耳其语的",Beyond C1,,,,
obsession,obsession,/әb'seʃәn/,n.,"n. 困扰, 困扰人的情绪",C1,,,,
corpse,corpse,/kɒ:ps/,n.,n. 尸体,Beyond C1,,,,
certainty,certainty,/'sә:tәnti/,n.,"n. 确定, 确实的事情",B2,,,,
problematic,problematic,/prɔblә'mætik/,,"a. 成问题的, 未定的, 疑难的, 有疑问的, 盖然性的, 或然性的",C1,,,,
damp,damp,/dæmp/,vt./vi./n.,"n. 潮湿, 湿气；a. 潮湿的；vt. 使潮湿, 使阻尼, 抑止；vi. 变潮湿, 衰减",Beyond C1,,,,
nutrition,nutrition,/nju:'triʃәn/,n.,"n. 营养, 营养学",B2,,,,
vocabulary,vocabulary,/vә'kæbjulәri/,n.,"n. 词汇(量), 词汇表",Beyond C1,,,,
melody,melody,/'melәdi/,n.,"n. 曲子, 美妙音乐, 曲调",C1,,,,
electron,electron,/i'lektrɒn/,n.,n. 电子,Beyond C1,,,,
distinguished,distinguish,/dis'tiŋgwiʃt/,,"a. 卓著的, 著名的",B2,,,,
physicist,physicist,/'fizisist/,n.,"n. 物理学家, 机械唯物论者, 自然科学家",Beyond C1,,,,
wool,wool,/wul/,n.,"n. 羊毛, 毛织物, 毛线, 绒线",B1,,,,
utterly,utterly,/'ʌtәli/,adv.,"adv. 完全地, 全然, 绝对",C1,,,,
maple,maple,/'meipl/,n.,"n. 枫, 枫木, 淡棕色",Beyond C1,,,,
memoir,memoir,/'memwɑ:/,n.,"n. 传记, 实录, 追思录, 回忆录, 自传",C1,,,,
salesman,salesman,/'seilzmәn/,n.,"n. 售货员, 推销员",Beyond C1,,,,
cultivate,cultivate,/'kʌltiveit/,vt.,"vt. 培养, 耕作",C1,,,,
luxury,luxury,/'lʌkʃәri/,n.,"n. 奢侈, 豪华；a. 奢侈的, 豪华的",B1,,,,
microphone,microphone,/'maikrәfәun/,n.,"n. 扩音器, 麦克风",Beyond C1,,,,
goodbye,goodbye,/gud'bai/,,interj. 再见,A1,,,,
realization,realization,/.riәlai'zeiʃәn/,n.,"n. 实现, 领悟, 实得",C1,,,,
disposal,disposal,/dis'pәuzәl/,n.,"n. 丢掉, 处理, 排列, 销毁, 布置",C1,,,,
meadow,meadow,/'medәu/,n.,"n. 草地, 牧场",Beyond C1,,,,
cherry,cherry,/'tʃeri/,n.,"n. 樱桃, 樱桃树, 樱桃色",Beyond C1,,,,
defy,defy,/di'fai/,vt./n.,"vt. 藐视, 挑衅, 使落空；n. 挑战",C1,,,,
magical,magical,/'mædʒikәl/,,"a. 魔术的, 有魔力的, 不可思议的",C1,,,,
plug,plug,/plʌg/,vt./vi./n.,"n. 塞子, 栓, 插头；vt. 插入, 塞住, 接插头；vi. 被塞住",C1,,,,
wallet,wallet,/'wɒlit/,n.,n. 皮夹,Beyond C1,,,,
mining,mine,/'mainiŋ/,n.,n. 采矿,C1,,,,
accordingly,accordingly,/ә'kɒ:diŋli/,adv.,"adv. 相应地, 因此, 于是",C1,,,,
lamb,lamb,/læm/,v./n.,"n. 小羊, 羔羊；v. 产羊羔",Beyond C1,,,,
socialist,socialist,/'sәuʃәlist/,n.,"n. 社会主义者, 社会党党员",C1,,,,
tempt,tempt,/tempt/,vt.,"vt. 诱惑, 引诱, 引起...的兴趣, 吸引, 冒...风险",C1,,,,
fundamentally,fundamentally,/fʌndә'mentәli/,adv.,"adv. 基础, 首要, 主要, 十分重要, 基本, 根本, 原始, 基频, 基音, 基谐波",B2,,,,
scrap,scrap,/skræp/,vt./vi./n.,"n. 碎片, 残余物, 些微, 片断, 铁屑, 吵架；vt. 扔弃, 敲碎, 拆毁；vi. 互相殴打；a. 零碎拼凑成的, 废弃的",Beyond C1,,,,
declaration,declaration,/.deklә'reiʃәn/,n.,"n. 宣告, 说明, 宣布",C1,,,,
wildly,wildly,,adv.,"adv. 狂暴地, 激动地, 狂热地, 鲁莽地, 轻率地",Beyond C1,,,,
inject,inject,/in'dʒekt/,vt.,"vt. 注射, 注入, 使入轨",C1,,,,
axis,axis,/'æksis/,n.,n. 轴,Beyond C1,,,,
applause,applause,/ә'plɒ:z/,n.,"n. 鼓掌, 喝彩, 赞许",Beyond C1,,,,
suitcase,suitcase,/'sju:tkeis/,n.,n. 手提箱,Beyond C1,,,,
evenly,evenly,/'i:vәnli/,adv.,"adv. 平衡地, 平坦地, 平等地",Beyond C1,,,,
dual,dual,/'dju:әl/,n.,"a. 双重的, 双的；n. 双数",C1,,,,
supervise,supervise,/'sju:pәvaiz/,v.,"v. 监督, 管理, 指导",C1,,,,
precede,precede,/.pri:'si:d/,vt./vi.,"vt. 在...之前, 优于, 较...优先；vi. 在前面",B2,,,,
triangle,triangle,/'traiæŋgl/,n.,"n. 三角形, 三个一组, 三角关系",Beyond C1,,,,
shield,shield,/'ʃi:ld/,vt./vi./n.,"n. 盾, 防卫物, 保护者, 屏蔽；vt. 保护, 遮蔽, 屏蔽, 庇护, 挡开, 避开；vi. 起保护作用",Beyond C1,,,,
aspiration,aspiration,/.æspә'reiʃәn/,n.,"n. 热望, 志向, 渴望",C1,,,,
financing,finance,/fai'nænsiŋ/,n.,"n. 融资, 理财, 筹集的资金",B2,,,,
inclined,inclined,/in'klaind/,,"a. 倾向于...的, 想要...的, 可能的, 趋向于...的",C1,,,,
newcomer,newcomer,/nju:'kʌmә/,n.,n. 新来者,Beyond C1,,,,
fried,fry,/fraid/,,a. 油炸的,B1,,,,
substitute,substitute,/'sʌbstitju:t/,vt./vi./n.,"n. 代理, 代理人, 代用品, 代替者, 代替物；vt. 代替；vi. 替代, 取代, 代用；a. 代替的, 代用的, 代用品的",C1,,,,
supervision,supervision,/.sju:pә'viʒәn/,n.,"n. 监督, 管理",C1,,,,
calcium,calcium,/'kælsiәm/,n.,n. 钙,Beyond C1,,,,
quantum,quantum,/'kwɒntәm/,n.,"n. 量, 量子",Beyond C1,,,,
con,con,/kɒn/,vt./n./adv.,"vt. 精读, 仔细研究, 默记；adv. 反面地, 从反面；a. 欺诈的；n. 反对者, 反对票, 肺结核",Beyond C1,,,,
picnic,picnic,/'piknik/,vi./n.,"n. 野餐, 远足, 愉快的经历；vi. 去野餐, 远足",Beyond C1,,,,
gravel,gravel,/'grævәl/,n.,"n. 砂砾, 碎石",Beyond C1,,,,
textile,textile,/'tekstail/,n.,"n. 纺织品, 纺织业；a. 织的, 纺织的",Beyond C1,,,,
visiting,visit,/'vizitiŋ/,n.,"n. 参观, 拜访, 访问",A1,,,,
precedent,precedent,/'presidәnt/,n.,"n. 先例, 前例；a. 在先的, 在前的",C1,,,,
nationalism,nationalism,/'næʃәnәlizm/,n.,"n. 民族主义, 民族特性",Beyond C1,,,,
eternal,eternal,/i'tә:nl/,,"a. 永恒的, 永远的, 不灭的",C1,,,,
indictment,indictment,/in'daitmәnt/,n.,"n. 起诉, 控告, 起诉状",C1,,,,
interpreter,interpreter,/in'tә:pritә/,n.,"n. 直译程序, 解释者, 口译者, 注释器",B2,,,,
planned,plan,/plænd/,,"a. 计划了的, 预定的, 根据计划的, 有组织的",A1,,,,
calf,calf,/kɑ:f/,n.,"n. 小牛, 小牛皮, 腓肠",Beyond C1,,,,
nursery,nursery,/'nә:sәri/,n.,"n. 托儿所, 苗圃, 温床",C1,,,,
collision,collision,/kә'liʒәn/,n.,"n. 碰撞, 冲突, 抵触",C1,,,,
verify,verify,/'verifai/,vt.,"vt. 证明, 查证, 证实, 检验, 校验",C1,,,,
encompass,encompass,/in'kʌmpәs/,vt.,"vt. 围绕, 完成, 包括, 包含, 环绕, 包围",C1,,,,
clan,clan,/klæn/,n.,"n. 氏族, 宗族, 集团",Beyond C1,,,,
boxing,box,/'bɒksiŋ/,n.,n. 拳击,A1,,,,
diplomacy,diplomacy,/di'plәumәsi/,n.,"n. 外交, 外交手腕, 交际手段",Beyond C1,,,,
mat,mat,/mæt/,vt./vi./n.,"n. 垫, 丛, 衬边；a. 粗糙的, 无光泽的；vi. 纠缠在一起；vt. 铺席于...上, 使无光泽, 使缠结",Beyond C1,,,,
spice,spice,/spais/,vt./n.,"n. 香料, 药料, 香气, 调味品, 情趣, 少许；vt. 加香料, 使添趣味",B2,,,,
faction,faction,/'fækʃәn/,n.,"n. 小派系, 内讧",C1,,,,
sixty,sixty,/'siksti/,num.,"num. 六十, 六十个",A1,,,,
skillet,skillet,/'skilit/,n.,"n. 煮锅, 长柄浅锅",Beyond C1,,,,
immense,immense,/i'mens/,,"a. 极广大的, 无边的, 非常好的",C1,,,,
confused,confused,/kәn'fju:zd/,,"a. 困惑的, 混乱的",B1,,,,
hop,hop,/hɒp/,vt./vi./n.,"n. 单脚跳, 跳跃, 舞会, 飞行；vi. 单脚跳, 跳跃；vt. 跃过, 跳上, 加蛇麻子于, 服麻醉药",Beyond C1,,,,
thirteen,thirteen,/'θә:'ti:n/,num.,"num. 十三, 十三个",A1,,,,
bitch,bitch,/bitʃ/,n.,"n. 母狗, 母狼, 母狐",Beyond C1,,,,
ashamed,ashamed,/ә'ʃeimd/,,"a. 惭愧的, 羞耻的",B2,,,,
afterwards,afterwards,/'ɑ:ftәwәdz/,adv.,"adv. 然后, 后来",B2,,,,
instrumental,instrumental,/.instru'mentәl/,,"a. 仪器的, 器具的, 可作为手段的",C1,,,,
independently,independently,/.indi'pendәntli/,adv.,"adv. 独立地, 自立地",Beyond C1,,,,
aftermath,aftermath,/'ɑ:ftәmæθ/,n.,"n. 结果, 后果",C1,,,,
astronaut,astronaut,/'æstrәnɒ:t/,n.,"n. 太空旅行者, 宇航员",Beyond C1,,,,
useless,useless,/'ju:slis/,,"a. 无用的, 无效的, 无益的",B2,,,,
reproduction,reproduction,/.ri:prә'dʌkʃәn/,n.,"n. 再现, 复制, 生殖, 繁殖, 复制品",C1,,,,
crust,crust,/krʌst/,vt./vi./n.,"n. 外壳, 坚硬外皮, 面包皮；vt. 盖以硬皮；vi. 结硬皮",Beyond C1,,,,
gasp,gasp,/gæsp/,vt./vi./n.,"n. 喘气；vi. 喘气, 喘息, 渴望；vt. 气喘吁吁地说",Beyond C1,,,,
altar,altar,/'ɒ:ltә/,n.,"n. 圣坛, 祭坛",Beyond C1,,,,
flu,flu,/flu:/,n.,"n. 流感, 流行性感冒",A2,,,,
embarrassing,embarrassing,/im'bærәsiŋ/,,"a. 令人为难的, 麻烦的",B1,,,,
umbrella,umbrella,/ʌm'brelә/,vt./n.,"n. 伞, 雨伞, 保护伞；a. 伞的, 包罗万象的；vt. 用伞遮掩",A1,,,,
millennium,millennium,/mi'leniәm/,n.,"n. 千禧年, 一千年",Beyond C1,,,,
mosquito,mosquito,/mә'ski:tәu/,n.,n. 蚊子,B2,,,,
unconscious,unconscious,/.ʌn'kɒnʃәs/,,"a. 未意识到的, 无意识的, 无知觉的",B2,,,,
listing,list,/'listiŋ/,,"[计] 列表, 清单, 编目；[经] 挂牌, 上市, 编表",C1,,,,
intimacy,intimacy,/'intimәsi/,n.,"n. 亲密, 熟悉, 亲昵行为(言语)",Beyond C1,,,,
guardian,guardian,/'gɑ:diәn/,n.,"n. 看守者, 监护人, 保护人；a. 保护的",Beyond C1,,,,
obey,obey,/ә'bei/,vt./vi.,"vt. 服从, 遵从, 顺从；vi. 服从",B2,,,,
divert,divert,/dai'vә:t/,vt./vi.,"vt. 转移, 使欢娱；vi. 转移",C1,,,,
thoughtful,thoughtful,/'θɒ:tful/,,"a. 深思的, 体贴的",C1,,,,
vine,vine,/vain/,vi./n.,"n. 藤本植物, 葡萄, 藤, 蔓；vi. 形成藤蔓",Beyond C1,,,,
permanently,permanently,/'p\\\\:mәntli/,adv.,"adv. 永久, 不变, 持久",B2,,,,
shocked,shock,/ʃɔkt/,,a. 震撼的；震惊的,B2,,,,
simulation,simulation,/.simju'leiʃәn/,n.,"n. 模拟, 假冒物, 模仿",C1,,,,
methodology,methodology,/.meθә'dɒlәdʒi/,n.,"n. 方法学, 方法论",C1,,,,
passive,passive,/'pæsiv/,,"a. 消极的, 被动的, 冷漠的, 顺从的, 无源的",C1,,,,
awaken,awaken,/ә'weikәn/,vt./vi.,"vt. 唤醒, 唤起, 使意识到；vi. 觉醒, 意识到",Beyond C1,,,,
outrage,outrage,/'autreidʒ/,vt./n.,"n. 暴行, 侮辱, 愤怒；vt. 凌辱, 虐待, 触犯",C1,,,,
monopoly,monopoly,/mә'nɒpәli/,n.,"n. 垄断, 专卖权, 独占事业",C1,,,,
loudly,loudly,/'laudli/,adv.,"adv. 高声地, 大声地, 吵闹地",A2,,,,
nun,nun,/nʌn/,n.,"n. 修女, 尼姑",Beyond C1,,,,
attachment,attachment,/ә'tʃætʃmәnt/,n.,"n. 连接, 附属物, 连接物, 爱慕",B2,,,,
broth,broth,/brɒθ/,n.,"n. 原汁清汤, 肉汤",Beyond C1,,,,
summon,summon,/'sʌmәn/,vt.,"vt. 召唤, 召集, 号召, 振奋, 唤起, 鼓起",Beyond C1,,,,
optional,optional,/'ɒpʃәnl/,,"a. 可选择的, 随意的",Beyond C1,,,,
miner,miner,/'mainә/,n.,"n. 矿工, 开矿机, 坑道工兵",B2,,,,
aloud,aloud,/ә'laud/,adv.,"adv. 出声地, 大声地",Beyond C1,,,,
dangle,dangle,/'dæŋgl/,vt./vi./n.,"vi. 摇晃地悬挂着, 追求；vt. 使摇晃地悬挂；n. 悬垂",Beyond C1,,,,
cigar,cigar,/si'gɑ:/,n.,n. 雪茄,Beyond C1,,,,
delegation,delegation,/.deli'geiʃәn/,n.,"n. 代表团, 派遣代表团, 代表的地位(或权力)",C1,,,,
breed,breed,/bri:d/,v./n.,"n. 种类, 品种；v. 养育, 引起, 饲养, 繁殖",C1,,,,
haven,haven,/'heivn/,vt./n.,"n. 港, 避难所, 安息所；vt. 安置...于港中, 庇护, 入港",Beyond C1,,,,
mobility,mobility,/mәu'biliti/,n.,"n. 可动性, 流动性, 机动性",C1,,,,
assurance,assurance,/ә'ʃuәrәns/,n.,"n. 保证, 把握, 信心, 保险",C1,,,,
jerk,jerk,/dʒә:k/,vt./vi./n.,"n. 性情古怪的人, 急拉, 肌肉抽搐, 牛肉干；vi. 痉挛, 急拉, 急推；vt. 猛拉",Beyond C1,,,,
competing,compete,,,a. 相互矛盾的；抵触的,A2,,,,
mob,mob,/mɒb/,vt./vi./n.,"n. 暴民, 民众, 暴徒；vt. 大举包围, 蜂拥进入, 围攻；vi. 聚众生事",C1,,,,
weep,weep,/wi:p/,vt./vi./n.,"n. 哭, 哭泣；vi. 哭泣, 流泪, 哀悼, 滴落；vt. 哭着使..., 悲叹, 滴下",Beyond C1,,,,
consultation,consultation,/.kɒnsәl'teiʃәn/,n.,"n. 请教, 咨询, 磋商会",C1,,,,
liquor,liquor,/'likә/,vt./vi./n.,"n. 酒, 液体, 汁, 溶液；vt. 浸水；vi. 喝酒",Beyond C1,,,,
dioxide,dioxide,/dai'ɒksaid/,n.,n. 二氧化物,Beyond C1,,,,
accountable,accountable,/ә'kauntәbl/,,"a. 负有责任的, 可说明的, 可解释的",C1,,,,
affirm,affirm,/ә'fә:m/,v.,"v. 断言, 确认",Beyond C1,,,,
sip,sip,/sip/,vt./vi./n.,"n. 啜饮, 小口喝, 抿；vi. 啜饮；vt. 啜",Beyond C1,,,,
sadly,sadly,/'sædli/,adv.,"adv. 悲痛地, 悲惨地, 悲伤地, 说来遗憾",A2,,,,
span,span,/spæn/,vt./n.,"n. 指距, 全长, 跨距, 一段时间, 小范围；vt. 以手指测量, 跨越, 架设, 持续",C1,,,,
emergence,emergence,/i'mә:dʒәns/,n.,"n. 出现, 浮现, 发生",C1,,,,
lifelong,lifelong,/'laiflɒŋ/,,"a. 终身的, 毕生的",C1,,,,
linger,linger,/'liŋgә/,vt./vi.,"vi. 逗留, 消磨, 徘徊；vt. 消磨",C1,,,,
applaud,applaud,/ә'plɒ:d/,v.,"v. 拍手喝彩, 称赞, 赞同",C1,,,,
stabilize,stabilize,/'steibilaiz/,vt./vi.,"vt. 使安定, 使稳固；vi. 稳定, 安定",C1,,,,
cube,cube,/kju:b/,n.,"n. 立方体, 立方",Beyond C1,,,,
harbor,harbor,/'hɑ:bә/,v./n.,"n. 港, 避难所；v. 庇护, 藏匿, (使)入港停泊",B2,,,,
swiss,swiss,/swis/,n.,"n. 瑞士人, 瑞士腔调；a. 瑞士的, 瑞士风格的",Beyond C1,,,,
fax,fax,/fæks/,vt./n.,n. 传真；vt. 发传真,Beyond C1,,,,
underneath,underneath,/.ʌndә'ni:θ/,adv./prep.,adv. 在下面；prep. 在...的下面,Beyond C1,,,,
embassy,embassy,/'embәsi/,n.,"n. 大使馆, 大使馆全体人员",C1,,,,
preacher,preacher,/'pri:tʃә/,n.,"n. 传道士, 讲道者, 牧师",C1,,,,
dim,dim,/dim/,vt.,"a. 暗淡的, 模糊的；vt. 使暗淡",Beyond C1,,,,
injection,injection,/in'dʒekʃәn/,n.,"n. 注射, 注射剂",C1,,,,
facial,facial,/'feiʃәl/,n.,"n. 美颜, 脸部按摩；a. 脸的, 表面的, 脸部用的",Beyond C1,,,,
plantation,plantation,/plæn'teiʃәn/,n.,"n. 种植园, 大农场, 植树造林, 新开垦地",Beyond C1,,,,
predictable,predictable,/pri'diktәbl/,,a. 可预言的,B2,,,,
sunset,sunset,/'sʌnset/,n.,"n. 日落, 晚年",Beyond C1,,,,
presume,presume,/pri'zu:m/,vt./vi.,"vt. 假定, 推测, 擅自, 意味着；vi. 擅自行动, 相信",C1,,,,
excess,excess,/ik'ses/,n.,"n. 过度, 剩于, 超过, 超额；a. 过量的, 额外的",C1,,,,
nearest,near,,,a. 最近的（near的最高级）,A1,,,,
proponent,proponent,/prә'pәunәnt/,n.,"n. 建议者, 支持者",Beyond C1,,,,
constituent,constituent,/kәn'stitjuәnt/,n.,"n. 成分, 选民, 构成物；a. 构成的, 组织的, 选举的",Beyond C1,,,,
vietnamese,vietnamese,/'vjetnә'mi:z/,n.,n. 越南人；越南语,Beyond C1,,,,
antique,antique,/æn'ti:k/,n.,"n. 古董, 古物；a. 古老的, 古风的, 旧式的, 过时的",Beyond C1,,,,
polish,polish,/'pɒliʃ/,vt./vi./n.,"a. 波兰的；n. 波兰人, 上光剂, 光泽, 优雅；vt. 擦亮, 擦去, 使完美；vi. 擦亮, 变得光亮",Beyond C1,,,,
dairy,dairy,/'dєәri/,n.,"n. 牛奶公司, 乳品店, 乳牛场",B2,,,,
gardener,gardener,/'gɑ:dәnә/,n.,"n. 园丁, 花匠, 园艺家",A1,,,,
sweeping,sweep,/'swi:piŋ/,n.,"n. 扫除, 垃圾；a. 扫荡的, 彻底的, 广泛的",B2,,,,
saudi,saudi,/'sajdi/,,a. 沙乌地阿拉伯（人或语）的,Beyond C1,,,,
manipulation,manipulation,/mә.nipju'leiʃәn/,n.,"n. 操作, 处理",C1,,,,
wit,wit,/wit/,n.,"n. 机智, 智力, 头脑, 理智, 妙语, 机智的人",C1,,,,
skate,skate,/skeit/,vi./n.,"n. 溜冰, 冰鞋；vi. 滑冰, 滑过",Beyond C1,,,,
fabulous,fabulous,/'fæbjulәs/,,"a. 传说的, 寓言般的, 难以置信的",B2,,,,
legitimacy,legitimacy,/li'dʒitimәsi/,n.,"n. 合法, 正统, 正当",Beyond C1,,,,
intersection,intersection,/.intә'sekʃәn/,n.,"n. 交集, 十字路口, 交叉点",C1,,,,
curse,curse,/kә:s/,vt./n.,"n. 咒骂, 诅咒；vt. 诅咒, 咒骂",Beyond C1,,,,
resignation,resignation,/.rezig'neiʃәn/,n.,"n. 辞职, 辞呈, 听从",C1,,,,
culturally,culturally,,adv.,"adv. 从文化角度, 文化意义上；在人文学方面",Beyond C1,,,,
ma'am,ma'am,"/mæm, mɑ:m, mәm/",n.,"n. 夫人, 女王, 公主",Beyond C1,,,,
reconciliation,reconciliation,"/,rekәnsili'eiʃәn/",n.,"n. 和解, 和好, 复交, 调解, 调停, 和谐, 一致, 甘愿, 顺从",Beyond C1,,,,
deed,deed,/di:d/,vt./n.,"n. 行为, 实行, 契约；vt. 立契转让",C1,,,,
impairment,impairment,/im'peәmәnt/,n.,"n. 削弱, 减少, 损害, 损伤, 危害",Beyond C1,,,,
miserable,miserable,/'mizәrәbl/,,a. 悲惨的；痛苦的；卑鄙的,B2,,,,
closure,closure,/'klәuʒә/,vt./n.,n. 关闭；vt. 使终止,C1,,,,
machinery,machinery,/mә'ʃi:nәri/,n.,"n. 机器, 机械装置, 机构",C1,,,,
lively,lively,/'laivli/,,"a. 活泼的, 鲜明的, 生动的",B2,,,,
erase,erase,/i'reis/,vt.,"vt. 抹去, 擦掉",Beyond C1,,,,
terminal,terminal,/'tә:minәl/,n.,"n. 终端机, 终点, 末端, 极限, 终点站；a. 终点的, 定期的, 致死的, 结尾的, 末端的, 晚期的",B2,,,,
shave,shave,/ʃeiv/,vt./vi./n.,"n. 修面, 刮胡子, 幸免, 剃刀；vt. 修面, 剃, 修剪, 掠过；vi. 刮脸, 勉强通过",Beyond C1,,,,
coaching,coach,/'kәutʃiŋ/,n.,n. 辅导；教练技术,A2,,,,
irrelevant,irrelevant,/i'relәvәnt/,,"a. 不恰当的, 无关系的, 不相干的",C1,,,,
foolish,foolish,/'fu:liʃ/,,"a. 愚蠢的, 傻的",Beyond C1,,,,
armor,armor,/'ɑ:mә/,vt./n.,"n. 盔甲, 潜水服, 装甲；vt. 为...装甲",Beyond C1,,,,
frightened,frightened,/'frait(ә)nd/,,"a. 受惊吓的, 受惊的, (非正式)害怕...的",B1,,,,
neatly,neatly,/'ni:tli/,adv.,"adv. 整洁地, 干净地, 匀称地",Beyond C1,,,,
ignorance,ignorance,/'ignәrәns/,n.,"n. 无知, 愚味",C1,,,,
wetland,wetland,/'wetlænd/,n.,"n. 湿地, 沼泽地",Beyond C1,,,,
skier,skier,/'ski:ә/,n.,n. 滑雪的人,A2,,,,
reverend,reverend,/'revәrәnd/,n.,"n. 教士, 大人(对教士的尊称)；a. 应受尊敬的, 教士的",Beyond C1,,,,
playground,playground,/'pleigraund/,n.,"n. 运动场, 操场, 度假胜地, 活动场所",Beyond C1,,,,
embarrassment,embarrassment,/im'bærәsmәnt/,n.,"n. 困难, 阻碍, 困窘",C1,,,,
amateur,amateur,/'æmәtә/,n.,"n. 业余爱好者, 外行, 爱好者",C1,,,,
cellular,cellular,/'seljulә/,,a. 细胞的,Beyond C1,,,,
competent,competent,/'kɒmpitәnt/,,"a. 能干的, 胜任的, 有效的, 足够的",C1,,,,
primitive,primitive,/'primitiv/,n.,"n. 原始人, 早期艺术家；a. 原始的, 上古的",Beyond C1,,,,
balcony,balcony,/'bælkәni/,n.,"n. 阳台, 戏院楼厅",Beyond C1,,,,
brow,brow,/brau/,n.,"n. 眉毛, 额",Beyond C1,,,,
mosque,mosque,/mɒsk/,n.,n. 清真寺,B2,,,,
linear,linear,/'liniә/,,"a. 线的, 直线的, 线状的",C1,,,,
closing,close,/'klәuziŋ/,n.,n. 结束；a. 结束的,A1,,,,
excellence,excellence,/'ekslәns/,n.,"n. 优秀, 卓越, 优点",C1,,,,
reasoning,reason,/'ri:zniŋ/,n.,"n. 推论, 推理, 论证",C1,,,,
recycle,recycle,/.ri:'saikl/,vt./n.,"vt. 使再循环, 重新利用, 再制；n. 再循环",A2,,,,
par,par,/pɑ:/,n.,"n. 标准, 票面价值, 平均数量, 同等水平；a. 票面的, 平常的, 标准的, 平价的",Beyond C1,,,,
worship,worship,/'wә:ʃip/,vt./vi./n.,"n. 崇拜, 礼拜, 尊敬；vi. 参加礼拜；vt. 崇拜, 尊敬",C1,,,,
harmful,harmful,/'hɑ:mful/,,"a. 有害的, 伤害的",B2,,,,
ant,ant,/ænt/,n.,n. 蚂蚁,Beyond C1,,,,
coincidence,coincidence,/kәu'insidәns/,n.,"n. 巧合, 同时发生",B2,,,,
resentment,resentment,/ri'zentmәnt/,n.,"n. 怨恨, 愤恨",Beyond C1,,,,
dependence,dependence,/di'pendәns/,n.,"n. 依赖, 依存, 信赖",C1,,,,
feminine,feminine,/'feminin/,,"a. 女性的, 阴性的, 柔弱的",Beyond C1,,,,
justification,justification,/.dʒʌstifi'keiʃәn/,n.,"n. 辩护, 证明正当, 释罪",C1,,,,
tuition,tuition,/tju:'iʃәn/,n.,"n. 学费, 讲授",C1,,,,
destructive,destructive,/di'strʌktiv/,,"a. 毁灭性的, 破坏的, 有害的",C1,,,,
governmental,governmental,/.gʌvәn'mentl/,,"a. 政治的, 统治上的, 政府的",Beyond C1,,,,
repetition,repetition,/.repi'tiʃәn/,n.,"n. 重复, 背诵, 循环, 复制品, 副本",Beyond C1,,,,
niche,niche,/nitʃ/,vt./n.,"n. 壁龛；vt. 放入壁龛, 安顿",C1,,,,
inexpensive,inexpensive,/.inik'spensiv/,,"a. 便宜的, 不贵重的",Beyond C1,,,,
sleeping,sleep,/'sli:piŋ/,n.,n. 睡眠；a. 睡着的,A1,,,,
courtyard,courtyard,/'kɒ:tjɑ:d/,n.,"n. 庭院, 天井",Beyond C1,,,,
dividend,dividend,/'dividend/,n.,"n. 被除数, 股利",Beyond C1,,,,
terrify,terrify,/'terifai/,vt.,"vt. 使恐惧, 恐吓",B2,,,,
revise,revise,/ri'vaiz/,vt./n.,"n. 校订, 修正, 改样；vt. 校订, 修正, 校正",B1,,,,
bark,bark,/bɑ:k/,vt./vi./n.,"n. 树皮, 吠声；vi. 吠, 叫骂；vt. 喊出, 剥树皮",Beyond C1,,,,
fascinate,fascinate,/'fæsineit/,vt./vi.,"vt. 令人入神, 使着迷；vi. 入迷",Beyond C1,,,,
stab,stab,/stæb/,vt./vi./n.,"n. 刺, 戳, 剧痛, 尝试, 努力；vt. 刺, 戳, 刺入, 刺痛, 直入, 使伤心；vi. 刺, 刺伤",C1,,,,
generator,generator,/'dʒenәreitә/,n.,"n. 产生器, 发电机, 生产者",Beyond C1,,,,
cafe,cafe,/kɑ:'fei/,n.,"n. 咖啡馆, 酒店",A1,,,,
propaganda,propaganda,/.prɒpә'gændә/,n.,"n. 宣传, 宣传活动",C1,,,,
failed,fail,,,a. 已失败的,B2,,,,
parallel,parallel,/'pærәlel/,vt./n.,"n. 平行, 对比, 相匹敌之物；a. 平行的, 相似的；vt. 与...平行, 与...相似, 相比, 使平行",B2,,,,
underscore,underscore,/.ʌndә'skɒ:/,vt./n.,vt. 划线于...下；n. (表强调的)下划线,Beyond C1,,,,
formulate,formulate,/'fɒ:mjuleit/,vt.,"vt. 用公式表示, 明确叙述, 制订",C1,,,,
castle,castle,/'kæsl. 'kɑ:sl/,vt./n.,"n. 城堡, 象棋中的车；vt. 置于城堡中, 盘踞于",B2,,,,
prop,prop,/prɒp/,vt./n.,"n. 支柱, 支持者, 倚靠人, 道具, 螺旋桨；vt. 支撑, 维持",Beyond C1,,,,
microwave,microwave,/'maikrәuweiv/,n.,n. 微波,Beyond C1,,,,
incidence,incidence,/'insidәns/,n.,"n. 发生, 发生率, 影响, 负担者, 入射, 倾角",C1,,,,
technically,technically,/'teknikli/,adv.,"adv. 技术上, 学术上, 专门地",Beyond C1,,,,
fulfil,fulfil,/ful'fil/,vt.,"vt. 实践, 履行, 实行, 完成, 结束, 满足",Beyond C1,,,,
corrupt,corrupt,/kә'rʌpt/,vt./vi.,"a. 腐败的, 贪污的, 讹误充斥的；vt. 使腐烂, 腐蚀, 使恶化；vi. 腐烂, 堕落",C1,,,,
specimen,specimen,/'spesimәn/,n.,"n. 样品, 标本, 试料",C1,,,,
thorough,thorough,/'θʌrә/,,"a. 十分的, 彻底的",B2,,,,
obscure,obscure,/әb'skjuә/,vt.,"a. 模糊的, 昏暗的, 难解的, 晦涩的, 偏僻的, 微贱的, 无名的；vt. 使变暗, 隐藏, 使变模糊, 使难解",Beyond C1,,,,
wan,wan,/wɒn/,v.,"a. 苍白的, 无血色的, 病态的, 暗淡的；v. (使)变苍白",Beyond C1,,,,
monk,monk,/mʌŋk/,n.,"n. 修道士, 僧侣, 和尚",C1,,,,
spectacle,spectacle,/'spektәkl/,n.,"n. 引人羡慕的东西, 景象, 眼镜, 场面, 公开展示",C1,,,,
thrill,thrill,/θril/,vt./vi./n.,"n. 震颤, 激动, 刺激性, 一阵激动；vi. 震颤, 颤抖, 激动；vt. 使激动, 使颤动",Beyond C1,,,,
heroin,heroin,/'herәuin/,n.,"n. 海洛因, 吗啡",Beyond C1,,,,
outlook,outlook,/'autluk/,n.,"n. 观点, 景色, 前途, 了望",C1,,,,
reproductive,reproductive,/.ri:prә'dʌktiv/,,"a. 生殖的, 再生的, 复制的",Beyond C1,,,,
bout,bout,/baut/,n.,"n. 一回, 回合, 较量",Beyond C1,,,,
laptop,laptop,,,[计] 膝上型的,A2,,,,
recreation,recreation,/.rekri'eiʃәn/,n.,"n. 娱乐, 消遣, 休息, 再创造",Beyond C1,,,,
setup,setup,/'setʌp/,n.,"n. 装备, 组织, 计划, 机构, 调整, 设置",C1,,,,
spatial,spatial,/'speiʃәl/,,"a. 空间的, 受空间条件限制的, 占地位的",Beyond C1,,,,
sniff,sniff,/snif/,vt./vi./n.,"n. 以鼻吸气, 嗅, 气息；vi. 嗅, 蔑视, 嗤之以鼻；vt. 闻, 用力吸, 发觉",Beyond C1,,,,
varying,vary,,,[计] 改变,B2,,,,
cleanup,cleanup,/'kli:nʌp/,n.,"n. 清除, 暴利",Beyond C1,,,,
bored,bored,,,a. 无聊的；烦人的；无趣的,A1,,,,
matrix,matrix,/'meitriks/,n.,"n. 母体, 子宫, 基质, 脉石, 模型, 矩阵",Beyond C1,,,,
printer,printer,/'printә/,n.,"n. 印刷工, 打印机",A2,,,,
runway,runway,/'rʌnwei/,n.,"n. 跑道, 河床, 过道",Beyond C1,,,,
cone,cone,/kәun/,vt./n.,"n. 圆锥体, 球果；vt. 使成锥形",Beyond C1,,,,
locally,locally,/'lәukәli/,adv.,"adv. 地方性地, 局部性地, 在当地",Beyond C1,,,,
stroll,stroll,/strәul/,v./n.,"n. 闲逛, 漫步；v. 闲逛, 漫步",Beyond C1,,,,
nitrogen,nitrogen,/'naitrәdʒәn/,n.,n. 氮,Beyond C1,,,,
integral,integral,/'intigrәl/,n.,"n. 整体, 积分, 整数；a. 固有的, 整体的, 整数的, 积分的",C1,,,,
respective,respective,/ri'spektiv/,,"a. 分别的, 各自的",C1,,,,
transparent,transparent,/træns'pærәnt/,,"a. 透明的, 显然的, 清晰的",C1,,,,
rebound,rebound,/ri'baund/,vt./vi./n.,"vi. 弹回, 返回, 产生事与愿违的结果；vt. 使弹回, 使返回；n. 反弹, 返回, 篮板球, 振作；rebind的过去式和过去分词",Beyond C1,,,,
lineup,lineup,/'lainʌp/,n.,"n. 阵容, 阵形, 布阵, 一组人",C1,,,,
saying,say,/'seiiŋ/,n.,"n. 叙述, 话, 说, 言论",A1,,,,
circulate,circulate,/'sә:kjuleit/,v.,"v. (使)流通, (使)循环, (使)传播",C1,,,,
forecast,forecast,/'fɒ:kɑ:st/,vt./n.,"n. 预想, 预测, 预报；vt. 预想, 预测, 预报",B2,,,,
classification,classification,/.klæsifi'keiʃәn/,n.,"n. 分类, 分级",C1,,,,
endeavor,endeavor,/in'devә/,vi./n.,"n. 努力, 尽力；vi. 努力, 尽力",C1,,,,
easter,easter,/'i:stә/,n.,n. 复活节,A1,,,,
intriguing,intrigue,/in'tri:giŋ/,,"a. 吸引人的, 有趣的",C1,,,,
maximize,maximize,/'mæksimaiz/,vt.,"vt. 取...最大值, 使增加(或扩大)到最大限度",C1,,,,
advisor,advisor,/әd'vaizә/,n.,"n. 顾问, 劝告者, 指导教师",Beyond C1,,,,
paragraph,paragraph,/'pærәgrɑ:f/,vt./vi./n.,"n. 段落, 短评；vt. 将...分段, 分段落；vi. 写短讯",A1,,,,
breeding,breed,/'bri:diŋ/,n.,"n. 教养, 生育, 饲养",C1,,,,
footage,footage,/'futidʒ/,n.,"n. 英尺长度, 英板尺, (影片的)连续镜头",C1,,,,
preferred,prefer,/pri'fә:d/,,a. 首选的,A1,,,,
absurd,absurd,/әb'sә:d/,n.,"a. 荒谬的, 不合理的, 可笑的；n. 荒诞",C1,,,,
thrust,thrust,/θrʌst/,vt./vi./n.,"n. 插, 戳, 刺, 猛推, 口头攻击, 推力；vt. 插入, 猛推, 刺, 戳, 强加, 延伸；vi. 插, 刺, 戳, 延伸, (用力)推",Beyond C1,,,,
allied,ally,/ә'laid/,,"a. 联盟的, 联姻的, 联系起来的",C1,,,,
temptation,temptation,/temp'teiʃәn/,n.,"n. 诱惑, 诱惑物",Beyond C1,,,,
reservoir,reservoir,/'rezәvwɑ:/,vt./n.,"n. 贮水池, 贮藏处, 贮备, 水库；vt. 储藏",Beyond C1,,,,
tiger,tiger,/'taigә/,n.,"n. 老虎, 虎, 凶暴的人",Beyond C1,,,,
strap,strap,/stræp/,vt./n.,"n. 带, 皮带；vt. (用皮带)捆扎",Beyond C1,,,,
feast,feast,/fi:st/,vt./vi./n.,"n. 宴会, 酒席, 享受, 节日；vt. 款待, 享乐, 请客；vi. 参加宴会, 尽情地吃, 享受",Beyond C1,,,,
unfamiliar,unfamiliar,/.ʌnfә'miljә/,,a. 不熟悉的,Beyond C1,,,,
conductor,conductor,/kәn'dʌktә/,n.,"n. 领导者, 指挥者, 售票员, 向导",Beyond C1,,,,
analogy,analogy,/ә'nælәdʒi/,n.,"n. 相似, 类似",C1,,,,
inhabitant,inhabitant,/in'hæbitәnt/,n.,"n. 居民, 居住者",B2,,,,
toddler,toddler,/'tɔdlә/,n.,"n. 蹒跚行走的人, 学步的小孩, 学步的幼儿, (非正式)信步走的人",Beyond C1,,,,
determined,determine,/di'tә:mind/,,"a. 坚决的, 已下决心的",B1,,,,
logo,logo,/'lәugәu/,n.,"n. 连合活字, 商标, 徽标",B2,,,,
intensify,intensify,/in'tensifai/,vt./vi.,vt. 加强；vi. 强化,C1,,,,
arc,arc,/ɑ:k/,n.,"n. 弧, 弧形, 弓形, 弧光",Beyond C1,,,,
sway,sway,/swei/,vt./vi./n.,"n. 摇摆, 影响力, 支配；vt. 摇动, 支配, 弄歪, 使倾斜, 使动摇, 影响；vi. 摇动, 摇摆, 倾斜, 动摇, 统治, 转向",Beyond C1,,,,
upgrade,upgrade,/'ʌpgreid/,vt./vi./n./adv.,"n. 上坡, 升级, 上升；adv. 往上；vt. 使升级, 提升, 改良品种；vi. 升级",C1,,,,
postwar,postwar,/'pәust'wɒ:/,,a. 战后的,C1,,,,
erosion,erosion,/i'rәuʒәn/,n.,"n. 腐蚀, 冲蚀, 侵蚀",Beyond C1,,,,
manifest,manifest,/'mænifest/,vt./vi./n.,"n. 载货单, 运货单, 旅客名单；a. 显然的, 明白的；vi. 显示, 出现；vt. 表明, 表现, 证明",C1,,,,
sophomore,sophomore,/'sɒfәmɒ:/,n.,"n. (大学)二年级生；a. 二年级学生的, 二年级的",C1,,,,
refusal,refusal,/ri'fju:zl/,n.,"n. 拒绝, 推却, 优先决定权",C1,,,,
recreational,recreational,/.rekri'eiʃәnәl/,,"a. 消遣的, 娱乐的",Beyond C1,,,,
flush,flush,/flʌʃ/,vt./vi./n./adv.,"n. 流溢, 面红, 旺盛, 发烧, 惊飞的鸟, 同花牌；a. 丰足的, 齐平的, 满盈的, 泛滥的；adv. 齐平地, 直接地；vi. 脸发红, 奔涌, 旺盛, 惊飞；vt. 淹没, 冲洗, 使脸红, 使激动, 使齐平, 使惊飞",Beyond C1,,,,
lick,lick,/lik/,vt./vi./n.,"n. 舔, 少许, 打；vt. 舔, 卷过, 鞭打；vi. 轻轻拍打",Beyond C1,,,,
educated,educate,/'edjukeitid/,,"a. 受过教育的, 有教养的",B1,,,,
align,align,/ә'lain/,vt./vi.,"vi. 排列, 排成一行, 结盟；vt. 使结盟, 使成一行, 校正",C1,,,,
unaware,unaware,/.ʌnә'wєә/,,"a. 未认识到的, 不知道的",Beyond C1,,,,
predominantly,predominantly,,adv.,"adv. 主要地, 显著地, 大多数地, 突出地",C1,,,,
mighty,mighty,/'maiti/,n./adv.,"n. 有势力的人；a. 有势力的, 强大的, 有力的；adv. 很, 极",Beyond C1,,,,
idiot,idiot,/'idiәt/,n.,"n. 白痴, 极蠢之人",C1,,,,
courthouse,courthouse,/'kɒ:thaus/,n.,"n. 法院, 郡政府所在地",Beyond C1,,,,
defect,defect,/di'fekt/,n.,n. 缺点,C1,,,,
subjective,subjective,/sәb'dʒektiv/,,"a. 主观的, 个人的",Beyond C1,,,,
additionally,additionally,,adv.,"adv. 另外, 此外",B2,,,,
accountant,accountant,/ә'kauntәnt/,n.,"n. 会计人员, 会计师",B2,,,,
navy,navy,/'neivi/,n.,"n. 海军, 海军人员, 海军军力, 烟蒂",Beyond C1,,,,
sufficiently,sufficiently,/sә'fiʃәntli/,adv.,"adv. 足够, 充分",B2,,,,
vulnerability,vulnerability,/.vʌlnәrә'biliti/,n.,"n. 易受伤, 易受责难, 易受伤部位",C1,,,,
valve,valve,/vælv/,v./n.,"n. 活瓣, 阀, 活门；v. 装阀, 用阀调节",Beyond C1,,,,
owl,owl,/aul/,n.,n. 猫头鹰,Beyond C1,,,,
fairness,fairness,/'fєәnis/,n.,"n. 晴朗, 光明正大, 美丽",C1,,,,
slash,slash,/slæʃ/,v./n.,"v. 猛砍, 乱砍；n. 猛砍, 乱砍, 删减",C1,,,,
diner,diner,/'dainә/,n.,n. 用餐者,Beyond C1,,,,
advertisement,advertisement,/.ædvә'taizmәnt/,n.,"n. 广告, 启事, 广告宣传",A2,,,,
finely,finely,/'fainli/,adv.,"adv. 雅致地, 仔细地, 敏锐地, 微细地",Beyond C1,,,,
petition,petition,/pi'tiʃәn/,v./n.,"n. 请愿, 诉状, 陈情书, 申请, 祈求, 祷文；v. 正式请求, 恳求, 请愿",C1,,,,
correspondence,correspondence,/.kɒri'spɒndәns/,n.,"n. 相符, 通信, 信件",C1,,,,
artery,artery,/'ɑ:tәri/,n.,"n. 动脉, 干道, 要道",Beyond C1,,,,
static,static,/'stætik/,n.,"n. 静电, 静电干扰；a. 静态的, 静止的, 固有的, 静电的",Beyond C1,,,,
curator,curator,/kjuә'reitә/,n.,"n. 管理者, 经理, 主管人, 掌管者, 馆长, 大学学监, 监护人, 保护人",Beyond C1,,,,
correction,correction,/kә'rekʃәn/,n.,"n. 订正, 改正, 改正的地方",C1,,,,
mist,mist,/mist/,vt./vi./n.,"n. 雾, 迷蒙, 朦胧不清；vt. 使模糊, 使蒙上雾；vi. 变模糊, 下雾",Beyond C1,,,,
grower,grower,/'grәuә/,n.,"n. 栽培者, 生长物",A1,,,,
nonsense,nonsense,/'nɒnsәns/,n.,"n. 无意义的事, 荒谬言行, 荒唐",C1,,,,
humble,humble,/'hʌmbl/,vt.,"a. 低下的, 谦逊的, 粗陋的；vt. 使...卑下, 降低...地位, 贬抑",C1,,,,
broadway,broadway,/'brɒ:dwei/,n.,n. 百老汇大街,Beyond C1,,,,
gum,gum,/gʌm/,vt./vi./n.,"n. 树胶, 橡皮, 橡皮糖, 牙床, 老天；vt. 涂以树胶, 用胶粘, 使有粘性；vi. 分泌树胶, 发粘",Beyond C1,,,,
baseline,baseline,/'beislain/,n.,"n. 基线, 基准",Beyond C1,,,,
fishery,fishery,/'fiʃәri/,n.,n. 渔业,Beyond C1,,,,
thesis,thesis,/'θi:sis/,n.,"n. 论题, 论文",B2,,,,
audio,audio,/'ɒ:diou/,,"a. 音频的, 声音的",B2,,,,
dressing,dress,/'dresiŋ/,n.,"n. 调味品, 穿衣, 化妆",A1,,,,
coefficient,coefficient,/kәui'fiʃәnt/,n.,n. 系数,Beyond C1,,,,
cosmic,cosmic,/'kɒzmik/,,"a. 宇宙的, 宇宙航行的, 无限的, 有秩序的",Beyond C1,,,,
qualified,qualify,/'kwɒlifaid/,,a. 有资格的,B1,,,,
ponder,ponder,/'pɒndә/,v.,"v. 沉思, 考虑",C1,,,,
complicate,complicate,/'kɒmplikeit/,vt./vi.,"vt. 弄复杂, 使错综, 使恶化；vi. 变复杂",Beyond C1,,,,
sanctuary,sanctuary,/'sæŋktʃuәri/,n.,"n. 圣所(指教堂、寺院等), 耶路撒冷的神殿, 避难所",Beyond C1,,,,
prepared,prepare,/pri'pєәd/,,"a. 准备好的, 特制的",B1,,,,
denounce,denounce,/di'nauns/,vt.,"vt. 告发, 抨击, 谴责",C1,,,,
beating,beat,/'bi:tiŋ/,n.,"n. 打, 挫败, 搏动",A2,,,,
stool,stool,/stu:l/,vt./vi./n.,"n. 凳子, 大便, 粪便, 厕所；vi. 长新枝；vt. 引诱, 诱捕",Beyond C1,,,,
lounge,lounge,/laundʒ/,vt./vi./n.,"n. 闲逛, 休闲室, 长沙发；vi. 闲混, (懒洋洋地)躺；vt. 闲混",Beyond C1,,,,
credible,credible,/'kredәbl/,,"a. 可信的, 可靠的",C1,,,,
tuna,tuna,/'tju:nә/,n.,"n. 金枪鱼, 金枪鱼肉",Beyond C1,,,,
revision,revision,/ri'viʒәn/,n.,"n. 校订, 修正, 修订本, 修订版",B2,,,,
recycling,recycling,,,[电] 再循环,A2,,,,
daylight,daylight,/'deilait/,vt./vi./n.,"n. 白昼, 日光；vt. 使沐浴于日光；vi. 享有日光",Beyond C1,,,,
simmer,simmer,/'simә/,vt./vi./n.,"vt. 煨；vi. 炖, 内心充满；n. 即将沸腾的状态, 即将发作",Beyond C1,,,,
warrant,warrant,/'wɒ:rәnt/,vt./n.,"n. 授权, 正当理由, 根据, 证明, 批准, 凭证, 令状, 委任状；vt. 授权给, 保证, 担保, 批准, 使有正当理由",C1,,,,
horizontal,horizontal,/.hɒri'zɒntәl/,n.,"n. 水平线, 水平面, 水平位置；a. 水平线的, 平坦的, 横的；n. 水平",Beyond C1,,,,
mattress,mattress,/'mætris/,n.,"n. 床垫, 空气垫, 沉床",Beyond C1,,,,
exceptional,exceptional,/ik'sepʃәnәl/,,"a. 例外的, 异常的, 特别的",C1,,,,
battlefield,battlefield,/'bætlfi:ld/,n.,"n. 战场, 沙场",C1,,,,
wary,wary,/'wєәri/,,"a. 谨慎的, 小心的, 机警的, 周到的, 唯恐的",Beyond C1,,,,
bundle,bundle,/'bʌndl/,vt./vi./n.,"n. 捆, 束；vt. 包扎, 胡乱塞进；vi. 匆忙离开",Beyond C1,,,,
saturated,saturated,/'sætʃәreitid/,,"a. 饱和的, 渗透的",Beyond C1,,,,
embed,embed,/im'bed/,vt.,"vt. 使插入, 使嵌入, 使深留脑中",C1,,,,
staffer,staffer,/'stɑ:fә/,n.,n. (一名)职员(尤指编辑或记者),B1,,,,
linen,linen,/'linin/,n.,"n. 亚麻布, 亚麻线, 亚麻制品；a. 亚麻布制的, 亚麻的",Beyond C1,,,,
ozone,ozone,/'әuzәun/,n.,"n. 新鲜的空气, 臭氧, 使人愉快的影响",Beyond C1,,,,
robbery,robbery,/'rɒbәri/,n.,"n. 抢掠, 抢夺",B2,,,,
memorable,memorable,/'memәrәbl/,,"a. 值得纪念的, 难忘的",B2,,,,
recorder,recorder,/ri'kɒ:dә/,n.,"n. 记录员, 录音机；n. 记录器",A2,,,,
nicely,nicely,/'naisli/,adv.,"adv. 漂亮地, 谨慎地, 恰好地",Beyond C1,,,,
footstep,footstep,/'futstep/,n.,"n. 脚步, 脚步声, 足迹",Beyond C1,,,,
prostitute,prostitute,/'prɒstitju:t/,vt./n.,"n. 妓女, 男娼；vt. 使沦为妓女；a. 卖淫的, 堕落的",Beyond C1,,,,
drip,drip,/drip/,v./n.,n. 水滴；v. (使)滴下,Beyond C1,,,,
clove,clove,/klәuv/,n.,n. 丁香；cleave的过去式,Beyond C1,,,,
shocking,shock,/'ʃɒkiŋ/,,"a. 令人震惊的, 极坏的, 不正当的",B2,,,,
elevate,elevate,/'eliveit/,vt.,"vt. 举起, 提拔, 鼓舞",C1,,,,
loosen,loosen,/lu:sn/,vt./vi.,"vt. 放松, 松开, 解除；vi. 变松, 松弛",Beyond C1,,,,
forced,force,/fɒ:st/,,"a. 被迫的, 强迫的, 用力的",B1,,,,
intake,intake,/'inteik/,n.,"n. 入口, 吸入, 吸入量",C1,,,,
predictor,predictor,/pri'diktә/,n.,n. 预言者,Beyond C1,,,,
lottery,lottery,/'lɒtәri/,n.,"n. 奖券, 彩票, 运气",B2,,,,
chore,chore,/tʃɒ:/,n.,"n. 零工, 家务",Beyond C1,,,,
fringe,fringe,/frindʒ/,vt./n.,"n. 边缘, 端, 流苏, 穗, 初步；vt. 加穗于, 加饰边于；a. 边缘的, 附加的",Beyond C1,,,,
shopper,shopper,/'ʃɒpә/,n.,n. 购物者,Beyond C1,,,,
lengthy,lengthy,/'leŋθi/,,"a. 冗长的, 漫长的",C1,,,,
hedge,hedge,/hedʒ/,vt./vi./n.,"n. 树篱, 障碍, 套头交易；vt. 用树篱围, 套期保值, 妨碍, 两面下注以防...的损失；vi. 筑树篱, 躲闪, 两面下注以防损失；a. 树篱的, 偷偷摸摸的",Beyond C1,,,,
tattoo,tattoo,/tә'tu:/,vt./vi./n.,"n. 归营号, 连续有节奏的敲击, 文身, 矮种马；vt. 连续有节奏地敲, 刺花纹于；vi. 作连续有节奏的敲击",Beyond C1,,,,
reduced,reduce,/ri'dju:st/,,a. 减少的；简化的；缩减的,A2,,,,
lease,lease,/li:s/,vt./n.,"n. 租约, 租期, 租；vt. 出租, 租出, 租得",Beyond C1,,,,
heating,heat,/'hi:tiŋ/,n.,"n. 加热, 供热, 暖气设备, 供暖系统, 暖气装置；a. 加热的, 供暖的",B1,,,,
telecommunications,telecommunication,,n.,"n. 电信, 通讯, 电信学",Beyond C1,,,,
murmur,murmur,/'mә:mә/,vt./vi./n.,"n. 低语, 低声的怨言；vi. 低语, 低声而言；vt. 低声说",Beyond C1,,,,
princess,princess,/'prinsis/,n.,"n. 公主, 王妃, 女巨头",B1,,,,
coral,coral,/'kɒrәl/,n.,"n. 珊瑚, 珊瑚色",Beyond C1,,,,
appliance,appliance,/ә'plaiәns/,n.,"n. 器械, 用具, 应用",Beyond C1,,,,
maid,maid,/meid/,n.,"n. 少女, 未婚女子, 女仆",Beyond C1,,,,
circus,circus,/'sә:kәs/,n.,"n. 马戏团, 马戏, 竞技场",Beyond C1,,,,
gauge,gauge,/geidʒ/,vt./n.,"n. 标准度量, 计量器；vt. 精确计量, 估计",Beyond C1,,,,
census,census,/'sensәs/,vt./n.,n. 户口普查；vt. 实施统计调查,Beyond C1,,,,
rationale,rationale,/.ræʃә'nɑ:li/,n.,n. 基本原理,Beyond C1,,,,
corps,corps,/kɒ:/,n.,"n. 军, 队, 部队, 兵种",Beyond C1,,,,
lieutenant,lieutenant,/lef'tenәnt/,n.,"n. 中尉, 助理人员, 副官",Beyond C1,,,,
inhabit,inhabit,/in'hæbit/,vt.,"vt. 居住于, 占据, 栖息",Beyond C1,,,,
injustice,injustice,/in'dʒʌstis/,n.,"n. 不公平, 非正义的行为",C1,,,,
quota,quota,/'kwәutә/,n.,"n. 配额, 限额",C1,,,,
stride,stride,/straid/,v./n.,"n. 大步, 步幅, 步态, 进步；v. 迈大步走, 跨过, 跨",Beyond C1,,,,
excerpt,excerpt,/'eksә:pt/,v./n.,"n. 摘录；v. 引用, 摘录",Beyond C1,,,,
motorcycle,motorcycle,/'mәutәsaikl/,n.,n. 摩托车,A2,,,,
soy,soy,/sɒi/,n.,"n. 酱油, 大豆",Beyond C1,,,,
miniature,miniature,/'miniәtʃә/,n.,"n. 缩图, 小画像；a. 小规模的, 纤小的",Beyond C1,,,,
insurer,insurer,/in'ʃuәrә/,n.,n. 保险公司,Beyond C1,,,,
oversight,oversight,/'әuvәsait/,n.,"n. 勘漏, 失察, 失败, 照料",Beyond C1,,,,
dub,dub,/dʌb/,vt./n.,"vt. 配音, 轻点, 授予称号, 击；n. 一下击鼓声, 笨蛋",C1,,,,
copyright,copyright,/'kɒpirait/,n.,"n. 版权, 著作权",C1,,,,
reunion,reunion,/ri:'ju:njәn/,n.,"n. 团圆, 重聚",Beyond C1,,,,
ripe,ripe,/raip/,,"a. 成熟的, 熟练的, 成年的",Beyond C1,,,,
viewpoint,viewpoint,/'vju:pɒint/,n.,n. 观点,B2,,,,
unbelievable,unbelievable,/.ʌnbi'li:vәbl/,,a. 难以置信的,Beyond C1,,,,
snatch,snatch,/snætʃ/,vt./vi./n.,"n. 抢夺, 攫取, 片断；vt. 夺取, 攫取；vi. 想抢走, 攫取",Beyond C1,,,,
coordination,coordination,/kәu.ɒ:di'neiʃәn/,n.,"n. 同等, 协调",C1,,,,
amazed,amazed,/ә'meizd/,,"a. 吃惊的, 惊奇的",B1,,,,
jewel,jewel,/'dʒu:әl/,vt./n.,"n. 珠宝, 贵重物, 镶珠宝的饰物；vt. 饰以珠宝, 镶以宝石",Beyond C1,,,,
accord,accord,/ә'kɒ:d/,vt./vi./n.,"n. 一致, 调和, 协定；vt. 给与, 使一致；vi. 相符合",Beyond C1,,,,
slogan,slogan,/'slәugәn/,n.,"n. 呐喊声, 标语, 口号",B2,,,,
outrageous,outrageous,/aut'reidʒәs/,,"a. 暴虐的, 极无礼的, 可恶的",Beyond C1,,,,
waiting,wait,/'weitiŋ/,n.,"n. 等候；a. 等候的, 服侍的",A1,,,,
overly,overly,/'әuvәli/,adv.,"adv. 过度地, 极度地",C1,,,,
halloween,halloween,/.hælәu'i:n/,n.,n. (基督教)万圣节前夕,Beyond C1,,,,
buffalo,buffalo,/'bʌfәlәu/,n.,n. 水牛,Beyond C1,,,,
perch,perch,/pә:tʃ/,v./n.,"n. 栖木, 高位, 杆, 河鲈；v. (使)栖息, 就位, 位于, (使)暂歇",Beyond C1,,,,
shrine,shrine,/ʃrain/,vt./n.,"n. 圣地, 神龛, 庙；vt. 将...置于神龛内",Beyond C1,,,,
individually,individually,/.indi'vidʒuәli/,adv.,"adv. 以个人身分, 各个地, 独特地",Beyond C1,,,,
albeit,albeit,/ɔ:l'bi:it/,conj.,"conj. 尽管, 虽然",Beyond C1,,,,
mold,mold,/mәuld/,v./n.,"n. 模子, 模型, 霉；v. 形成, 塑造, 发霉",Beyond C1,,,,
misery,misery,/'mizәri/,n.,"n. 痛苦, 悲惨, 不幸, 穷困",C1,,,,
adequately,adequately,/'ædikwәtli/,adv.,"adv. 足够地, 适当地",B2,,,,
nickname,nickname,/'nikneim/,vt./n.,"n. 绰号, 昵称；vt. 给...取绰号, 叫错名字",Beyond C1,,,,
addict,addict,/ә'dikt/,vt./n.,"vt. 使沉溺, 使上瘾；n. 入迷的人, 上瘾者",Beyond C1,,,,
dial,dial,/'daiәl/,v./n.,"n. 刻度盘, 钟面, 转盘；v. 拨",Beyond C1,,,,
marginal,marginal,/'mɑ:dʒinәl/,,"a. 边缘的, 最低限度的, 有旁注的",C1,,,,
mustard,mustard,/'mʌstәd/,n.,"n. 芥末, 芥菜, 强烈的兴趣",Beyond C1,,,,
berry,berry,/'beri/,vi./n.,n. 浆果；vi. 采集浆果,Beyond C1,,,,
ramp,ramp,/ræmp/,vt./vi./n.,"n. 斜坡, 坡道, 敲诈；vi. 狂跳乱撞, 乱冲, 敲诈, 蔓延；vt. 使有斜面, 敲诈",Beyond C1,,,,
mug,mug,/mʌg/,vt./vi./n.,"n. 有柄大杯, 脸, 苦读者；vt. 给...拍照, 攻击, 苦读；vi. 拼命用功",Beyond C1,,,,
controller,controller,/kәn'trәulә/,n.,"n. 控制器, 管理者",Beyond C1,,,,
villager,villager,/'vilidʒә/,n.,n. 村民,Beyond C1,,,,
watercolor,watercolor,,n.,"n. 水彩颜料, 水彩画",Beyond C1,,,,
cleaning,clean,/'kli:niŋ/,n.,"n. 清洁, 扫除, 家畜的胞衣, 扫除出来的垃圾, 大败, 输得精光, 除伐, 巨额利润",A1,,,,
fertility,fertility,/fә'tiliti/,n.,"n. 肥沃, 丰饶, 生产力",Beyond C1,,,,
relaxed,relax,/ri'lækst/,,"a. 松懈的, 不严密的, 不严格的, 放松的, 得到休息的, 随意的, 不拘束的, 自在的",B1,,,,
hail,hail,/heil/,vt./vi./n.,"n. 冰雹, 致敬, 欢呼, 招呼；vt. 向...欢呼, 致敬, 招呼, 使象下雹样落下；vi. 招呼, 下雹；interj. 万岁, 欢迎",C1,,,,
indoor,indoor,/'indɒ:/,,"a. 户内的, 室内的",B1,,,,
secretly,secretly,/'si:kritli/,adv.,"adv. 秘密地, 背地里",Beyond C1,,,,
whatsoever,whatsoever,/.hwɒtsәu'evә/,pron.,pron. 无论什么,C1,,,,
notify,notify,/'nәutifai/,vt.,"vt. 通知, 通告, 报告",C1,,,,
garment,garment,/'gɑ:mәnt/,n.,"n. 衣服, 衣装, 外表",Beyond C1,,,,
activate,activate,/'æktiveit/,vt./vi.,"vt. 使活动, 使激活, 正式建成；vi. 有活力",B2,,,,
naive,naive,/nɑ:'i:v/,,"a. 天真的, 纯真的, 幼稚的",Beyond C1,,,,
exert,exert,/ig'zә:t/,vt.,"vt. 发挥, 运用, 施以影响",C1,,,,
arctic,arctic,/'ɑ:ktik/,n.,"a. 北极的, 极寒的；n. 北极圈, 北极",Beyond C1,,,,
certification,certification,/.sә:tifi'keiʃәn/,n.,n. 证明,Beyond C1,,,,
trustee,trustee,/.trʌs'ti:/,n.,"n. 受托人, 理事",C1,,,,
caregiver,caregiver,/ˈkeəgɪvə(r)/,n.,"n. 照料者, 护理者",Beyond C1,,,,
kindergarten,kindergarten,/'kindә.gɑ:tn/,n.,n. 幼稚园,B2,,,,
boulder,boulder,/'bәuldә/,n.,n. 大圆石,Beyond C1,,,,
cereal,cereal,/'siәriәl/,n.,"n. 谷类食品, 谷类植物；a. 谷类的",Beyond C1,,,,
fracture,fracture,/'fræktʃә/,v./n.,"n. 破碎, 骨折；v. (使)破碎, (使)破裂",Beyond C1,,,,
quilt,quilt,/kwilt/,vt./vi./n.,"n. 棉被；vt. 加软衬料后缝制, 东拼西凑地编；vi. 缝被子",Beyond C1,,,,
turnover,turnover,/'tә:n.әuvә/,n.,"n. 翻倒, 翻转, 半圆酥饼, 营业额, 流通, 周转；a. 可翻转的",C1,,,,
sensible,sensible,/'sensәbl/,,"a. 有感觉的, 敏感的, 明智的",B1,,,,
socioeconomic,socioeconomic,"/'sәuʃiәu,i:kә'nɔmik/",,a. 社会经济学的,Beyond C1,,,,
pyramid,pyramid,/'pirәmid/,v./n.,"n. 角锥, 金字塔；v. (使)成金字塔状, (使)渐增, (使)上涨",Beyond C1,,,,
bachelor,bachelor,/'bætʃәlә/,n.,"n. 单身汉, 学士",Beyond C1,,,,
protestant,protestant,/'prɒtistәnt/,n.,"n. 新教徒；a. 新教的, 新教徒的",Beyond C1,,,,
moving,move,/'mu:viŋ/,,"a. 动人的, 令人感动的, 鼓动的, 原动的, [无比较级]活动的, 转动的",B2,,,,
tract,tract,/trækt/,n.,"n. 大片土地, 地带, 小册子",Beyond C1,,,,
operational,operational,/.ɒpә'reiʃәnl/,,"a. 操作的, 运作的",C1,,,,
convincing,convince,/kәn'vinsiŋ/,,"a. 使人信服的, 有力的, 令人心悦诚服的",B2,,,,
decoration,decoration,/.dekә'reiʃәn/,n.,"n. 装饰, 装饰品",B2,,,,
proudly,proudly,/'praudli/,adv.,"adv. 傲慢地, 自大地, 得意洋洋地",Beyond C1,,,,
descendant,descendant,/di'sendәnt/,n.,"n. 后裔, 子孙；a. 传下的, 下降的",Beyond C1,,,,
lump,lump,/lʌmp/,vt./vi./n.,"n. 块, 瘤, 很多, 肿块, 笨人；vt. 使成块状, 混在一起；vi. 结块",Beyond C1,,,,
scarf,scarf,/skɑ:f/,vt./n.,"n. 围巾, 头巾, 领带, 领巾, 嵌接；vt. 用围巾围, 嵌接",Beyond C1,,,,
freeway,freeway,/'fri:wei/,n.,n. 高速公路,Beyond C1,,,,
clash,clash,/klæʃ/,vt./vi./n.,"n. 冲突, 撞击声, 抵触；vi. 冲突, 抵触；vt. 使发出撞击声",C1,,,,
upward,upward,/'ʌpwәd/,adv.,a. 向上的；adv. 以上,B2,,,,
newsletter,newsletter,/'nju:z.letә/,n.,"n. 时事通讯, 业务通讯, 时事传报",C1,,,,
mammal,mammal,/mæmәl/,n.,n. 哺乳动物,Beyond C1,,,,
yank,yank,/jæŋk/,v.,v. 猛拉,Beyond C1,,,,
multiply,multiply,/'mʌltiplai/,v.,"v. 繁殖, 乘, 增加",B2,,,,
pumpkin,pumpkin,/'pʌmpkin/,n.,n. 南瓜,Beyond C1,,,,
imitate,imitate,/'imiteit/,vt.,"vt. 模仿, 效法, 冒充, 仿造",Beyond C1,,,,
sampling,sample,/'sɑ:mpliŋ/,,[计] 抽样; 采样；[化] 取样,B1,,,,
configuration,configuration,/kәn.figju'reiʃәn/,n.,"n. 结构, 表面配置, 外形, 配置",C1,,,,
velvet,velvet,/'velvit/,n.,n. 天鹅绒；a. 天鹅绒的,Beyond C1,,,,
notorious,notorious,/nәu'tɒ:riәs/,,"a. 声名狼藉的, 臭名昭著的, 众人皆知的",C1,,,,
compost,compost,/'kɒmpәust/,vt./n.,"n. 混合物, 堆肥；vt. 施堆肥于",Beyond C1,,,,
cough,cough,/kɒf/,vt./vi./n.,n. 咳嗽；vi. 咳嗽；vt. 咳出,Beyond C1,,,,
stereo,stereo,/'stiәriәu/,n.,"n. 铅版, 立体照片；a. 立体的, 立体感觉的",Beyond C1,,,,
lethal,lethal,/'li:θәl/,n.,a. 致命的；n. 致死因子,C1,,,,
olive,olive,/'ɒliv/,n.,"n. 橄榄, 橄榄树, 橄榄色, 橄榄枝；a. 黄绿色的, 黄褐色的, 橄榄色的",Beyond C1,,,,
roller,roller,/'rәulә/,n.,"n. 滚筒, 滚轴, 压路机",B1,,,,
entail,entail,/in'teil/,vt./n.,"vt. 使成为必需, 需要, 使承担, 遗传给；n. 限定继承",Beyond C1,,,,
toast,toast,/tәust/,vt./vi./n.,"n. 吐司, 烤面包, 干杯；vt. 敬酒, 烤, 使暖和；vi. 烤, 烘",Beyond C1,,,,
filmmaker,filmmaker,"/'film,meikә(r)/",n.,n. 电影制作人,C1,,,,
credential,credential,/kri'denʃәl/,n.,"n. 国书, 凭据, 证明书",Beyond C1,,,,
swirl,swirl,/swә:l/,vt./vi./n.,"n. 漩涡, 涡动；vt. 使成漩涡；vi. 打漩, 盘绕, 眩晕",Beyond C1,,,,
broadly,broadly,/'brɒ:dli/,adv.,"adv. 宽广地, 明白地, 无礼貌地",B2,,,,
smoothly,smoothly,/'smu:ðli/,adv.,"adv. 平滑地, 流畅地, 流利地",Beyond C1,,,,
ham,ham,/hæm/,v./n.,"n. 火腿, 后腿, 笨拙演员；a. 过火的, 做作的；v. 演得过火",Beyond C1,,,,
distraction,distraction,/dis'trækʃәn/,n.,"n. 娱乐, 分心的事物, 分心",Beyond C1,,,,
fling,fling,/fliŋ/,vt./vi./n.,"n. 投掷, 急冲, 嘲弄；vt. 投, 丢下, 抛弃, 使陷入, 挥动, 嘲笑, 扫视；vi. 猛冲",Beyond C1,,,,
livestock,livestock,/'laivstɒk/,n.,n. 家畜,Beyond C1,,,,
basin,basin,/'beisn/,n.,"n. 盆, 盆地",Beyond C1,,,,
roam,roam,/rәum/,v./n.,"v. 漫游, 闲逛, 徜徉；n. 漫步, 漫游",Beyond C1,,,,
heroic,heroic,/hi'rәuik/,n.,"a. 英勇的, 英雄式的, 壮丽雄伟的；n. 英雄诗, 史诗, 英勇行为",Beyond C1,,,,
heir,heir,/єә/,n.,"n. 继承人, 嗣子, 后嗣",Beyond C1,,,,
foam,foam,/fәum/,vt./vi./n.,"n. 泡沫, 水沫, 泡沫材料；vi. 起泡沫, 吐白沫；vt. 使起泡沫",Beyond C1,,,,
offset,offset,/'ɒ:fset/,vt./vi./n.,"n. 抵消, 把...并列, 旁系, 支管, 用胶印法印；vt. 弥补, 抵消, 胶印；vi. 装支管；n. 偏移量",Beyond C1,,,,
affiliation,affiliation,/ә.fili'eiʃәn/,n.,"n. 联系, 从属关系",Beyond C1,,,,
insure,insure,/in'ʃuә/,vt./vi.,"vt. 保险, 确保；vi. 投保",Beyond C1,,,,
asteroid,asteroid,/'æstәrɒid/,n.,"n. 小行星, 海盘车；a. 星状的",Beyond C1,,,,
interface,interface,/'intәfeis/,n.,"n. 分界面, 接触面, 界面",C1,,,,
tomb,tomb,/tu:m/,vt./n.,"n. 坟墓, 死亡；vt. 埋葬",Beyond C1,,,,
abandoned,abandon,/ә'bændәnd/,,"a. 被抛弃的, 无约束的, 恣意放荡的",B2,,,,
bald,bald,/bɒ:ld/,vi.,"a. 秃头的, 光秃的, 单调的, 赤裸的；vi. 变秃",Beyond C1,,,,
bookstore,bookstore,/'bukstɒ:/,n.,n. 书店,Beyond C1,,,,
straightforward,straightforward,/streit'fɒ:wәd/,,"a. 笔直的, 率直的, 明确的, 简单的, 直接的",C1,,,,
anticipation,anticipation,/æn.tisi'peiʃәn/,n.,"n. 预期, 预料",Beyond C1,,,,
don,don,/dɒn/,vt./n.,"n. 西班牙贵族(或绅士), 先生, 阁下；vt. 穿上",Beyond C1,,,,
frustrating,frustrate,/frʌ'streitiŋ/,,a. 令人沮丧的,C1,,,,
glorious,glorious,/'glɒ:riәs/,,a. 光荣的,C1,,,,
honesty,honesty,/'ɒnisti/,n.,"n. 诚实, 公正, 正直",B2,,,,
encouragement,encouragement,/in'kʌridʒmәnt/,n.,"n. 鼓励, 激励, 奖励",C1,,,,
crisp,crisp,/krisp/,v./n.,"a. 脆的, 新鲜的, 活泼的；v. (使)烘脆, (使)拳曲, (使)起皱；n. 松脆物",Beyond C1,,,,
selective,selective,/si'lektiv/,,"a. 选择的, 选择性的",C1,,,,
meditation,meditation,/.medi'teiʃәn/,n.,"n. 沉思, 冥想",C1,,,,
protester,protester,,n.,"n. 抗议者, 持异议者, 拒付者",B2,,,,
fearful,fearful,/'fiәful/,,"a. 可怕的, 恐怕的, 担心的",Beyond C1,,,,
sausage,sausage,/'sɒsidʒ/,n.,"n. 香肠, 腊肠",Beyond C1,,,,
overturn,overturn,/.әuvә'tә:n/,vt./vi./n.,"n. 倾覆, 破灭, 革命；vt. 推翻, 颠倒；vi. 翻倒",C1,,,,
deprive,deprive,/di'praiv/,vt.,"vt. 剥夺, 使丧失",C1,,,,
compact,compact,/kәm'pækt/,vt./vi.,"a. 紧凑的, 紧密的, 简洁的；vt. 使紧密结合, 压缩；vi. 变坚实",Beyond C1,,,,
transcript,transcript,/'trænskript/,n.,"n. 抄本, 副本, 成绩单",C1,,,,
beautifully,beautifully,/'bju:tifuli/,adv.,"adv. 美好地, 漂亮地",Beyond C1,,,,
standpoint,standpoint,/'stændpɒint/,n.,"n. 立场, 观点",Beyond C1,,,,
empower,empower,/im'pauә/,vt.,"vt. 授予权力, 允许, 使能够",C1,,,,
mainland,mainland,/'meinlәnd/,n.,"n. 大陆, 本土",C1,,,,
flourish,flourish,/'flʌriʃ/,vt./vi./n.,"vi. 繁荣, 茂盛, 活跃, 手舞足蹈；vt. 挥舞, 夸耀；n. 挥舞, 炫耀, 茂盛, 兴旺, 华丽词藻",C1,,,,
tug,tug,/tʌg/,v./n.,"n. 用力拉, 拖曳, 苦干, 挣扎, 绳索；v. 用力拉",Beyond C1,,,,
shiver,shiver,/'ʃivә/,vt./vi./n.,"vi. 颤抖, 哆嗦, 被打碎；vt. 使迎风飘动, 粉碎；n. 战栗, 碎块",Beyond C1,,,,
lobster,lobster,/'lɒbstә/,n.,n. 龙虾,Beyond C1,,,,
solidarity,solidarity,/.sɒli'dæriti/,n.,"n. 团结, 团结一致, 共同一致",C1,,,,
discharge,discharge,/dis'tʃɑ:dʒ/,vt./vi./n.,"vt. 卸下, 放出, 解雇, 拔染, 履行, 放电；vi. 卸货, 流出；n. 卸货, 流出, 放电",C1,,,,
turning,turn,/'tә:niŋ/,n.,"n. 旋转, 转弯处, 车削工作",A1,,,,
detection,detection,/di'tekʃәn/,n.,"n. 发现, 察觉, 探测",C1,,,,
saddle,saddle,/'sædl/,vt./vi./n.,"n. 鞍, 马鞍, 车座, 鞍状物；vt. 装以马鞍, 使负担；vi. 跨上马鞍",Beyond C1,,,,
artwork,artwork,/'ɑ:twә:k/,n.,"n. 插图, 艺术作品",B2,,,,
lasting,last,/'lɑ:stiŋ/,n.,"a. 永久的, 永恒的, 持久的；n. 厚实斜纹织物",A1,,,,
freeman,freeman,/'fri:mәn/,n.,"n. 自由民, 公民, 正会员",Beyond C1,,,,
occurrence,occurrence,/ә'kʌrәns/,n.,"n. 发生, 事件, 出现",C1,,,,
partisan,partisan,/'pɑ:tizn/,n.,"n. 党羽, 虔诚信徒, 同党, 游击队员；a. 党派的, 偏袒的, 效忠的, 献身的, 盲目推崇的",Beyond C1,,,,
abundant,abundant,/ә'bʌndәnt/,,"a. 丰富的, 充分的, 大量的",Beyond C1,,,,
prone,prone,/prәun/,,"a. 俯伏的, 面向下的, 有...倾向的",Beyond C1,,,,
renewed,renew,/ri'nju:d/,,a. 复兴的；更新的；重建的,C1,,,,
hose,hose,/hәuz/,vt./n.,"n. 水管, 橡皮软管, 长统袜；vt. 用水管浇",Beyond C1,,,,
aggressively,aggressively,,adv.,"adv. (贬)侵略, 侵犯, 寻衅, (褒)敢作敢为, 有进取心, (武器)攻击性, 过分, 放肆",Beyond C1,,,,
formidable,formidable,/'fɒ:midәbl/,,"a. 巨大的, 优秀的, 可怕的, 艰难的",Beyond C1,,,,
liberation,liberation,/.libә'reiʃәn/,n.,"n. 释放, 解放",C1,,,,
hammer,hammer,/'hæmә/,vt./vi./n.,"n. 锤, 铁锤, 钉锤；vt. 锤打, 敲打, 钉；vi. 连续锤打",Beyond C1,,,,
confusing,confuse,,,a. 令人困惑的；混淆的；混乱的,B2,,,,
exclusion,exclusion,/ik'sklu:ʒәn/,n.,"n. 排除, 除外, 逐出",C1,,,,
burial,burial,/'beriәl/,n.,"n. 埋葬, 葬礼",C1,,,,
mobilize,mobilize,/'mәubilaiz/,vt./vi.,"vt. 动员, 调动, 使流通；vi. 动员",C1,,,,
vigorous,vigorous,/'vigәrәs/,,"a. 精力充沛的, 元气旺盛的, 茁壮的, 有力的",Beyond C1,,,,
unwilling,unwilling,/.ʌn'wiliŋ/,,"a. 不愿意的, 勉强的",Beyond C1,,,,
lazy,lazy,/'leizi/,vi.,"a. 懒惰的, 怠惰的, 缓慢的；vi. 懒散",A2,,,,
passport,passport,/'pæspɒ:t/,n.,"n. 护照, 手段, 通行证",A1,,,,
packet,packet,/'pækit/,vt./n.,"n. 小包, 一批信件, 大量, 信息包；vt. 打包, 装进小包",B2,,,,
fond,fond,/fɒnd/,,"a. 喜欢的, 宠爱的, 温柔的",B2,,,,
questionable,questionable,/'kwestʃәnәbl/,,a. 可疑的,Beyond C1,,,,
rep,rep,/rep/,n.,"n. 棱纹平布, 浪荡子, 名声",Beyond C1,,,,
surplus,surplus,/'sә:plәs/,n.,"n. 剩余, 过剩, 盈余；a. 过剩的, 剩余的",C1,,,,
poise,poise,/pɒiz/,vt./vi./n.,"n. 平衡, 均衡, 姿势, 镇静, 安静, 砝码；vt. 使平衡, 使悬着, 保持...姿势；vi. 平衡, 悬着, 准备好",Beyond C1,,,,
marital,marital,/'mæritәl/,,"a. 丈夫的, 婚姻的, 夫妇间的",Beyond C1,,,,
vicious,vicious,/'viʃәs/,,"a. 邪恶的, 堕落的, 品性不端的, 恶毒的, 恶性的, 有错误的",C1,,,,
photographic,photographic,/.fәutә'græfik/,,"a. 照相的, 摄影用的, 详细记录的, 逼真的, 酷似的",Beyond C1,,,,
surroundings,surroundings,/sә'rajndiŋz/,n.,"n. 环境, 周围的事物",B2,,,,
victorian,victorian,/vik'tɔ:riәn/,n.,"a. 英国维多利亚女王时代的, 笃信宗教的, 讲究体面的；n. 维多利亚女王时代的英国人",Beyond C1,,,,
homemade,homemade,/'hәum'meid/,,"a. 自制的, 国产的",Beyond C1,,,,
drape,drape,/dreip/,vt./vi./n.,"n. 布帘, 褶皱；vt. 用布帘覆盖, 披上；vi. 成褶皱状",Beyond C1,,,,
evangelical,evangelical,"/,i:væn'dʒelikәl/",n.,a. 福音派教会的；n. 福音派信徒,Beyond C1,,,,
spokeswoman,spokeswoman,"/'spәuks,wumәn/",n.,"n. 女发言人, 女代言人",B2,,,,
wedge,wedge,/wedʒ/,vt./vi./n.,"n. 楔子, 楔形物, 起因, 导致分裂的东西；vt. 楔住, 挤进, 楔入；vi. 楔入, 挤进",Beyond C1,,,,
coffin,coffin,/'kɒfin/,vt./n.,"n. 棺材, 灵柩；vt. 把...装进棺材",Beyond C1,,,,
server,server,/'sә:vә/,n.,"n. 服伺者, 上菜用具, 发球员；n. 服务器",Beyond C1,,,,
sandy,sandy,/'sændi/,,"a. 沙的, 沙地的, 多沙的",Beyond C1,,,,
tense,tense,/tens/,v./n.,"a. 紧张的, 拉紧的；v. (使)紧张, (使)拉紧；n. 时态",Beyond C1,,,,
archaeologist,archaeologist,/.ɑ:ki'ɒlәdʒist/,n.,n. 考古学家,Beyond C1,,,,
disturbance,disturbance,/dis'tә:bәns/,n.,"n. 扰乱, 不安, 忧虑",Beyond C1,,,,
comparative,comparative,/kәm'pærәtiv/,n.,"a. 比较的, 相对的；n. 对手",B2,,,,
pharmaceutical,pharmaceutical,"/,fɑ:mә'sju:tikәl/",n.,"a. 药学的, 制药的, 药用的, 药物的, 药剂师的, 药师的；n. 药品, 成药, 药剂",Beyond C1,,,,
leisure,leisure,/'li:ʒә/,n.,"n. 空闲, 闲暇, 悠闲；a. 空闲的, 有闲的",B1,,,,
prototype,prototype,/'prәutәtaip/,n.,n. 原型,Beyond C1,,,,
vegetation,vegetation,/.vedʒi'teiʃәn/,n.,n. 植物,Beyond C1,,,,
magnet,magnet,/'mægnit/,n.,"n. 磁铁, 有吸引力之人, 有吸引力之物",Beyond C1,,,,
emit,emit,/i'mit/,vt.,"vt. 发出, 放射, 发表(意见等), 散发, 发行",Beyond C1,,,,
acquaintance,acquaintance,/ә'kweintәns/,n.,"n. 认识, 相识者",Beyond C1,,,,
unusually,unusually,/ʌn'ju:ʒәli/,adv.,"adv. 不寻常地, 异乎寻常地, (非正式)非常",Beyond C1,,,,
contempt,contempt,/kәn'tempt/,n.,"n. 轻视, 轻蔑",C1,,,,
lender,lender,/'lendә/,n.,"n. 出借人, 贷方",A2,,,,
seasonal,seasonal,/'si:znәl/,,"a. 季节的, 依照季节的, 周期性的",Beyond C1,,,,
bastard,bastard,/'bæstәd/,n.,"n. 私生子, 劣货；a. 私生的, 杂种的, 不合标准的",Beyond C1,,,,
efficacy,efficacy,/'efikәsi/,n.,"n. 功效, 效力",Beyond C1,,,,
anthropologist,anthropologist,/.ænθrә'pɒlәdʒist/,n.,n. 人类学家,Beyond C1,,,,
desired,desire,/di'zaiәd/,,a. 渴望的；想得到的,B2,,,,
zoo,zoo,/zu:/,n.,n. 动物园,Beyond C1,,,,
module,module,/'mɒdju:l/,n.,"n. 组件, 模数",C1,,,,
dominance,dominance,/'dɔminәns/,n.,"n. 优势, 显性, 统治, 控制, 支配",C1,,,,
ample,ample,/'æmpl/,,"a. 大量的, 充足的, 丰富的",Beyond C1,,,,
theorist,theorist,/'θi:әrist/,n.,"n. 理论家, 理论工作者",Beyond C1,,,,
disadvantage,disadvantage,/.disәd'vɑ:ntidʒ/,n.,"n. 缺点, 不利, 坏处",B1,,,,
stripe,stripe,/straip/,n.,"n. 斑纹, 条纹",Beyond C1,,,,
potent,potent,/'pәutnt/,,"a. 有力的, 有说服力的, 有效的",Beyond C1,,,,
foremost,foremost,/'fәumәust/,adv.,"a. 最初的, 最重要的；adv. 在最前",Beyond C1,,,,
exclaim,exclaim,/iks'kleim/,v.,"v. 大叫, 呼喊, 大声叫",Beyond C1,,,,
tee,tee,/ti:/,vt./n.,"n. T字形, T字形之物, 发球区, 球座, 目标；vt. 搁在球座上；a. T字形的",Beyond C1,,,,
reported,report,/ri'pɔ:tid/,,a. 报告的；据报道的,A1,,,,
dentist,dentist,/'dentist/,n.,n. 牙科医生,A2,,,,
crossing,cross,/'krɒsiŋ/,n.,"n. 横越, 横渡, 交叉点, 渡口",A2,,,,
den,den,/den/,n.,"n. 兽穴, 洞穴",Beyond C1,,,,
sorrow,sorrow,/'sɒrәu/,vi./n.,"n. 悲伤, 哀惜, 不幸；vi. 悲伤, 懊悔, 遗憾",Beyond C1,,,,
oyster,oyster,/'ɒistә/,n.,"n. 牡蛎, 蚝, 沉默者",Beyond C1,,,,
adverse,adverse,/'ædvә:s/,,"a. 不利的, 敌对的, 相反的, 逆的",C1,,,,
provincial,provincial,/prә'vinʃәl/,n.,"n. 外地人, 粗野的人；a. 省的, 外地的, 偏狭的",C1,,,,
conditioning,conditioning,/kәn'diʃәniŋ/,n.,"n. 调节, 条件作用, 整修",A2,,,,
scholarly,scholarly,/'skɔlәli/,,"a. 学者派头的, 学者风度的, 有学问的, 博学的, 好学的",Beyond C1,,,,
improving,improve,/im'pru:viŋ/,,a. 有启发的；有教育意义的,A1,,,,
exaggerate,exaggerate,/ig'zædʒәreit/,v.,"v. 夸大, 夸张",C1,,,,
whisk,whisk,/hwisk/,vt./vi./n.,"n. 掸, 扫帚, 毛掸子, 搅拌器, 拂；vt. 扫, 拂, 挥动, 迅速移动, 搅拌；vi. 飞奔",Beyond C1,,,,
pastry,pastry,/'peistri/,n.,"n. 油酥点心, 面粉糕饼",Beyond C1,,,,
decisive,decisive,/di'saisiv/,,"a. 决定性的, 坚定的, 果断的",C1,,,,
reactor,reactor,/ri'æktә/,n.,"n. 反应者, 反应器, 反应堆, 电抗器",Beyond C1,,,,
seventeen,seventeen,/sevn'ti:n/,num.,"num. 十七, 十七个",A1,,,,
visually,visually,/'vizjjәli/,adv.,"adv. 看, 视力, 视觉, 可见, 凭视力, 看到, 看得见, 光学, 形象化, 栩栩如生",Beyond C1,,,,
volcano,volcano,/vɒl'keinәu/,n.,n. 火山,Beyond C1,,,,
jealous,jealous,/'dʒelәs/,,"a. 嫉妒的, 羡慕的, 留心的, 戒备的",Beyond C1,,,,
molecular,molecular,/mә'lekjulә/,,"a. 分子的, 由分子组成的",Beyond C1,,,,
greeting,greet,/'gri:tiŋ/,n.,"n. 祝贺, 问候",A2,,,,
satisfying,satisfy,/'sætisfaiiŋ/,,"a. 满意的, 充分的, 足可相信的",B2,,,,
arch,arch,/ɑ:tʃ/,vt./vi./n.,"n. 拱门, 拱形, 足弓；vt. 使成弓形；vi. 拱起, 成弓形；a. 主要的, 调皮的, 傲慢无礼的, 狡猾的",Beyond C1,,,,
pasture,pasture,/'pæstʃә/,vt./vi./n.,"n. 牧场, 草地, 牧草；vt. 放牧；vi. 吃草",Beyond C1,,,,
rebellion,rebellion,/ri'beljәn/,n.,"n. 谋反, 叛乱, 反抗",C1,,,,
constituency,constituency,/kәn'stitjuәnsi/,n.,"n. 选民, 顾客, 读者",Beyond C1,,,,
chuckle,chuckle,/'tʃʌkl/,vi./n.,"n. 咯咯的笑声, 轻笑；vi. 咯咯的笑, 咕咕叫",Beyond C1,,,,
swamp,swamp,/swɒmp/,vt./vi./n.,"n. 沼泽, 进退两难的困境；vt. 淹没, 击溃, 清除, 使陷于沼泽；vi. 陷于沼泽, 淹没",Beyond C1,,,,
dash,dash,/dæʃ/,vt./vi./n.,"n. 冲撞, 破折号, 短跑；vi. 猛冲, 冲撞；vt. 泼溅, 使猛撞, 搀和, 使破灭, 使沮丧",Beyond C1,,,,
awesome,awesome,/'ɒ:sәm/,,"a. 引起敬畏的, 可怕的",A1,,,,
lesbian,lesbian,/'lezbiәn/,n.,a. 女同性恋的；n. 女同性恋者,C1,,,,
evidently,evidently,/'evidәntli/,adv.,"adv. 明显地, 根据现有证据来看",Beyond C1,,,,
standardized,standardized,"/'stændә,daizd/",,a. 标准化的；标准的；定型的,Beyond C1,,,,
steering,steer,/'stiәriŋ/,n.,"n. 掌舵, 操纵, 指导",C1,,,,
deliberate,deliberate,/di'libәrәt/,v.,"a. 深思熟虑的, 故意的, 从容的；v. 仔细考虑",B2,,,,
fictional,fictional,/'fikʃәnl/,,"a. 虚构的, 编造的, 小说式的",Beyond C1,,,,
bait,bait,/beit/,vt./vi./n.,"n. 饵；vt. 以饵引诱, 欺负；vi. 中途休息",Beyond C1,,,,
usage,usage,/'ju:sidʒ/,n.,"n. 用法, 使用, 习惯, 惯用法, 习惯法",B2,,,,
novelist,novelist,/'nɒvәlist/,n.,n. 小说家,B2,,,,
sore,sore,/sɒ:/,n.,"a. 悲伤的, 痛的, 引起痛苦的；n. 痛处, 溃疡, 疮",Beyond C1,,,,
subscale,subscale,"/'sʌb,skeil/",,内部[扩散]氧化物,Beyond C1,,,,
reef,reef,/ri:f/,v./n.,"n. 暗礁, 礁, 缩帆；v. 缩(帆)",Beyond C1,,,,
oath,oath,/әuθ/,n.,"n. 誓约, 誓言, 咒骂",Beyond C1,,,,
embargo,embargo,/im'bɑ:gәu/,vt./n.,"n. 封港令, 禁运；vt. 禁止出入港口, 禁运",Beyond C1,,,,
erect,erect,/i'rekt/,vt./vi.,"a. 直立的, 竖立的, 笔直的；vt. 使竖立, 使直立, 树立, 建立；vi. 勃起",C1,,,,
registered,register,/'redʒistәd/,,"a. 注册的, 登记过的, 记名的, 挂号的",B2,,,,
efficiently,efficiently,/i'fiʃәntli/,adv.,"adv. 生效, 能胜任, 有能力, 效率高, 有效",B2,,,,
implant,implant,/im'plɑ:nt/,vt./n.,"vt. 深植, 灌输, 嵌入；n. 植入物, 植入管",Beyond C1,,,,
deficiency,deficiency,/di'fiʃәnsi/,n.,"n. 缺乏, 不足",C1,,,,
nephew,nephew,/'nefju:/,n.,"n. 侄子, 外甥",Beyond C1,,,,
vintage,vintage,/'vintidʒ/,v./n.,"n. 酒, 葡萄收获(期、量), 酿酒；v. 采葡萄；a. 佳酿的, 古典的, 老式的",Beyond C1,,,,
blur,blur,/blә:/,vt./vi.,"vt. 使模糊, 弄脏；vi. 弄脏, 模糊",Beyond C1,,,,
enrollment,enrollment,/in'rәulmәnt/,n.,"n. 登记, 注册, 入伍",Beyond C1,,,,
dietary,dietary,/'daiәtәri/,n.,a. 饮食的；n. 规定食物,Beyond C1,,,,
fertilizer,fertilizer,/'fә:tilaizә/,n.,"n. 肥料, 促进发展者, 受精媒介物",Beyond C1,,,,
fairy,fairy,/'fєәri/,n.,"n. 仙女, 精灵；a. 仙女的",Beyond C1,,,,
freezing,freeze,/'fri:ziŋ/,,"a. 冰冻的, 冷冻用的, 严寒的",B1,,,,
altitude,altitude,/'æltitju:d/,n.,"n. 高度, 海拔, 高处",Beyond C1,,,,
glare,glare,/glєә/,vt./vi./n.,"n. 闪耀光, 刺眼；vi. 发眩光, 瞪视；vt. 瞪眼表示",Beyond C1,,,,
squint,squint,/skwint/,vt./vi./n.,"n. 斜视眼, 斜着；a. 斜视的；vt. 使变斜视眼；vi. 斜视, 倾向, 斜行",Beyond C1,,,,
flashlight,flashlight,/'flæʃlait/,n.,"n. 手电筒, 闪光信号灯",Beyond C1,,,,
urgency,urgency,/'ә:dʒәnsi/,n.,"n. 紧急, 催促",Beyond C1,,,,
protected,protect,,,a. 受保护的,A2,,,,
recruitment,recruitment,/ri'kru:tmәnt/,n.,n. 新兵征召,C1,,,,
handy,handy,/'hændi/,,"a. 便利的, 敏捷的, 容易取得的",C1,,,,
racist,racist,/'reisist/,n.,n. 种族主义者,B2,,,,
download,download,,,"[计] 卸载, 下栽",A2,,,,
oddly,oddly,/'ɒdli/,adv.,adv. 奇怪地,Beyond C1,,,,
varied,vary,/'vєәrid/,,"a. 不同的, 杂色的, 各式各样的",C1,,,,
differentiate,differentiate,/.difә'renʃieit/,v.,"v. 区别, 区分",C1,,,,
collaborate,collaborate,/kә'læbәreit/,vi.,"vi. 合作, 勾结",C1,,,,
succession,succession,/sәk'seʃәn/,n.,"n. 连续, 继承权, 继位, 演替, 地层次序",C1,,,,
waitress,waitress,/'weitris/,n.,"n. 女侍者, 女服务员",Beyond C1,,,,
tricky,tricky,/'triki/,,"a. 狡猾的, 机敏的",Beyond C1,,,,
elk,elk,/elk/,n.,n. 麋鹿,Beyond C1,,,,
brazilian,brazilian,/brә'ziljәn/,n.,"n. 巴西人；a. 巴西的, 巴西人的",Beyond C1,,,,
remnant,remnant,/'remnәnt/,n.,"n. 剩余, 零料, 遗迹；a. 剩余的, 残余的",Beyond C1,,,,
cement,cement,/si'ment/,vt./vi./n.,"n. 水泥, 胶结剂；vt. 胶合, 用水泥涂；vi. 黏牢",Beyond C1,,,,
morally,morally,/'mɒrәli/,adv.,"adv. 道德上, 德性上, 有道德地",Beyond C1,,,,
recite,recite,/ri'sait/,v.,"v. 背诵, 朗读, 叙述",Beyond C1,,,,
communal,communal,/'kɒmjunәl/,,"a. 公有的, 公社的",Beyond C1,,,,
situate,situate,/'sitjueit/,vt.,"vt. 使位于, 使处于",Beyond C1,,,,
guiding,guiding,/'^aidiŋ/,,[计] 引导的,A2,,,,
unemployed,unemployed,/.ʌnim'plɒid/,,"a. 失业的, 未被利用的",B1,,,,
cuisine,cuisine,/kwi:'zi:n/,n.,"n. 烹调风格, 烹调法, 烹饪, 厨房",Beyond C1,,,,
thinker,thinker,/'θiŋkә/,n.,"n. 思想者, 思想家",A1,,,,
expanding,expand,/iks'pændiŋ/,,[机] 扩张工作,B1,,,,
wrestle,wrestle,/'resl/,vt./vi./n.,"n. 摔跤, 角力, 扭斗；vi. 摔跤, 搏斗, 斗争, 斟酌；vt. 与(对手)摔跤",Beyond C1,,,,
interference,interference,/.intә'fiәrәns/,n.,"n. 冲突, 干涉",C1,,,,
underestimate,underestimate,/.ʌndәr'estimeit/,vt./n.,"n. 低估；vt. 低估, 看轻",Beyond C1,,,,
spoil,spoil,/spɒil/,vt./vi./n.,"n. 战利品, 赃物, 奖品, 变质, 次品；vt. 损坏, 破坏, 溺爱；vi. 腐坏, 掠夺",B2,,,,
bacon,bacon,/'beikәn/,n.,n. 熏猪肉,Beyond C1,,,,
maturity,maturity,/mә'tjuәriti/,n.,"n. 成熟, 完备, 到期",Beyond C1,,,,
devastate,devastate,/'devәsteit/,vt.,vt. 毁坏,C1,,,,
clause,clause,/klɒ:z/,n.,"n. 子句, 条款",B1,,,,
navigate,navigate,/'nævigeit/,vt./vi.,"vi. 航行；vt. 航行于, 驾驶, 操纵, 使通过",Beyond C1,,,,
committed,commit,,,a. 献身于某种事业的,B1,,,,
collaborative,collaborative,/kә'læbәreitiv/,,"a. 合作的, 协作的",Beyond C1,,,,
robust,robust,/rәu'bʌst/,,"a. 健康的, 强健的, 要用力气的, 坚定的, 粗野的",C1,,,,
darling,darling,/'dɑ:liŋ/,n.,"n. 亲爱的, 可爱的人, 可爱的物；a. 可爱的, 亲爱的",Beyond C1,,,,
mama,mama,/'mɑ:mә/,n.,n. 妈妈,Beyond C1,,,,
parlor,parlor,/'pɑ:lә/,n.,"n. 客厅, 会客室, 小店；a. 客厅的",Beyond C1,,,,
bulletin,bulletin,/'bulitin/,n.,"n. 公告, 布告, 公报",Beyond C1,,,,
ecology,ecology,/i:'kɒlәdʒi/,n.,"n. 生态学, 社会生态学",Beyond C1,,,,
northwestern,northwestern,/.nɒ:θ'westәn/,,"a. 在西北部的, 西北方的, 来自西北的",Beyond C1,,,,
deployment,deployment,,,[计] 展开,C1,,,,
accessory,accessory,/әk'sesәri/,n.,"n. 附件, 零件, 附加物, 从犯, 同谋；a. 附属的, 补充的, 同谋的, 帮凶的, 非主要的, 副的",Beyond C1,,,,
resent,resent,/ri'zent/,vt.,"vt. 愤恨, 憎恶, 怨恨",Beyond C1,,,,
terrace,terrace,/'terәs/,vt./n.,"n. 阶地, 梯田, 房屋之平顶, 阳台, 沿岸防地, 露台；a. 叠层式的；vt. 使成梯田, 使成有平台屋顶",Beyond C1,,,,
continuity,continuity,/.kɒnti'nju:iti/,n.,n. 连续性,Beyond C1,,,,
indirect,indirect,/.indi'rekt/,,"a. 间接的, 非直截了当的, 不坦率的",B1,,,,
petty,petty,/'peti/,,"a. 琐碎的, 小规模的, 小气的, 委琐的",Beyond C1,,,,
temper,temper,/'tempә/,vt./vi./n.,"n. (钢等的)硬度, 脾气, 心情, 中和剂, 倾向, 回火；vt. 使回火, 锻炼, 调和, 使缓和；vi. 回火",Beyond C1,,,,
blossom,blossom,/'blɒsәm/,vi./n.,"n. 花, 花开的状态, 兴旺期；vi. 开花, 兴旺, 发展",Beyond C1,,,,
smiling,smile,/'smailiŋ/,,"a. 微笑的, 欢快的",A2,,,,
genuinely,genuinely,,adv.,adv. 真诚地；诚实地,B2,,,,
obsessed,obsessed,,,a. 着迷的；无法摆脱的,C1,,,,
spacecraft,spacecraft,/'speiskræft/,n.,n. 航天飞船,Beyond C1,,,,
generic,generic,/dʒi'nerik/,,"a. 属类的, 一般的",C1,,,,
bureaucratic,bureaucratic,/bjuәrәu'krætik/,,a. 官僚的,Beyond C1,,,,
marathon,marathon,/'mærәθәn/,n.,"n. 马拉松, 耐力的考验",B2,,,,
globalization,globalization,"/,^lәjbәlai'zeiʃәn;-li'z-/",,"[计] 全球化, 普及到世界范围",B2,,,,
prestigious,prestigious,/pre'stidʒiәs/,,a. 享有声望的,C1,,,,
discomfort,discomfort,/dis'kʌmfәt/,n.,"n. 困苦, 不适",Beyond C1,,,,
icy,icy,/'aisi/,,"a. 冰的, 冰冷的, 冷淡的, 滑溜的",Beyond C1,,,,
applied,apply,/ә'plaid/,,a. 应用的,A2,,,,
backpack,backpack,/'bækpæk/,n.,"n. 远足用的背包；双肩背包, 背包",Beyond C1,,,,
massacre,massacre,/'mæsәkә/,vt./n.,"n. 大屠杀；vt. 大屠杀, 残杀",C1,,,,
spur,spur,/spә:/,vt./vi./n.,"n. 马刺, 刺激物, 鼓舞；vt. 刺激, 激励, 用马刺策(马)前进；vi. 用马刺驱马, 疾驰",Beyond C1,,,,
trench,trench,/trentʃ/,vt./vi./n.,"n. 渠, 沟渠, 战壕；vt. 在...开沟, 挖战壕于, 用战壕围住；vi. 挖战壕, 开沟",Beyond C1,,,,
deviation,deviation,/.di:vi'eiʃәn/,n.,n. 背离,Beyond C1,,,,
spirituality,spirituality,"/,spiritju'æliti/",n.,"n. 精神性, 灵性, 教士, 牧师",Beyond C1,,,,
whistle,whistle,/'hwisl/,vt./vi./n.,"n. 口哨, 汽笛, 啸啸声, 口哨声；vi. 吹口哨, 鸣汽笛, 发嘘嘘声；vt. 用口哨或吹哨传意, 用口哨演奏",Beyond C1,,,,
cinnamon,cinnamon,/'sinәmәn/,n.,"n. 肉桂, 肉桂树皮, 肉桂色；a. 肉桂色的, 浅黄褐色的",Beyond C1,,,,
devotion,devotion,/di'vәuʃәn/,n.,"n. 热爱, 投入",Beyond C1,,,,
governance,governance,/'gʌvәnәns/,n.,"n. 统治, 统辖, 管理",C1,,,,
diesel,diesel,/'di:zәl/,n.,"n. 内燃机, 柴油机, 柴油",Beyond C1,,,,
astronomy,astronomy,/ә'strɒnәmi/,n.,n. 天文学,Beyond C1,,,,
appropriately,appropriately,,adv.,"adv. 适当的, 恰如其分的, 恰当的, 合适的",B2,,,,
insane,insane,/in'sein/,,"a. 患精神病的, 极愚蠢的",Beyond C1,,,,
unpleasant,unpleasant,/.ʌn'pleznt/,,"a. 使人不愉快的, 使人厌恶的, 煞风景的",B1,,,,
roster,roster,/'rɒstә/,n.,n. 花名册,C1,,,,
skeleton,skeleton,/'skelәtn/,n.,"n. 骨骼, 骨瘦如柴的人, 梗概, 骨干, 残骸；a. 骨骼的, 概略的, 基层的, 骨干的",Beyond C1,,,,
briefing,brief,/'bri:fiŋ/,n.,n. 简报,B2,,,,
spawn,spawn,/spɒ:n/,vt./vi./n.,"n. (鱼)卵, 产物；vt. 产卵, 酿成, 大量生产；vi. 产卵, 大量生产",Beyond C1,,,,
entertaining,entertain,/.entә'teiniŋ/,,"a. 使人愉快的, 有趣的",B2,,,,
sew,sew,/sәu/,vt./vi.,"vt. 缝纫, 缝合, 缝；vi. 缝纫",Beyond C1,,,,
inflict,inflict,/in'flikt/,vt.,"vt. 施以, 加害, 使承受",C1,,,,
marked,mark,/mɑ:kt/,,"a. 有记号的, 显著的, 醒目的",A2,,,,
indict,indict,/in'dait/,vt.,"vt. 起诉, 控告, 指控",Beyond C1,,,,
muddy,muddy,/'mʌdi/,vt.,"a. 泥泞的, 浑浊的, 模糊的；vt. 使污浊, 使沾上泥污",Beyond C1,,,,
profoundly,profoundly,/prә'fajndli/,adv.,"adv. 深深地, 深切地",Beyond C1,,,,
occupational,occupational,/.ɒkju'peiʃәnl/,,"a. 职业的, 军事占领的",Beyond C1,,,,
singing,sing,/'siŋiŋ/,n.,"n. 歌唱, 歌声",A2,,,,
turtle,turtle,/'tә:tl/,n.,n. 海龟,Beyond C1,,,,
trio,trio,/'tri:әu/,n.,n. 三重唱,C1,,,,
ferry,ferry,/'feri/,n.,"n. 渡船, 渡口",Beyond C1,,,,
leverage,leverage,/'levәridʒ/,n.,"n. 杠杆作用, 杠杆装置, 杠杆效率",Beyond C1,,,,
consulting,consult,/kәn'sʌltiŋ/,,"a. 商议的, 咨询的, 任专职顾问的",B2,,,,
sticky,sticky,/'stiki/,,"a. 粘的, 有粘性的, 顽固的",B2,,,,
comeback,comeback,/'kʌmbæk/,n.,"n. 复原, 复辟, 复位, 尖刻的对答, 抱怨的原因",Beyond C1,,,,
thereafter,thereafter,/.ðєәr'æftә/,adv.,"adv. 其后, 从那时以后",C1,,,,
conflicting,conflict,/kәn'fliktiŋ/,,"a. 冲突的, 不一致的, 相矛盾的",B2,,,,
clergy,clergy,/'klә:dʒi/,n.,"n. 牧师, 僧侣, 神职人员",Beyond C1,,,,
astonishing,astonishing,/ә'stɒniʃiŋ/,,a. 令人惊讶的,B2,,,,
renewal,renewal,/ri'nju:әl/,n.,"n. 更新, 革新, 复兴, 恢复, 修补, 补充, 继续, 重订, 重申, 续借",Beyond C1,,,,
turmoil,turmoil,/'tә:mɒil/,n.,"n. 骚动, 混乱",Beyond C1,,,,
painted,paint,/'peintid/,,"a. 描画的, 着色的, 刷上油漆的, 涂脂抹粉的, 矫揉造作的",A1,,,,
migrate,migrate,/'maigreit/,vi.,"vi. 移动, 移往, 随季节而移居",Beyond C1,,,,
perfection,perfection,/pә'fekʃәn/,n.,"n. 完美, 完成, 极端",Beyond C1,,,,
referral,referral,/ri'fә:rәl/,n.,"n. 参照, 介绍, 被介绍人, 转诊病人",Beyond C1,,,,
randomly,randomly,,adv.,"adv. 偶然, 胡乱, 无目的, 任意, 随便, 任取, 无规则, 机遇, 胡乱地, 任意地, 随便地",Beyond C1,,,,
keen,keen,/ki:n/,v./n.,"a. 锋利的, 敏锐的, 强烈的, 敏捷的, 热心的, 渴望的；n. 挽歌, 痛哭；v. 唱挽歌, 痛哭",C1,,,,
sustained,sustain,/sәs'teind/,,"a. 持续的, 持久不变的, 持久的, 不懈的",C1,,,,
rite,rite,/rait/,n.,"n. 仪式, 典礼, 惯例, 礼拜式",Beyond C1,,,,
offspring,offspring,/'ɒ:fspriŋ/,n.,"n. 子孙, 后代, 产物",C1,,,,
mathematical,mathematical,/.mæθә'mætikl/,,"a. 数学的, 精确的",C1,,,,
imaginary,imaginary,/i'mædʒinәri/,,"a. 想像的, 虚构的, 假想的",B1,,,,
orient,orient,/'ɒ:riәnt/,vt./vi./n.,"n. 东方, 东方诸国；a. 东方的；vi. 向东；vt. 使朝东, 使适应, 确定方向",Beyond C1,,,,
archive,archive,/'ɑ:kaiv/,vt./n.,"vt. 把...存档；n. 档案馆, 档案文件",C1,,,,
adhere,adhere,/әd'hiә/,vt./vi.,"vi. 依附, 粘着, 坚持, 追随, 拥护；vt. 使粘附",C1,,,,
receipt,receipt,/ri'si:t/,vt./n.,"n. 收据, 收入, 收到；vt. 开...的收据",B1,,,,
radically,radically,/'rædikәli/,adv.,"adv. 根本地, 完全地",Beyond C1,,,,
pillar,pillar,/'pilә/,n.,"n. 柱子, 栋梁, 台柱, 重要的支持者",Beyond C1,,,,
swedish,swedish,/'swi:diʃ/,n.,"n. 瑞典人, 瑞典语；a. 瑞典的, 瑞典人的, 瑞典语的",Beyond C1,,,,
underwear,underwear,/'ʌndәwєә/,n.,n. 内衣,B1,,,,
contamination,contamination,/kәn.tæmi'neiʃәn/,n.,"n. 污染, 污物",Beyond C1,,,,
appropriation,appropriation,/әprәupri'eiʃәn/,n.,"n. 拨用, 挪用, 拨款",Beyond C1,,,,
uneasy,uneasy,/.ʌn'i:zi/,,"a. 心神不安的, 不自在的, 不稳定的, 不舒服的",Beyond C1,,,,
disappearance,disappearance,/.disә'piәrәns/,n.,"n. 看不见, 失踪, 消失",Beyond C1,,,,
unacceptable,unacceptable,/.ʌnәk'septәbl/,,"a. 无法接受的, 不受欢迎的",B2,,,,
privileged,privilege,/'privilidʒd/,,"a. 有特权的, 有特别恩典的",C1,,,,
carriage,carriage,/'kæridʒ/,n.,"n. 马车, 客车, 举止, 运输",C1,,,,
sporting,sport,/'spɒ:tiŋ/,,"a. 喜好运动的, 运动用的, 冒险性的",A1,,,,
fox,fox,/fɒks/,vt./vi./n.,"n. 狐狸, 狡猾的人；vi. 奸狡地行动, (书页)生斑, 变酸；vt. 欺骗, 使变酸, 为(鞋等)换面, 使生黄斑",Beyond C1,,,,
messenger,messenger,/'mesindʒә/,n.,"n. 报信者, 使者",Beyond C1,,,,
artillery,artillery,/ɑ:'tilәri/,n.,"n. 火炮, 炮兵, 炮术",Beyond C1,,,,
hitter,hitter,/'hitә/,n.,"n. 打手, 打击的人",Beyond C1,,,,
pavement,pavement,/'peivmәnt/,n.,"n. 路面, 人行道, 铺面路, 铺路材料",Beyond C1,,,,
moist,moist,/mɒist/,,"a. 潮湿的, 多雨的, 感伤的, 含泪的",Beyond C1,,,,
retention,retention,/ri'tenʃәn/,n.,"n. 保持, 留置, 保留, 保持力, 保留物, 记忆, 停滞, 固位",Beyond C1,,,,
relevance,relevance,/'relivәns/,n.,n. 中肯；关联；相关性,C1,,,,
mentality,mentality,/men'tæliti/,n.,"n. 精神力, 智力, 头脑作用, 心态",Beyond C1,,,,
postpone,postpone,/pәust'pәun/,vt./vi.,"vt. 延迟, 使延期, 缓办, 搁延；vi. 延缓, 延缓发作",C1,,,,
motif,motif,/mәu'ti:f/,n.,"n. 主题, 基调, 动机, 基本图案",Beyond C1,,,,
contention,contention,/kәn'teinʃәn/,n.,"n. 争论, 争辩, 所持的论点",C1,,,,
tractor,tractor,/'træktә/,n.,"n. 牵引器, 拖拉机, 拉纸器",Beyond C1,,,,
beneficiary,beneficiary,/.beni'fiʃәri/,n.,"n. 受惠者, 受益人；a. 受封的",C1,,,,
helpless,helpless,/'helplis/,,"a. 无助的, 无能为力的, 无依无靠的",Beyond C1,,,,
ballet,ballet,/'bælei/,n.,n. 芭蕾舞,B2,,,,
statewide,statewide,/'steitwaid/,,"a. 全州的, 遍及全州的",Beyond C1,,,,
hobby,hobby,/'hɒbi/,n.,"n. 嗜好, 癖好, 爱好",A1,,,,
bosnian,bosnian,/bɔzni:ən/,n.,n. 波斯尼亚人；a. 波斯尼亚的,Beyond C1,,,,
velocity,velocity,/vi'lɒsәti/,n.,"n. 速度, 迅速",Beyond C1,,,,
critically,critically,/'kritikәli/,adv.,"adv. 批评性地, 审慎地, 精密地",B2,,,,
pathway,pathway,/'pɑ:θwei/,n.,"n. 路径, 途径",C1,,,,
reconcile,reconcile,/'rekәnsail/,vt.,"vt. 使和解, 调停, 使和谐, 使一致, 使听从",Beyond C1,,,,
compartment,compartment,/kәm'pɑ:tmәnt/,n.,"n. 分隔间, 卧车包房, 防水舱隔",Beyond C1,,,,
policymaker,policymaker,/'pɔlisi.meikә/,n.,n. 政策制定者；决策人,Beyond C1,,,,
madness,madness,/'mædnis/,n.,"n. 疯狂, 愚蠢的行为",Beyond C1,,,,
hub,hub,/hʌb/,n.,"n. 毂, 木片, 中心",Beyond C1,,,,
noisy,noisy,/'nɒizi/,,"a. 嘈杂的, 喧闹的",A2,,,,
opposing,oppose,/ә'pәuziŋ/,,"a. 对面的, 反对的, 相反的, 相对的",B2,,,,
cleaner,clean,/'kli:nә/,n.,"n. 清洁工人, 清洁剂, 干洗商",A1,,,,
insult,insult,/'insʌlt/,vt./n.,"n. 侮辱, 无礼, 损害；vt. 损害, 侮辱, 攻击",C1,,,,
asthma,asthma,/'æsmә/,n.,n. 哮喘,Beyond C1,,,,
usher,usher,/'ʌʃә/,vt./vi./n.,"n. 引座员, 招待员；vt. 引导, 招待；vi. 作招待员",Beyond C1,,,,
respected,respect,,,a. 受尊敬的,B1,,,,
golfer,golfer,/'gɒlfә/,n.,n. 打高尔夫球的人,A2,,,,
misleading,misleading,/mis'li:diŋ/,,"a. 引入歧途的, 使人误解的, 骗人的",C1,,,,
fury,fury,/'fjuri/,n.,"n. 愤怒, 狂暴, 狂怒的人",Beyond C1,,,,
embark,embark,/im'bɑ:k/,vt./vi.,"vi. 乘船, 着手, 从事, 上飞机；vt. 使上船, 使上飞机, 使从事",C1,,,,
spontaneous,spontaneous,/spɒn'teiniәs/,,"a. 自然的, 自发的, 未经琢磨的",Beyond C1,,,,
slender,slender,/'slendә/,,"a. 苗条的, 纤弱的, 微少的, 微薄的",Beyond C1,,,,
proliferation,proliferation,/.prәulifә'reiʃәn/,n.,"n. 增殖, 激增",Beyond C1,,,,
bloom,bloom,/blu:m/,vt./vi./n.,"n. 花, 开花, 青春, 钢块；vi. 开花, 焕发青春, 茂盛；vt. 使茂盛, 把...轧成钢坯",Beyond C1,,,,
necklace,necklace,/'neklis/,n.,n. 项链,Beyond C1,,,,
perimeter,perimeter,/pә'rimitә/,n.,"n. 周长, 周界, 边缘",Beyond C1,,,,
brochure,brochure,/'brәuʃә/,n.,"n. 小册子, 小册",Beyond C1,,,,
blouse,blouse,/blauz/,n.,n. 宽松的上衣,Beyond C1,,,,
firing,fire,/'faiәriŋ/,n.,"n. 烧毁, 焚烧, 加热, 添煤",A1,,,,
proximity,proximity,/prɒk'simiti/,n.,"n. 接近, 亲近",Beyond C1,,,,
lettuce,lettuce,/'letis/,n.,"n. 莴苣, 生菜, 纸币",Beyond C1,,,,
manifestation,manifestation,/.mænifes'teiʃәn/,n.,"n. 显示, 证明, 示威运动",Beyond C1,,,,
brace,brace,/breis/,vt./vi./n.,"n. 支柱, 曲柄, 支撑, 一对；vt. 紧缚, 支撑, 激励；vi. 打起精神",Beyond C1,,,,
inn,inn,/in/,vi./n.,"n. 旅馆, 客栈；vi. 住旅馆",Beyond C1,,,,
perfume,perfume,/'pә:fju:m/,vt./n.,"n. 香水, 香气, (悦人的)气氛, 美名；vt. 洒香水于, 薰香, 使充满香气",Beyond C1,,,,
colonel,colonel,/'kә:nәl/,n.,"n. 陆军上校, 长官",Beyond C1,,,,
matching,match,/'mætʃiŋ/,,"a. 相同的, 协调的",B2,,,,
symbolize,symbolize,/'simblaiz/,vt./vi.,"vt. 符号化, 用符号表现；vi. 采用象征, 使用符号",Beyond C1,,,,
flock,flock,/flɒk/,vt./vi./n.,"n. 兽群, 鸟群, 一群人, 大量, 棉束；vi. 成群而行, 聚集；vt. 用棉束填满",Beyond C1,,,,
rivalry,rivalry,/'raivlri/,n.,"n. 竞争, 对抗",Beyond C1,,,,
firearm,firearm,/'faiә'ɑ:m/,n.,"n. 火器, 枪炮",C1,,,,
sermon,sermon,/'sә:mәn/,n.,"n. 说教, 启示, 布道",Beyond C1,,,,
refine,refine,/ri'fain/,vt./vi.,"vt. 精炼, 净化, 使优雅, 使精炼；vi. 被精炼, 被净化",Beyond C1,,,,
volatile,volatile,/'vɒlәtail/,n.,"a. 挥发性的, 可变的, 不稳定的, 飞行的, 轻快的, 爆炸性的；n. 有翅动物, 挥发物",Beyond C1,,,,
oval,oval,/'әuvәl/,n.,"n. 椭圆形；a. 卵形的, 椭圆形的",Beyond C1,,,,
mule,mule,/mju:l/,n.,"n. 骡, 倔强之人",Beyond C1,,,,
rigorous,rigorous,/'rigәrәs/,,"a. 严厉的, 严酷的, 严格的, 苛刻的, 严密的, 精确的",Beyond C1,,,,
linebacker,linebacker,/'lainbækә/,n.,n. 中后卫球员,Beyond C1,,,,
delighted,delight,/di'laitid/,,"a. 高兴的, 快乐的",B2,,,,
turf,turf,/tә:f/,vt./n.,"n. 草皮, 泥炭, 跑马场；vt. 覆草皮于",Beyond C1,,,,
hurdle,hurdle,/'hә:dl/,vt./n.,"n. 障碍, 跳栏, 临时活动篱笆；vt. 用篱笆围, 越过, 克服",Beyond C1,,,,
canoe,canoe,/kә'nu:/,vt./vi./n.,"n. 独木舟, 轻舟；vi. 乘独木舟；vt. 用独木舟运",Beyond C1,,,,
sturdy,sturdy,/'stә:di/,,"a. 强健的, 健全的",Beyond C1,,,,
broaden,broaden,/'brɒ:dn/,vt./vi.,"vi. 变宽, 扩大；vt. 放宽, 使扩大",Beyond C1,,,,
definitive,definitive,/di'finitiv/,n.,"n. 限定词；a. 限定的, 决定性的",Beyond C1,,,,
workforce,workforce,,n.,"n. 劳动力；工人总数, 职工总数",B2,,,,
propel,propel,/prәu'pel/,vt.,"vt. 推进, 驱使",Beyond C1,,,,
voyage,voyage,/'vɒiidʒ/,vt./vi./n.,"n. 航行, 航海, 航程, 旅行, 航空；vi. 航海, 航行；vt. 航行越过, 飞过",Beyond C1,,,,
parsley,parsley,/'pɑ:sli/,n.,"n. 皱叶欧芹, 荷兰芹",Beyond C1,,,,
replicate,replicate,/'replikeit/,vt./n.,"vt. 折叠, 折转, 复制；n. 复现试验, 复制品, 高八度音；a. 复现的, 复制的, 折转的, 弯回的",Beyond C1,,,,
distort,distort,/dis'tɒ:t/,vt.,"vt. 扭曲, 歪曲",C1,,,,
scoop,scoop,/sku:p/,vt./n.,"n. 铲子, 勺子, 穴, 口, 独家新闻；vt. 汲取, 舀取, 挖空, 抢先报道",Beyond C1,,,,
swift,swift,/swift/,n./adv.,"n. 褐雨燕, 快速爬行的小蜥蜴, 蝙蝠蛾, 大滚筒；a. 迅速的, 快的, 敏捷的, 立刻的；adv. 迅速地, 敏捷地",Beyond C1,,,,
overweight,overweight,/'әuvә'weit/,vt./n.,"n. 超过重量, 过重, 优势；a. 超过重量的, 超重的；vt. 使超重, 重于, 过于重视",Beyond C1,,,,
advancement,advancement,/әd'vɑ:nsmәnt/,n.,"n. 前进, 进步, 提升",Beyond C1,,,,
basics,basic,,n.,"n. 最简单但最重要的部分, 基本, 基础训练",B1,,,,
undo,undo,/.ʌn'du:/,vt./vi.,"vt. 解开, 取消, 破坏, 毁灭, 扰乱；vi. 松开",Beyond C1,,,,
tab,tab,/tæb/,n.,"n. 制表(键), 搭襻, 标号, 调整片, (易拉罐)拉环, 帐单, 标签, 制表符",Beyond C1,,,,
stalk,stalk,/stɒ:k/,vt./vi./n.,"n. 茎, 追踪, 高视阔步；vi. 悄悄靠近, 蹑手蹑脚地走近, 蔓延, 高视阔步；vt. 追踪, 搜索",Beyond C1,,,,
intimidate,intimidate,/in'timideit/,vt.,"vt. 威胁, 恐吓",Beyond C1,,,,
goddess,goddess,/'gɒdis/,n.,"n. 女神, 美女, 受崇拜的女性",Beyond C1,,,,
verge,verge,/vә:dʒ/,vi./n.,"n. 边缘, 边界, 起始点；vi. 处在边缘, 接近, 下沉, 趋向",Beyond C1,,,,
plague,plague,/pleig/,vt./n.,"n. 瘟疫, 天罚, 麻烦, 灾祸；vt. 折磨, 使苦恼, 使得灾祸",Beyond C1,,,,
sergeant,sergeant,/'sɑ:dʒәnt/,n.,"n. 警察小队长, 军士",Beyond C1,,,,
batch,batch,/bætʃ/,v./n.,"n. 一次所烘的面包, 一次所制之量, 一组, 批, 成批, 分批；v. 成批, 分批处理",Beyond C1,,,,
grandson,grandson,/'grændsʌn/,n.,"n. 孙子, 外孙",Beyond C1,,,,
lace,lace,/leis/,vt./vi./n.,"n. 饰带, 花边, 缎带, 鞋带；vt. 结带子, 饰以花边；vi. 系带子",Beyond C1,,,,
bipartisan,bipartisan,"/bai,pɑ:ti'zæn/",,a. 两党连立的,Beyond C1,,,,
deter,deter,/di'tә:/,vt.,"vt. 制止, 吓住, 威慑",Beyond C1,,,,
smoker,smoker,/'smәukә/,n.,"n. 吸烟者, 吸烟的人, 吸烟车厢, (美)(非正式)蒸汽火车头",Beyond C1,,,,
expire,expire,/ik'spaiә/,vt./vi.,"vi. 期满, 呼气, 断气；vt. 呼出",C1,,,,
catastrophe,catastrophe,/kә'tæstrәfi/,n.,"n. 大灾难, 大祸",Beyond C1,,,,
adjacent,adjacent,/ә'dʒeisәnt/,,"a. 毗连的, 邻近的, 连接的",C1,,,,
withhold,withhold,/wið'hәuld/,vt./vi.,"vt. 使停止, 扣留, 保留, 拒给；vi. 克制, 忍住",Beyond C1,,,,
messy,messy,/'mesi/,,"a. 散乱的, 污秽的, 麻烦的",Beyond C1,,,,
privatization,privatization,,,[计] 私有化,C1,,,,
unpredictable,unpredictable,/.ʌnpri'diktәbl/,,a. 不可预知的,Beyond C1,,,,
ivory,ivory,/'aivәri/,n.,"n. 象牙, 乳白色；a. 象牙制的, 乳白色的",Beyond C1,,,,
embryo,embryo,/'embriәu/,n.,"n. 胚胎, 胎儿, 胚芽",Beyond C1,,,,
coincide,coincide,/.kәuin'said/,vi.,"vi. 一致, 符合",C1,,,,
diagnostic,diagnostic,/daiәg'nɒstik/,n.,"a. 诊断的, 有助于诊断的, 特征的；n. 诊断, 病的征候, 诊断法",Beyond C1,,,,
decorative,decorative,/'dekәreitiv/,,a. 装饰性的,Beyond C1,,,,
stark,stark,/stɑ:k/,adv.,"a. 僵硬的, 完全的, 刻板的, 明显的, 荒凉的, 结实的；adv. 突出地, 简直, 全然",C1,,,,
lucrative,lucrative,/'lu:krәtiv/,,"a. 有利益的, 获利的, 合算的",Beyond C1,,,,
transcend,transcend,/træn'send/,vt.,"vt. 超越, 胜过",Beyond C1,,,,
rag,rag,/ræg/,vt./vi./n.,"n. 碎布, 抹布, 碎片, 碎屑, 少量, 破旧衣服；vt. 责骂, 揶揄, 戏弄；vi. 喧闹",Beyond C1,,,,
resistant,resistant,/ri'zistәnt/,n.,"n. 抵抗者, 反抗者；a. 抵抗的, 反抗的, 耐...的",Beyond C1,,,,
violin,violin,/.vaiә'lin/,n.,n. 小提琴,Beyond C1,,,,
promptly,promptly,/'prɒmptli/,adv.,"adv. 敏捷地, 迅速地",Beyond C1,,,,
expanded,expand,/ik'spendid/,,a. 扩充的；展开的,B1,,,,
escort,escort,/'eskɒ:t/,vt./n.,"n. 护送者, 护卫者, 护航舰；vt. 护卫, 护送",Beyond C1,,,,
dedicated,dedicate,/'dedikeitid/,,"a. 专注的, 献身的",C1,,,,
reopen,reopen,/.ri:'әupәn/,v.,"v. 重开, 再开始, 再开",Beyond C1,,,,
homosexuality,homosexuality,/-'æliti/,n.,n. 同性恋,Beyond C1,,,,
stall,stall,/stɒ:l/,vt./vi./n.,"n. 厩, 停车处, 牧师职位, 货摊, 托辞, 拖延；vt. 关入厩, 停顿, 推托, 支吾, 使陷于泥中；vi. 被关在厩内, 陷于泥中, 停止, 支吾",B2,,,,
detention,detention,/di'tenʃәn/,n.,"n. 阻止, 监禁, 拘留",C1,,,,
liar,liar,/'laiә/,n.,n. 说谎者,Beyond C1,,,,
talking,talk,/'tɒ:kiŋ/,n.,"a. 说话的, 多嘴的, 富有表情的；n. 讲话, 谈论",A1,,,,
southeastern,southeastern,/sauθ'i:stәn/,,a. 东南方的,Beyond C1,,,,
elicit,elicit,/i'lisit/,vt.,"vt. 引出, 推导出, 引起",Beyond C1,,,,
fascination,fascination,/.fæsi'neiʃәn/,n.,"n. 令人着迷的事物, 入迷, 魅力",Beyond C1,,,,
pact,pact,/pækt/,n.,"n. 契约, 协定, 条约",Beyond C1,,,,
em,em,/em/,,[计] 媒体用毕符；[化] 射气,Beyond C1,,,,
hull,hull,/hʌl/,vt./n.,"n. 壳, 皮, 船体；vt. 去壳",Beyond C1,,,,
contender,contender,/kәn'tendә(r)/,n.,"n. 参赛者, 争论者, 斗争者, 竞争者",C1,,,,
oblige,oblige,/ә'blaidʒ/,vt./vi.,"vt. 强制, 施恩惠于, 使感激；vi. 施恩惠, 帮忙",C1,,,,
vest,vest,/vest/,vt./vi./n.,"n. 背心, 汗背心；vt. 使穿衣服, 授予；vi. 穿衣服, 归属",Beyond C1,,,,
inquire,inquire,/in'kwaiә/,v.,"v. 询问, 问明, 查究",C1,,,,
bust,bust,/bʌst/,vt./vi./n.,"n. 半身像, 胸部, 失败, 殴打；vt. 使爆裂, 使破产；vi. 爆裂, 破产",Beyond C1,,,,
signify,signify,/'signifai/,vt./vi.,"vt. 象征, 预示；vi. 要紧, 重要",Beyond C1,,,,
prestige,prestige,/pre'sti:ʒ/,n.,"n. 声望, 威望, 威信",Beyond C1,,,,
bolster,bolster,/'bәulstә/,vt./n.,"n. 支持, 长枕；vt. 支持, 支撑",Beyond C1,,,,
elevation,elevation,/.eli'veiʃәn/,n.,"n. 海拔, 提高, 仰角",Beyond C1,,,,
loved,love,/lʌvd/,v.,v. 热爱（love的过去分词）,A1,,,,
linguistic,linguistic,/liŋ'^wistik/,,"a. 语言的, 语言学的",Beyond C1,,,,
splash,splash,/splæʃ/,vt./vi./n.,"n. 飞溅, 污点, 一点儿, 溅泼声, 色斑；vi. 溅湿, 溅开, 飞溅；vt. 溅, 泼, 使溅起水, 洒, 使成斑驳状",Beyond C1,,,,
vibrant,vibrant,/'vaibrәnt/,,"a. 振动的, 战栗的, 响亮的, 活跃的",C1,,,,
sensibility,sensibility,/.sensi'biliti/,n.,"n. 感性, 感觉, 情感",Beyond C1,,,,
parole,parole,/pә'rәul/,vt./n.,"n. 假释, 誓言, 释放宣言；vt. 宣誓后释放, 使假释出狱",Beyond C1,,,,
backdrop,backdrop,/'bækdrɒp/,n.,"n. 背景幕, 背景",C1,,,,
reformer,reformer,/ri'fɒ:mә/,n.,"n. 改革家, 改革运动者",C1,,,,
happening,happen,/'hæpәniŋ/,n.,"n. 事件, 意外发生的事",A1,,,,
poetic,poetic,/pәu'etik/,,"a. 诗的, 诗意的, 诗人的",Beyond C1,,,,
modeling,modele,/'mɔdliŋ/,n.,"n. 模特儿职业, 立体感",A1,,,,
interrogation,interrogation,/in.terәu'geiʃәn/,n.,"n. 审问, 疑问句, 问号",Beyond C1,,,,
shooter,shooter,/'ʃu:tә/,n.,"n. 射手, 狩猎者, 手枪",B1,,,,
scoring,score,/'skɔ:riŋ/,,[化] 擦伤; 划伤,A2,,,,
stain,stain,/stein/,vt./vi./n.,"n. 污染, 污点, 着色剂；vt. 沾染, 染污, 着色；vi. 变脏",Beyond C1,,,,
sticker,sticker,/'stikә/,n.,"n. 屠夫, 尖刀, 刺, 芒, 尖物, 携带尖刀者, 张贴物, 滞销品, (非正式)难题",B1,,,,
imminent,imminent,/'iminәnt/,,"a. 即将来临的, 逼近的",C1,,,,
foil,foil,/fɒil/,vt./n.,"n. 箔, 烘托, 衬托；vt. 贴箔于, 衬托, 阻止, 挡开, 挫败",Beyond C1,,,,
alpha,alpha,/'ælfә/,n.,"n. 希腊字母表的第一个字母, 最初, 开端",Beyond C1,,,,
flawed,flaw,,,a. 有缺陷的；有裂纹的；有瑕疵的,C1,,,,
geographical,geographical,/dʒiә'græfikl/,,"a. 地理学的, 地理的",Beyond C1,,,,
publishing,publish,/'pʌbliʃiŋ/,n.,"n. 出版, 刊印, 发行",B2,,,,
rude,rude,/ru:d/,,"a. 粗鲁无礼的, 粗陋的, 粗暴的, 原始的, 未开化的, 大略的, 崎岖不平的, 狂暴的",A2,,,,
backwards,backwards,/'bækwәdz/,adv.,adv. 向后,B1,,,,
bearing,bear,/'bєәriŋ/,n.,"n. 举止, 轴承, 忍受, 关系, 意义, 方向, 生育",A2,,,,
unveil,unveil,/.ʌn'veil/,vt./vi.,"vt. 揭开, 揭幕, 除去...的面纱；vi. 显露, 除去面纱",C1,,,,
frustrated,frustrate,/frʌ'streitid/,,"a. 失意的, 挫败的；泄气的",C1,,,,
clap,clap,/klæp/,v./n.,"n. 拍手, 拍手声, 霹雳声, 花柳病；v. 鼓掌, (使)啪地关上",Beyond C1,,,,
landlord,landlord,/'lændlɒ:d/,n.,"n. 房东, 地主",C1,,,,
uncommon,uncommon,/.ʌn'kɒmәn/,adv.,"a. 不寻常的, 非凡的, 罕有的；adv. 不平常地",Beyond C1,,,,
bunker,bunker,/'bʌŋkә/,vt./n.,"n. 煤仓, 沙坑, 暗堡；vt. 击入沙坑, 使陷入困境",Beyond C1,,,,
accepted,accept,/әk'septid/,,"a. 公认的, 一般承认的",A2,,,,
animated,animated,/'ænimeitid/,,"a. 活生生的, 能活动的, 活泼的, 欢快的",Beyond C1,,,,
deepen,deepen,/'dipәn/,vt./vi.,"vi. 深化；vt. 使加深, 使强烈",Beyond C1,,,,
enduring,endure,/in'djuәriŋ/,,"a. 持久的, 忍耐的",C1,,,,
amusement,amusement,/ә'mju:zmәnt/,n.,"n. 兴味, 娱乐, 消遣",Beyond C1,,,,
curb,curb,/kә:b/,vt./n.,"n. 抑制, 勒马绳, 边石；vt. 抑制, 束缚, 勒住",Beyond C1,,,,
implicit,implicit,/im'plisit/,,"a. 暗示的, 含蓄的, 固有的, 绝对的",Beyond C1,,,,
anthropology,anthropology,/.ænθrә'pɒlәdʒi/,n.,n. 人类学,Beyond C1,,,,
conquer,conquer,/'kɒŋkә/,vt./vi.,"vt. 克服, 征服, 战胜；vi. 得胜",C1,,,,
crouch,crouch,/'krautʃ/,vt./vi./n.,"n. 蹲伏, 蜷缩；vi. 蹲下, 蜷着, 缩着；vt. 低头",Beyond C1,,,,
interestingly,interestingly,/'intristiŋli/,adv.,adv. 有趣地,Beyond C1,,,,
dictator,dictator,/'dikteitә/,n.,"n. 命令者, 独裁者",C1,,,,
composite,composite,/kәm'pɒzit/,n.,"a. 合成的, 混合成的, 菊科的；n. 合成物, 复合材料, 菊科",Beyond C1,,,,
unlimited,unlimited,/.ʌn'limitid/,,"a. 无限的, 不受限制的, 无条件的",Beyond C1,,,,
therapeutic,therapeutic,/.θerә'pju:tik/,,"a. 治疗的, 有益于健康的",Beyond C1,,,,
fetch,fetch,/fetʃ/,vt./vi./n.,"n. 取得, 拿, 诡计, 魂；vt. 接来, 取来, 售得, 带来, 推出, 引出, 杀死, 吸引, 到达；vi. 取物, 前进",Beyond C1,,,,
inhale,inhale,/in'heil/,vt./vi.,vt. 吸入；vi. 吸气,Beyond C1,,,,
genetically,genetically,,adv.,"adv. 创始, 遗传学, 生殖, 基因, 遗传, 发生",Beyond C1,,,,
forthcoming,forthcoming,/'fɒ:θ'kʌmɑŋ/,n.,a. 即将来临的；n. 来临,C1,,,,
circular,circular,/'sә:kjulә/,,"a. 圆形的, 循环的, 间接的",Beyond C1,,,,
siren,siren,/'saiәrin/,vi./n.,"n. 女海妖, 妖女, 警报器, 汽笛, 迷人的美女；a. 诱惑的；vi. 响着警报器前进",Beyond C1,,,,
vacant,vacant,/'veikәnt/,,"a. 空的, 空白的, 空虚的, 空闲的, 茫然的, 空缺的",Beyond C1,,,,
width,width,/widθ/,n.,"n. 宽度, 宽广, 广博",C1,,,,
greed,greed,/gri:d/,n.,"n. 贪欲, 贪婪",Beyond C1,,,,
environmentally,environmentally,,adv.,adv. 有关环境方面,Beyond C1,,,,
deaf,deaf,/def/,,a. 聋的,Beyond C1,,,,
hillside,hillside,/'hilsaid/,n.,"n. 山坡, 山腹",Beyond C1,,,,
incoming,incoming,/'inkʌmiŋ/,n.,"a. 进来的, 刚开始的, 新来的；n. 进来",B2,,,,
referendum,referendum,/.refә'rendәm/,n.,n. （就重大政治或社会问题进行的）全民公决，全民投票,C1,,,,
complement,complement,/'kɒmplimәnt/,vt./n.,"n. 补足物, 补语, 补数；vt. 补充, 补足",C1,,,,
weary,weary,/'wiәri/,vt./vi.,"a. 疲倦的, 萎靡的, 厌倦的, 厌烦的；vt. 使疲倦, 使厌烦；vi. 疲乏, 生厌, 不耐烦",Beyond C1,,,,
fastest,fast,,,a. 最快速的（far 的最高级）,A1,,,,
allocate,allocate,/'ælәukeit/,vt.,"vt. 分派, 分配",C1,,,,
lush,lush,/lʌʃ/,v./n.,"a. 苍翠繁茂的, 多青草的, 丰富的；n. 酒, 酒鬼；v. 饮",Beyond C1,,,,
probable,probable,/'prɒbәbl/,n.,"a. 很可能的, 大概的, 可信的；n. 很有希望的候选人, 很可能的事情",B2,,,,
mourn,mourn,/mɒ:n/,v.,"v. 哀悼, 忧伤, 服丧",Beyond C1,,,,
millionaire,millionaire,/.miljә'nєә/,n.,"n. 百万富翁, 大富豪",Beyond C1,,,,
arguably,arguably,/'ɑ:ɡjuәbli/,adv.,adv. 可论证地；可争辩地；正如可提出证据加以证明的那样地,Beyond C1,,,,
scarce,scarce,/skɑ:s/,,"a. 难得的, 稀罕的, 缺乏的",Beyond C1,,,,
charitable,charitable,/'tʃæritәbl/,,"a. 大慈大悲的, 宽厚的, 慈善的",Beyond C1,,,,
siege,siege,/si:dʒ/,vt./n.,"n. 包围, 围攻, 再三的努力；vt. 包围, 围攻",Beyond C1,,,,
paradox,paradox,/'pærәdɒks/,n.,"n. 似非而是的论点, 自相矛盾的话, 悖论, 怪人怪事",Beyond C1,,,,
prevailing,prevail,/pri'veiliŋ/,,"a. 盛行很广的, 优势的, 主要的, 普遍的",C1,,,,
barbecue,barbecue,/'bɑ:bikju:/,vt./n.,"n. 烤肉；vt. 烤肉, 烧烤",Beyond C1,,,,
pervasive,pervasive,/pә'veisiv/,,"a. 普遍的, 流行的, 到处蔓延的, 到处渗透的",Beyond C1,,,,
definite,definite,/'definit/,,"a. 明确的, 一定的",B1,,,,
preside,preside,/pri'zaid/,vi.,"vi. 统辖, 当主人, 主持",C1,,,,
discriminate,discriminate,/dis'krimineit/,v.,"v. 区别, 差别待遇",Beyond C1,,,,
strangely,strangely,/'streindʒli/,adv.,"adv. 奇妙地, 奇怪地, 不可思议地",Beyond C1,,,,
disruption,disruption,/dis'rʌpʃәn/,n.,"n. 分裂, 崩溃, 瓦解",C1,,,,
translator,translator,/træn'leitә/,n.,n. 翻译者,Beyond C1,,,,
strategist,strategist,/'strætidʒist/,n.,n. 战略家,Beyond C1,,,,
trademark,trademark,/'treidmɑ:k/,n.,n. 商标,C1,,,,
nowadays,nowadays,/'nauәdeiz/,n./adv.,"n. 现在, 现时, 当今；adv. 时下, 现今",B2,,,,
displace,displace,/dis'pleis/,vt.,"vt. 移置, 替换, 转移",C1,,,,
territorial,territorial,/.teri'tɒ:riәl/,n.,"a. 领土的, 土地的, 地方的, 区域性的；n. 本土自卫队队员",Beyond C1,,,,
homosexual,homosexual,/.hɒmәu'sekjuәl/,n.,a. 同性恋的；n. 同性恋者,Beyond C1,,,,
multicultural,multicultural,/.mʌlti'kʌltʃәrәl/,,a. 融合或具有多种文化的；多种文化的,Beyond C1,,,,
catalogue,catalogue,/'kætәlɒg/,vt./n.,"n. 目录, 大学情况一览；vt. 编入目录",Beyond C1,,,,
marsh,marsh,/mɑ:ʃ/,n.,"n. 沼泽, 湿地；a. 沼泽的",Beyond C1,,,,
polar,polar,/'pәulә/,n.,"a. 两极的, 极地的, 正好相反的, 极性的；n. 极线, 极面",Beyond C1,,,,
gradual,gradual,/'grædʒuәl/,n.,"a. 逐渐的, 渐增的；n. 弥撒升阶圣歌",Beyond C1,,,,
solitary,solitary,/'sɒlitәri/,n.,"n. 独居者；a. 孤独的, 独居的",Beyond C1,,,,
documentation,documentation,/.dɒkjumen'teiʃәn/,n.,n. (总称)文件,C1,,,,
casually,casually,/'kæʒjuәli/,adv.,"adv. 偶然地, 临时地, 随便地",Beyond C1,,,,
puppy,puppy,/'pʌpi/,n.,"n. 小狗, 小动物, 自负的年轻人",Beyond C1,,,,
angler,angler,/'æŋ^lә/,n.,"n. 钓鱼, 攫取, 追逐",Beyond C1,,,,
slump,slump,/slʌmp/,vi./n.,"n. 暴跌, 垂头弯腰的姿态；vi. 猛然掉落, 陷入, 衰落(经济等)",Beyond C1,,,,
remainder,remainder,/ri'meindә/,v./n.,"n. 剩余物, 其他人, 残余, 余数；v. 削价出售(图书)；a. 剩余的, 出售削价剩书的",C1,,,,
median,median,/'mi:diәn/,n.,"a. 中央的, 中间的, 正中的；n. 正中动脉, 中位数, 中线",Beyond C1,,,,
prohibition,prohibition,/.prәuhi'biʃәn/,n.,"n. 禁令, 禁止",Beyond C1,,,,
inaudible,inaudible,/in'ɒ:dәbl/,,a. 听不见的,Beyond C1,,,,
pending,pending,/'pendiŋ/,prep.,"a. 未决定的, 待决的, 行将发生的, 向外伸出的；prep. 在等待...之际, 直到...时为止, 在...期间, 在...过程中",Beyond C1,,,,
dating,date,/'deitiŋ/,,[计] 记日期的；[经] 注明日期,A1,,,,
coconut,coconut,/'kәukәnәt/,n.,n. 椰子,Beyond C1,,,,
dislike,dislike,/dis'laik/,vt./n.,"n. 嫌恶；vt. 讨厌, 不喜欢",B1,,,,
badge,badge,/bædʒ/,n.,"n. 徽章, 标记",B2,,,,
void,void,/vɒid/,n.,"n. 空虚, 空间, 空白, 空隙, 空虚感；a. 空的, 无效的, 无人的, 没有的, 无用的",Beyond C1,,,,
paradise,paradise,/'pærәdais/,n.,"n. 天堂, 乐园, 伊甸园",Beyond C1,,,,
seafood,seafood,/'si:fu:d/,n.,"n. 海味, 海鲜, 鱼类",Beyond C1,,,,
battered,battered,/'bætәd/,,a. 磨损的；弄垮的；破旧的；受到虐待的,Beyond C1,,,,
granite,granite,/'grænit/,n.,n. 花岗岩,Beyond C1,,,,
theologian,theologian,/.θi:ә'lәudʒәn/,n.,n. 神学者,Beyond C1,,,,
erode,erode,/i'rәud/,vt./vi.,"vt. 腐蚀, 侵蚀；vi. 受腐蚀",Beyond C1,,,,
hum,hum,/hʌm/,vt./vi./n.,"n. 嗡嗡声, 哼声, 杂声；vi. 发低哼声；vt. 哼, 用哼声表示；interj. 哼, 嗯",Beyond C1,,,,
synthetic,synthetic,/sin'θetik/,n.,"n. 合成物质；a. 综合(性)的, 人造的, 合成的",Beyond C1,,,,
restrain,restrain,/ri'strein/,vt.,"vt. 抑制, 阻止, 束缚",Beyond C1,,,,
viewing,view,/'vju:iŋ/,,[计] 可见的,A2,,,,
syrup,syrup,/'sirәp/,n.,"n. 糖浆, 果汁",Beyond C1,,,,
qualification,qualification,/.kwɒlifi'keiʃәn/,n.,"n. 资格, 条件, 限制",B1,,,,
buying,buy,/'baiiŋ/,,[经] 买气; 买进,A1,,,,
desktop,desktop,/'desktɔp/,n.,n. 桌面,C1,,,,
beverage,beverage,/'bevәridʒ/,n.,n. 饮料,C1,,,,
premiere,premiere,/pri'miә/,v./n.,"v. 初次公演, 首次露面；n. 初次的演出；a. 首次的, 首位的",Beyond C1,,,,
mimic,mimic,/'mimik/,vt./n.,"a. 模仿的, 摹拟的；n. 效颦者, 模仿者, 小丑, 仿制品；vt. 模仿, 摹拟",Beyond C1,,,,
illegally,illegally,,,"[法] 非法地, 不合法地, 违法地",Beyond C1,,,,
wholly,wholly,/'hәuli/,adv.,"adv. 完全地, 整个, 统统, 全部",C1,,,,
oppression,oppression,/ә'preʃәn/,n.,"n. 压抑, 沉闷, 压迫手段",Beyond C1,,,,
ammunition,ammunition,/.æmju'niʃәn/,n.,"n. 军火, 弹药",Beyond C1,,,,
paperwork,paperwork,/'peipәwә:k/,n.,n. 文书工作,Beyond C1,,,,
pierce,pierce,/piәs/,vt./vi.,"vt. 刺穿, 穿透, 打眼于, 洞悉, (声音)响彻, (亮光)照进, 深深地打动；vi. 刺入, 穿入, 透入, 进入",Beyond C1,,,,
hybrid,hybrid,/'haibrid/,n.,"n. 混血儿, 杂种, 混合物；a. 混合的, 杂种的, 混合语的",Beyond C1,,,,
indulge,indulge,/in'dʌldʒ/,vt./vi.,"vt. 纵情于, 使高兴, 放任, 迁就；vi. 沉溺",C1,,,,
pest,pest,/pest/,n.,"n. 令人讨厌之物, 有害之物, 害虫, 瘟疫",Beyond C1,,,,
lodge,lodge,/lɒdʒ/,vt./vi./n.,"n. 小屋, 门房, 支部, 旅舍, 分会；vi. 临时住宿, 倒伏, 寄宿, 投宿；vt. 安顿, 容纳, 提出, 把...射入, 存放",Beyond C1,,,,
steroids,steroid,/'stɪərɔɪdz/,n.,n. 类固醇( steroid的名词复数 ),Beyond C1,,,,
interim,interim,/'intәrim/,n.,"a. 暂时的, 临时的, 间歇的；n. 过渡时期",C1,,,,
prairie,prairie,/'prєәri/,n.,"n. 大草原, 草甸",Beyond C1,,,,
atmospheric,atmospheric,/ætmәs'ferik/,,a. 大气的,Beyond C1,,,,
suspected,suspect,/sә'spektid/,,a. 有嫌疑的,B2,,,,
commuter,commuter,/kә'mju:tә/,n.,"n. 乘公共车辆上下班者, 月季票乘客",Beyond C1,,,,
flick,flick,/flik/,v./n.,"n. 快速的轻打, 轻打声, 弹开；v. 轻弹, 轻轻拂去, 忽然摇动",Beyond C1,,,,
answering,answer,,,[计] 应答,A1,,,,
serial,serial,/'siәriәl/,n.,"n. 分期连载作品, 连载小说；a. 连续的, 一连串的, 连载的, 分期偿还的",Beyond C1,,,,
investigative,investigative,/in'vestigeitiv/,,"a. 审查的, 调查的, 好研究的",Beyond C1,,,,
texan,texan,/'teksәn/,n.,"a. 得克萨斯州的；n. 得克萨斯州的人, 得克萨斯人",Beyond C1,,,,
dice,dice,/dais/,vt./vi./n.,n. 骰子；vt. 切成方块；vi. 掷骰子,Beyond C1,,,,
dwarf,dwarf,/dwɒ:f/,v./n.,"n. 矮子, 侏儒；v. (使)变矮小",Beyond C1,,,,
pear,pear,/pєә/,n.,"n. 梨子, 梨树, 梨木",Beyond C1,,,,
boomer,boomer,/'bu:mә/,n.,n. 往来无定的临时工,C1,,,,
surpass,surpass,/sә'pɑ:s/,vt.,"vt. 超越, 凌驾, 胜过",Beyond C1,,,,
infinite,infinite,/'infinit/,n.,"n. 无限, 神；a. 无穷的, 无限的, 极大的",Beyond C1,,,,
gossip,gossip,/'gɒsip/,vi./n.,"n. 闲聊, 随笔, 流言, 爱讲闲话的人；vi. 说闲话, 闲聊",Beyond C1,,,,
reflective,reflective,/ri'flektiv/,,"a. 反射的, 反映的, 沉思的",Beyond C1,,,,
contradict,contradict,/.kɒntrә'dikt/,vt./vi.,"vt. 反驳, 与...抵触, 与...矛盾；vi. 反驳",Beyond C1,,,,
muscular,muscular,/'mʌskjulә/,,"a. 强壮的, 肌肉发达的, 有力的",Beyond C1,,,,
landfill,landfill,/'lændfil/,n.,n. 垃圾堆；垃圾填埋地,Beyond C1,,,,
finished,finish,/'finiʃt/,,"a. 完成的, 完结的, 精巧的, 完美的",A1,,,,
commute,commute,/kә'mju:t/,vt./vi.,"vt. 交换, 折偿, 减轻；vi. 代偿, 经常乘车来往",Beyond C1,,,,
temporal,temporal,/'tempәrәl/,n.,"a. 时间的, 暂时的, 现世的, 世俗的, 颞的, 太阳穴的；n. 世间万物, 教会财产",Beyond C1,,,,
bilateral,bilateral,/bai'lætәrәl/,,"a. 有两边的, 双边的, 双方的",Beyond C1,,,,
hmo,hmo,,,[化] 休克尔分子轨道法,Beyond C1,,,,
pluck,pluck,/plʌk/,vt./vi./n.,"n. 勇气, 猛拉, 动物内脏；vt. 摘, 猛拉, 拔, 拉, 扯, 采；vi. 拉, 拽",Beyond C1,,,,
lunar,lunar,/'lu:nә/,,"a. 阴历的, 月的, 微亮的(指光)",Beyond C1,,,,
discrepancy,discrepancy,/dis'krepәnsi/,n.,"n. 不符合, 差异, 不相符之处",Beyond C1,,,,
utter,utter,/'ʌtә/,vt.,"a. 全然的, 绝对的, 完全的；vt. 发出声音, 做声, 发表, 发射, 流通",Beyond C1,,,,
patio,patio,/'pɑ:tiәu/,n.,n. 屋子与花园之间的一片供晴天休息用的石砌空地,Beyond C1,,,,
sincere,sincere,/sin'siә/,,"a. 诚实的, 正直的, 真挚的, 纯净的",B2,,,,
intermediate,intermediate,/.intә'mi:diәt/,vi./n.,"n. 中间物, 调停者, 中级；a. 中间的, 中级的；vi. 起媒介作用",C1,,,,
roommate,roommate,,n.,n. 住在同室的人,Beyond C1,,,,
demise,demise,/di'maiz/,vt./n.,"n. 崩, 薨, 死亡；vt. 让渡, 遗赠, 转让",Beyond C1,,,,
enrich,enrich,/in'ritʃ/,vt.,"vt. 使富足, 使肥沃",C1,,,,
chant,chant,/tʃænt. tʃɑ:nt/,v./n.,"n. 圣歌, 赞美诗；v. 吟唱, 诵扬",Beyond C1,,,,
submarine,submarine,/'sʌbmәri:n/,vt./vi./n.,"n. 潜水艇, 海底生物；a. 海中的, 生长在海中的；vt. 用潜水艇攻击；vi. 在下疾行, 在下滑动",Beyond C1,,,,
overwhelmingly,overwhelmingly,/.әuvә'hwelmiŋli/,adv.,"adv. 压倒性地, 不可抵抗地",Beyond C1,,,,
premature,premature,/.premә'tjuә/,n.,"a. 早产的, 过早的, 不成熟的；n. 早产儿, 过早发生的事物",Beyond C1,,,,
tout,tout,/taut/,vt./vi./n.,"vi. 招徕顾客, 兜售物品；vt. 招徕, 刺探...情报；n. 兜售者, 侦查者",Beyond C1,,,,
crater,crater,/'kreitә/,n.,"n. 火山口, 环行山, 弹坑",Beyond C1,,,,
comfortably,comfortably,/'kʌmfәtәbli/,adv.,"adv. 安乐地, 舒服地, 宽裕地",Beyond C1,,,,
exploitation,exploitation,/.eksplɒi'teiʃәn/,n.,"n. 开发, 开采, 剥削",C1,,,,
jersey,jersey,/'dʒә:zi/,n.,n. 运动衫,Beyond C1,,,,
clown,clown,/klaun/,n.,"n. 小丑, 乡下人",Beyond C1,,,,
ditch,ditch,/ditʃ/,vt./vi./n.,n. 沟渠；vt. 在...开沟；vi. 开沟,Beyond C1,,,,
secondly,secondly,/'sekәndli/,adv.,"adv. 第二, 其次",C1,,,,
loaf,loaf,/lәuf/,v./n.,"n. 一条面包, 块, 游荡；v. 游手好闲, 虚度光阴",Beyond C1,,,,
cushion,cushion,/'kuʃәn/,vt./n.,"n. 垫子, 橡皮软垫；vt. 加垫褥, 缓冲, 掩盖",Beyond C1,,,,
wrestling,wrestle,/'resliŋ/,n.,n. 摔跤,Beyond C1,,,,
vaguely,vaguely,/'veigli/,adv.,"adv. 含糊地, 暧昧地",Beyond C1,,,,
twilight,twilight,/'twailait/,n.,"n. 暮光, 曙光, 黎明, 黄昏, 微光, 朦胧状态；a. 微明的",Beyond C1,,,,
adolescence,adolescence,/.ædәu'lesәns/,n.,n. 青春期,Beyond C1,,,,
comprehend,comprehend,/.kɒmpri'hend/,vt.,"vt. 理解, 包括",Beyond C1,,,,
dispose,dispose,/dis'pәuz/,vt./vi.,"vt. 处理, 排列, 布置；vi. 处置",C1,,,,
unlock,unlock,/.ʌn'lɒk/,vt./vi.,"vt. 开...的锁, 开启, 表露, 放出；vi. 被开启, 揭开, 解放",Beyond C1,,,,
imaging,image,/i'mædʒiŋ/,,[计] 成象；[化] 成像,A2,,,,
squirrel,squirrel,/'skwә:rәl/,vt./n.,"n. 松鼠, 松鼠毛皮；vt. 贮藏",Beyond C1,,,,
destine,destine,/'destin/,vt.,"vt. 注定, 预定",Beyond C1,,,,
bleeding,bleeding,/'bli:diŋ/,n.,"n. 出血, 流血",C1,,,,
royalty,royalty,/'rɒiәlti/,n.,"n. 皇室, 王族成员, 王权, 特权阶层, 庄严",Beyond C1,,,,
superb,superb,/sju'pә:b/,,"a. 极度的, 华丽的, 极好的",C1,,,,
responsive,responsive,/ri'spɒnsiv/,,"a. 回答的, 应答的, 易感应的",Beyond C1,,,,
understandable,understandable,/.ʌndә'stændәbl/,,a. 可以理解的,Beyond C1,,,,
salon,salon,/'sælɔ:ŋ/,n.,"n. 大会客室, 大厅, 客厅, 交谊室, 沙龙, 美术展览馆, 画廊, 美容院, 发廊",Beyond C1,,,,
loosely,loosely,/'lu:sli/,adv.,"adv. 松弛地, 宽松地, 不紧",Beyond C1,,,,
evacuate,evacuate,/i'vækjueit/,v.,"v. 疏散, 撤出, 排泄",C1,,,,
descriptive,descriptive,/di'skriptiv/,,"a. 描述的, 叙述的",Beyond C1,,,,
modified,modify,/'mɔdifaid/,,"a. 改良的；改进的, 修改的",B2,,,,
hardship,hardship,/'hɑ:dʃip/,n.,"n. 艰难, 辛苦, 苦难",Beyond C1,,,,
squash,squash,/skwɒʃ/,vt./vi./n.,"n. 挤压, 压碎的东西, 南瓜属植物, 拥挤的人群；vt. 压扁, 镇压, 压制；vi. 被压扁, 发溅泼声, 挤入",Beyond C1,,,,
postcard,postcard,/'pәustkɑ:d/,n.,n. 明信片,Beyond C1,,,,
instability,instability,/.instә'biliti/,n.,"n. 不安定, 不稳定",Beyond C1,,,,
pity,pity,/'piti/,vt./vi./n.,"n. 遗憾, 同情, 怜悯, 憾事, 可惜；vt. 同情, 怜悯；vi. 觉得可怜, 有同情心",B2,,,,
relocate,relocate,/ri:'lәukeit/,vt.,"vt. 重新安置, 再配置, 放在新地方",Beyond C1,,,,
affiliate,affiliate,/ә'filieit/,vt./vi.,"vt. 使紧密联系, 使附属, 接纳, 收养；vi. 发生联系, 参加",Beyond C1,,,,
gulf,gulf,/gʌlf/,vt./n.,"n. 海湾, 深渊, 漩涡, 隔阂；vt. 吞没",Beyond C1,,,,
elusive,elusive,/i'lu:siv/,,"a. 难懂的, 易忘的, 难以捉摸的",Beyond C1,,,,
dodge,dodge,/dɒdʒ/,v./n.,"v. 避开, 躲避；n. 诡计, 躲藏",Beyond C1,,,,
unwanted,unwanted,/.ʌn'wɒntid/,,"a. 没人要的, 不需要的, 多余的",Beyond C1,,,,
bureaucrat,bureaucrat,/'bjuәrәukræt/,n.,"n. 官僚作风的人, 官僚, 官僚主义者",Beyond C1,,,,
claw,claw,/klɒ:/,v./n.,"n. 爪, 螯, 抓伤；v. 用爪抓, 挖, 搜刮",Beyond C1,,,,
marvelous,marvelous,/'mɑ:vәlәs/,,"a. 令人惊异的, 了不起的, 不平常的",Beyond C1,,,,
projected,project,,,"a. 投影的, 投射",A1,,,,
mercury,mercury,/'mә:kjuri/,n.,"n. 水银, 汞, 使者",Beyond C1,,,,
skepticism,skepticism,/'skeptisizm/,n.,n. 怀疑论,Beyond C1,,,,
incomplete,incomplete,/.inkәm'pli:t/,,"a. 不完全的, 未完成的, 不完善的",Beyond C1,,,,
laborer,laborer,/'leibәrә/,n.,"n. 体力劳动者, 辅助工",B2,,,,
continuously,continuously,/kәn'tinjuәsli/,adv.,"adv. 不断地, 连续地",Beyond C1,,,,
immunity,immunity,/i'mju:niti/,n.,"n. 免疫, 免疫性, 免除",Beyond C1,,,,
reliance,reliance,/ri'laiәns/,n.,"n. 信任, 信赖, 受信赖的人(或事)",Beyond C1,,,,
planetary,planetary,/'plænitri/,,"a. 行星的, 流浪的, 迁移不定的, 地球上的, 现世的",Beyond C1,,,,
nucleus,nucleus,/'nju:kliәs/,n.,"n. 核心, 核子, 原子核, 起点",Beyond C1,,,,
cater,cater,/'keitә/,v.,"v. 提供饮食及服务, 投合, 迎合",C1,,,,
taliban,taliban,,,塔利班,Beyond C1,,,,
chess,chess,/tʃes/,n.,n. 国际象棋,Beyond C1,,,,
blonde,blonde,/blɔnd/,n.,"a. (头发)亚麻色的, 淡色的, 白肤金发碧眼的, 白里透红的, 白皙的, 淡黄色的；n. 肤色白皙的金发女人",Beyond C1,,,,
brightly,brightly,/'braitli/,adv.,"adv. 生辉地, 明亮地, 鲜明地",Beyond C1,,,,
tornado,tornado,/tɒ:'neidәu/,n.,"n. 旋风, 龙卷风, 大雷雨",Beyond C1,,,,
filing,file,/'failiŋ/,n.,"n. 锉, 琢磨, 锉屑",B1,,,,
camel,camel,/'kæml/,n.,"n. 骆驼, 打捞浮筒",Beyond C1,,,,
heck,heck,/hek/,int.,int. 真见鬼（hell的委婉说法）,Beyond C1,,,,
declining,decline,/di'klainiŋ/,,"a. 倾斜的, 衰退中的",B2,,,,
conform,conform,/kәn'fɒ:m/,vt./vi.,"vt. 使一致, 使遵守, 使符合；vi. 一致, 符合, 适应",Beyond C1,,,,
worthwhile,worthwhile,/'wә:θ'hwail/,,"a. 值得花时间的, 值得做的, 有真实价值的",C1,,,,
cuff,cuff,/kʌf/,vt./vi./n.,"n. 袖口, 一巴掌；vt. 用巴掌打；vi. 殴斗",Beyond C1,,,,
bud,bud,/bʌd/,vt./vi./n.,"n. 芽, 花蕾；vi. 发芽, 萌芽；vt. 使发芽",Beyond C1,,,,
shipment,shipment,/'ʃipmәnt/,n.,"n. 装船, 出货",Beyond C1,,,,
admiration,admiration,/.ædmә'reiʃәn/,n.,"n. 赞赏, 钦佩, 引人赞赏的对象",Beyond C1,,,,
certified,certify,/'sә:tifaid/,,a. 证明合格的,Beyond C1,,,,
sperm,sperm,/spә:m/,n.,"n. 精液, 精虫, 鲸油, 抹香鲸",Beyond C1,,,,
sedan,sedan,/si'dæn/,n.,"n. 轿车, 轿子",Beyond C1,,,,
accompanying,accompany,,,"a. 随同的, 附见的",B2,,,,
apartheid,apartheid,/ә'pɑ:theit/,n.,n. 种族隔离,Beyond C1,,,,
overview,overview,/'әuvәvju:/,n.,"n. 概述, 概观, 总的看法",Beyond C1,,,,
withstand,withstand,/wið'stænd/,vt.,"vt. 抵住, 顶住, 经得起",Beyond C1,,,,
earring,earring,/'iәriŋ/,n.,"n. 耳环, 耳饰",Beyond C1,,,,
irrigation,irrigation,/.iri'geiʃәn/,n.,"n. 灌溉, 冲洗",Beyond C1,,,,
expel,expel,/ik'spel/,vt.,"vt. 驱逐, 逐出, 排出, 开除",Beyond C1,,,,
extinction,extinction,/ik'stiŋkʃәn/,n.,"n. 消失, 消灭, 废止",Beyond C1,,,,
apparatus,apparatus,/.æpә'reitәs/,n.,"n. 装置, 器具, 器官",C1,,,,
reluctance,reluctance,/ri'lʌktәns/,n.,"n. 不情愿, 勉强",Beyond C1,,,,
forgiveness,forgiveness,/fә'givnis/,n.,"n. 宽恕, 宽仁之心",Beyond C1,,,,
scarcely,scarcely,/'skɑ:sli/,adv.,"adv. 简直不, 一定不, 仅仅",Beyond C1,,,,
cabbage,cabbage,/'kæbidʒ/,n.,n. 卷心菜,Beyond C1,,,,
slack,slack,/slæk/,vt./vi./n./adv.,"n. 松弛, 松懈, 淡季, 闲散, 家常裤；a. 松弛的, 不流畅的, 疏忽的, 无力的, 呆滞的, 软弱的, 漏水的；adv. 马虎地, 缓慢地；vt. 放松, 使缓慢；vi. 松懈, 减弱, 松弛",Beyond C1,,,,
lumber,lumber,/'lʌmbә/,vt./vi./n.,"n. 木材, 破旧家俱, 废物, 隆隆声；vt. 砍伐木材, 乱堆；vi. 笨拙地移动, 喧闹地向前走, 隆隆地移动",Beyond C1,,,,
extensively,extensively,,adv.,"adv. 广大, 广延, 外延, 大面积(耕种), 粗放, 广博, 广泛, 广阔",B2,,,,
societal,societal,/sә'saiәtl/,,a. 社会的,Beyond C1,,,,
prevalent,prevalent,/'prevәlәnt/,,"a. 普遍的, 流行的",Beyond C1,,,,
benign,benign,/bi'nain/,,"a. 善良的, 良性的",Beyond C1,,,,
calmly,calmly,/'kɑ:mli/,adv.,"adv. 平静地, 安静地, 冷静地",Beyond C1,,,,
dedication,dedication,/.dedi'keiʃәn/,n.,"n. 奉献, 献身, 献辞",C1,,,,
eve,eve,/i:v/,n.,"n. 前夕, 前夜",Beyond C1,,,,
inequality,inequality,/.ini'kwɒliti/,n.,"n. 不平等, 不同, 不平坦, 不平均；n. 不平等, 不等式",C1,,,,
archaeological,archaeological,/.ɑ:kiә'lɒdʒikl/,,"a. 考古学的, 考古学上的",Beyond C1,,,,
kidnap,kidnap,/'kidnæp/,vt.,"vt. 绑架, 诱拐, 拐骗",C1,,,,
windshield,windshield,/'windʃi:ld/,n.,n. 挡风玻璃,Beyond C1,,,,
rugged,rugged,/'rʌgid/,,"a. 高低不平的, 崎岖的, 粗糙的",Beyond C1,,,,
preschool,preschool,/'pri:'sku:l/,n.,"a. 就学前的；n. 育幼院, 幼稚园",Beyond C1,,,,
apt,apt,/æpt/,,"a. 有...倾向的, 易于的, 恰当的, 聪明的",Beyond C1,,,,
earnest,earnest,/'ә:nist/,n.,"n. 定金, 诚挚, 认真；a. 认真的, 热心的, 重要的",A2,,,,
optimal,optimal,/'ɒptimәl/,,"a. 最佳的, 最理想的",Beyond C1,,,,
coherent,coherent,/kәu'hiәrәnt/,,"a. 互相耦合的, 清晰的, 明了的，凝聚性的, 连贯的",Beyond C1,,,,
canned,canned,/kænd/,,"a. 罐装的, 录音的, 一稿数用的, 刻板的, 被囚的",Beyond C1,,,,
simplicity,simplicity,/sim'plisiti/,n.,"n. 单纯, 简朴, 朴素, 坦率, 天真",Beyond C1,,,,
staple,staple,/'steipl/,vt./n.,"n. 主要产物, 常用品, 主要要素, 原料, 订书钉, 钩环；a. 主要的, 重要的；vt. 分级, 钉住",Beyond C1,,,,
plaque,plaque,/plɑ:k/,n.,"n. 匾, 饰板, 名牌, 勋章, 胸襟饰物, 血小板",Beyond C1,,,,
confidential,confidential,/.kɒnfi'denʃәl/,,"a. 机密的, 获他人信赖的, 易于信任他人的",Beyond C1,,,,
autobiography,autobiography,/.ɒ:tәubai'ɒgrәfi/,n.,n. 自传,Beyond C1,,,,
superstar,superstar,/'sju:pәstɑ:/,n.,n. 超级明星,Beyond C1,,,,
sleek,sleek,/sli:k/,vt./vi.,"a. 光滑的, 油嘴滑舌的, 线条明快的, 圆滑的, 时髦的；vt. 使光滑, 掩盖；vi. 打扮漂亮, 滑动",Beyond C1,,,,
compatible,compatible,/kәm'pætәbl/,,"a. 能共处的, 可并立的, 适合的",Beyond C1,,,,
intensely,intensely,/ɪn'tenslɪ/,adv.,adv. 强烈地; 极度; 剧烈地,Beyond C1,,,,
indirectly,indirectly,,adv.,"adv. 间接, 曲折, 迂回, 不直截了当, 不诚实, 不坦率",Beyond C1,,,,
deduction,deduction,/di'dʌkʃәn/,n.,"n. 减除, 扣除, 减除额, 推论",Beyond C1,,,,
whiskey,whiskey,/'hwiski/,n.,n. 威士忌酒；a. 威士忌酒的,Beyond C1,,,,
dune,dune,/dju:n/,n.,n. 沙丘,Beyond C1,,,,
grilled,grill,/grild/,,"a. 烤的, 炙过的, 有格子的",Beyond C1,,,,
rinse,rinse,/rins/,vt./vi./n.,"n. 清洗, 染发, 染发剂；vt. 以清水冲洗, 漱, 漂清；vi. 被漂净",Beyond C1,,,,
vigorously,vigorously,,adv.,"adv. 朝气蓬勃, 精力充沛, 壮健, 茁壮, 健壮, 强有力",Beyond C1,,,,
interpersonal,interpersonal,/.intә'pә:sәnәl/,,"a. 人与人之间的, 人际(关系)的",Beyond C1,,,,
staircase,staircase,/'stєәkeis/,n.,"n. 楼梯, 梯子, 楼梯部分",Beyond C1,,,,
shipping,ship,/'ʃipiŋ/,n.,"n. 装运, 航行, 船舶, 船舶吨数",C1,,,,
susceptible,susceptible,/sә'septәbl/,,"a. 易受影响的, 易感动的, 容许...的",Beyond C1,,,,
inconsistent,inconsistent,/.inkәn'sistәnt/,,"a. 不一致的, 易变的, 前后矛盾的",Beyond C1,,,,
sunglasses,sunglass,,n.,"n. 太阳镜, 墨镜, 太阳眼镜",Beyond C1,,,,
appealing,appeal,/ә'pi:liŋ/,,"a. 有感染力的, 动人的, 恳求的",C1,,,,
ambiguity,ambiguity,/.æmbi'gju:iti/,n.,"n. 不明确, 含糊",Beyond C1,,,,
relentless,relentless,/ri'lentlis/,,"a. 无情的, 冷酷的, 残酷的",Beyond C1,,,,
fixture,fixture,/'fikstʃә/,n.,"n. 固定(状态), 固定物, 设备",Beyond C1,,,,
tester,tester,/'testә/,n.,"n. 考试人, 做试验者, 试验装置, 天盖, 华盖",A1,,,,
crumble,crumble,/'krʌmbl/,v.,"v. (使)粉碎, (使)成为碎屑, 瓦解, 崩溃, 败落",Beyond C1,,,,
vampire,vampire,/'væmpaiә/,n.,n. 吸血鬼,Beyond C1,,,,
canopy,canopy,/'kænәpi/,vt./n.,"n. 天篷, 遮篷, 苍穹；vt. 用天蓬遮盖",Beyond C1,,,,
certify,certify,/'sә:tifai/,v.,"v. 证明, 保证",Beyond C1,,,,
vase,vase,/veis/,n.,"n. 花瓶, 瓶",Beyond C1,,,,
merchandise,merchandise,/'mә:tʃәndaiz/,v./n.,"n. 商品, 货物；v. 交易, 买卖",Beyond C1,,,,
periodically,periodically,"/,piәri'ɔdikəli/",adv.,"adv. 定期, 循环, 间歇, 周期, 定期刊行, 期刊",Beyond C1,,,,
negotiator,negotiator,/ni'gәuʃieitә/,n.,"n. 磋商者, 交涉者, 议定者",Beyond C1,,,,
maternal,maternal,/mә'tә:nl/,,"a. 母亲的, 母系的, 母方的",Beyond C1,,,,
gardening,gardening,/'gɑ:dniŋ/,n.,n. 园艺(学),A1,,,,
massage,massage,/'mæsɑ:ʒ/,vt./n.,"n. 按摩, 揉；vt. 按摩, 揉",Beyond C1,,,,
loneliness,loneliness,/'lәunlinis/,n.,"n. 寂寞, 孤独, 清静",Beyond C1,,,,
cynical,cynical,/'sinikәl/,,"a. 愤世嫉俗的, 讽刺的, 冷嘲的",C1,,,,
blunt,blunt,/blʌnt/,,"a. 钝的, 坦率的, 麻痹的",Beyond C1,,,,
excel,excel,/ik'sel/,vt./vi.,"vt. 胜过, 优于, 擅长；vi. 胜过其他",Beyond C1,,,,
fungus,fungus,/'fʌŋgәs/,n.,"n. 真菌, 真菌类植物",Beyond C1,,,,
accidentally,accidentally,/.æksi'dentli/,adv.,"adv. 偶然地, 意外地",B2,,,,
gdp,gdp,,,[化] 鸟苷二磷酸,Beyond C1,,,,
gratitude,gratitude,/'grætitju:d/,n.,n. 感激之情,Beyond C1,,,,
astronomical,astronomical,/.æstrә'nɒmikl/,,"a. 天文学的, 庞大的",Beyond C1,,,,
emperor,emperor,/'empәrә/,n.,"n. 皇帝, 君主",Beyond C1,,,,
authoritarian,authoritarian,/ɒ:.θɒri'tєәriәn/,,"a. 独裁的, 独裁主义的",Beyond C1,,,,
hue,hue,/hju:/,n.,"n. 样子, 色度, 色彩, 叫声, 色调",Beyond C1,,,,
triple,triple,/'tripl/,vt./vi./n.,"n. 三倍数, 三个一组；a. 三倍的；vt. 使增至三倍；vi. 增至三倍",Beyond C1,,,,
enzyme,enzyme,/'enzaim/,n.,n. 酶,Beyond C1,,,,
outraged,outrage,,,"a. 义愤填膺的；愤慨的, 气愤的",C1,,,,
disparity,disparity,/dis'pæriti/,n.,n. 不一致,Beyond C1,,,,
deepest,deep,/dipɪst/,,a. 深的（ deep的最高级 ）; 严重的; 深奥的; 有…深的,A2,,,,
intercept,intercept,/.intә'sept/,vt./n.,"n. 截取, 妨碍, 截距；vt. 拦截, 阻止, 截取",Beyond C1,,,,
postal,postal,/'pәustl/,,"a. 邮政的, 邮局的",Beyond C1,,,,
ambiguous,ambiguous,/æm'bigjuәs/,,"a. 不明确的, 模棱两可的",Beyond C1,,,,
surviving,survive,/sә'vaiviŋ/,,"[法] 继续存在的, 未死的, 依然健在的",B1,,,,
cylinder,cylinder,/'silindә/,n.,"n. 圆筒, 圆筒状物, 汽缸, 柱面",Beyond C1,,,,
cafeteria,cafeteria,/.kæfi'tiәriә/,n.,n. 自助餐厅,Beyond C1,,,,
dire,dire,/daiә/,,"a. 可怕的, 悲惨的, 阴沉的, 极端的",Beyond C1,,,,
membrane,membrane,/'membrein/,n.,"n. 薄膜, 膜, 羊皮纸",Beyond C1,,,,
preceding,precede,/.pri:'si:diŋ/,,"a. 在前的, 前面的",B2,,,,
selling,sell,/'seliŋ/,,"a. 卖的, 销路好的, 出售的",A1,,,,
allocation,allocation,/.ælәu'keiʃәn/,n.,"n. 配置, 分配, 拨给",C1,,,,
dismantle,dismantle,/dis'mæntl/,vt.,"vt. 拆除...的设备, 分解, 去除覆盖物",Beyond C1,,,,
honorable,honorable,/'ɒnәrәbl/,,"a. 值得尊敬的, 荣耀的, 高贵的",Beyond C1,,,,
communism,communism,/'kɒmjunizm/,n.,n. 共产主义,Beyond C1,,,,
pave,pave,/peiv/,vt.,"vt. 铺设, 安排, 铺满, 为...铺路",Beyond C1,,,,
heap,heap,/hi:p/,vt./n.,"n. 堆, 许多, 累积；vt. 堆积, 装满",Beyond C1,,,,
precaution,precaution,/pri'kɒ:ʃәn/,vt./n.,"n. 预防, 留心, 警戒；vt. 预先警告",Beyond C1,,,,
fry,fry,/frai/,v./n.,"n. 油炸食物, 鱼苗；v. 油炸, 煎",B1,,,,
glide,glide,/glaid/,vt./vi./n.,"n. 滑动, 滑过, 流水；vi. 滑动, 滑翔, 溜走, 流逝；vt. 使滑动",Beyond C1,,,,
infectious,infectious,/in'fekʃәs/,,"a. 有传染性的, 易传染的",Beyond C1,,,,
nervously,nervously,,adv.,adv. 焦急地；神经质地；提心吊胆地,Beyond C1,,,,
onset,onset,/'ɒnset/,n.,"n. 开始, 攻击, 进攻",Beyond C1,,,,
infrared,infrared,/.infrә'red/,n.,a. 红外线的；n. 红外线,Beyond C1,,,,
plaza,plaza,/'plɑ:zә/,n.,"n. 广场, 市场, 购物区",Beyond C1,,,,
activism,activism,/'æktivizm/,n.,"n. 激进主义, 行动主义, 能动论",Beyond C1,,,,
unstable,unstable,/.ʌn'steibl/,,a. 不稳定的,Beyond C1,,,,
heated,heat,/'hi:tid/,,"a. 热的, 激昂的, 兴奋的",A2,,,,
invariably,invariably,/in'vєәriәbli/,adv.,"adv. 不变化地, 恒定地, 始终如一地",Beyond C1,,,,
pottery,pottery,/'pɒtәri/,n.,"n. 陶器, 陶器厂",Beyond C1,,,,
qualitative,qualitative,/'kwɒlitәtiv/,,"a. 性质的, 质的, 定性的",Beyond C1,,,,
saucepan,saucepan,/'sɒ:spәn/,n.,"n. (长柄有盖)深平底锅, 炖锅",Beyond C1,,,,
awe,awe,/ɒ:/,vt./n.,n. 敬畏；vt. 使敬畏,Beyond C1,,,,
internationally,internationally,/.intә'næʃәnәli/,adv.,"adv. 国际性地, 在国际间",Beyond C1,,,,
informant,informant,/in'fɒ:mәnt/,n.,"n. 提供消息者, 密告者, 被调查者",Beyond C1,,,,
myriad,myriad,/'miriәd/,n.,"n. 无数, 无数的人(或物)；a. 无数的, 种种的",Beyond C1,,,,
reluctantly,reluctantly,/rɪ'lʌktəntlɪ/,adv.,"adv. 不情愿地, 勉强地",Beyond C1,,,,
scout,scout,/skaut/,vt./vi./n.,"n. 守候, 侦察, 搜索, 侦察员, 侦察机；vi. 守候, 侦察, 巡视, 嘲笑；vt. 侦察, 跟踪, 发现, 监视, 嘲弄",Beyond C1,,,,
metro,metro,/'metrәu/,n.,n. 地铁,Beyond C1,,,,
insufficient,insufficient,/.insә'fiʃәnt/,,"a. 不够的, 不能胜任的, 不充足的",C1,,,,
folder,folder,/'fәuldә/,n.,"n. 文件夹, 折纸机, 折叠式书本, 卷宗",B1,,,,
exposed,expose,/ik'spәuzd/,,"a. 暴露的, 无掩蔽的, 易受攻击的",B2,,,,
exemption,exemption,/ig'zempʃәn/,n.,"n. 解除, 免除, 免税",Beyond C1,,,,
saut,saut,/sәj/,n.,<法>n.(芭蕾舞用语)跳[字面意义：leap],Beyond C1,,,,
crap,crap,/kræp/,vi./n.,"n. 废物, 废话；vi. 掷骰子",Beyond C1,,,,
stew,stew,/stju:/,vt./vi./n.,"n. 炖, 烦恼, 热浴, 妓院, 鱼塘；vi. 炖, 焖, 忧虑；vt. 炖, 焖, 使焦虑",Beyond C1,,,,
governing,govern,/'^ʌvәniŋ/,,"[计] 调节, 控制",B2,,,,
antenna,antenna,/æn'tenә/,n.,"n. 天线, 触须, 触角",Beyond C1,,,,
printed,print,/'printid/,,"a. 印刷的, 印好的, 印花样的",A2,,,,
subcommittee,subcommittee,/'sʌbkә.miti/,n.,n. 小组委员会,Beyond C1,,,,
trousers,trousers,/'trauzәz/,,"pl. 裤子, 长裤",Beyond C1,,,,
plausible,plausible,/'plɒ:zibl/,,"a. 貌似真实的, 貌似合理的, 说得煞有其事的",Beyond C1,,,,
sneakers,sneaker,,n.,n. 胶底运动鞋（sneaker的复数形式）,A2,,,,
someplace,someplace,/'sʌmpleis/,n./adv.,adv. 在某处；n. 某处,Beyond C1,,,,
energetic,energetic,/.enә'dʒetik/,,"a. 精力充沛的, 积极的",Beyond C1,,,,
secrecy,secrecy,/'si:krisi/,n.,"n. 秘密, 保密",Beyond C1,,,,
abusive,abusive,/ә'bju:siv/,,"a. 恶言谩骂的, 被滥用的, 腐败的, 虐待的",Beyond C1,,,,
airborne,airborne,/'єәbɒ:n/,,"a. 升空的, 空运的, 空中传播的, 空降的",Beyond C1,,,,
harass,harass,/'hærәs/,vt.,"vt. 使困扰, 使烦恼, 折磨",Beyond C1,,,,
ethic,ethic,/'eθik/,n.,"n. 道德规范, 伦理",B2,,,,
embarrass,embarrass,/im'bærәs/,vt.,"vt. 使困窘, 使局促不安, 阻碍",Beyond C1,,,,
substantive,substantive,/'sʌbstәntiv/,n.,"a. 表示实在的, 有实质的, 独立存在的, 大量的, 重大的, 坚实的, 名词的；n. 名词性实词, 名词",Beyond C1,,,,
endanger,endanger,/in'deindʒә/,vt.,vt. 危及,Beyond C1,,,,
grader,grader,/'^reidә/,n.,"n. 把东西分类别的人/机器, 平路机, 推土机",Beyond C1,,,,
billboard,billboard,/'bilbɒ:d/,vt./n.,"n. 广告牌, 布告板；vt. 宣传",Beyond C1,,,,
confer,confer,/kәn'fә:/,vt./vi.,"vt. 授予, 带来；vi. 协商",C1,,,,
daytime,daytime,/'deitaim/,n.,"n. 白天, 日间",Beyond C1,,,,
paralyze,paralyze,/'pærәlaiz/,vt.,"vt. 使瘫痪, 使麻痹",Beyond C1,,,,
designated,designate,/'deziɡ.neitid/,,a. 特指的；指定的,C1,,,,
thermal,thermal,/'θә:ml/,n.,"a. 热的, 热量的, 温泉的；n. 上升温暖气流",Beyond C1,,,,
precinct,precinct,/'pri:siŋkt/,n.,"n. 区域, 管理区, 管辖区域",Beyond C1,,,,
arouse,arouse,/ә'rauz/,vt./vi.,"vt. 唤醒, 鼓励, 引起；vi. 醒来",Beyond C1,,,,
shrub,shrub,/ʃrʌb/,n.,"n. 矮树, 灌木, 果汁甜酒",Beyond C1,,,,
underway,underway,/'ʌndә'wei/,,a. 航行中的；进行中的；起步的,Beyond C1,,,,
grove,grove,/grәuv/,n.,n. 小树林,Beyond C1,,,,
napkin,napkin,/'næpkin/,n.,"n. 餐巾, 餐巾纸, 尿布",Beyond C1,,,,
pressing,press,/'presiŋ/,n.,"a. 紧迫的, 迫切的, 热切的；n. 压, 压榨, 冲压件, 唱片",B1,,,,
consolidate,consolidate,/kәn'sɒlideit/,vt./vi.,"vt. 巩固, 使联合, 统一；vi. 巩固",C1,,,,
stressful,stressful,,,"a. 着重, 强调, 重读, 使受应力",Beyond C1,,,,
tribunal,tribunal,/trai'bju:nl/,n.,"n. 法庭, 法官席, 裁决",Beyond C1,,,,
unload,unload,/.ʌn'lәud/,vt./vi.,"vi. 卸货；vt. 从...卸下, 摆脱...之负担, 倾销, 卸(货)",Beyond C1,,,,
dental,dental,/'dentl/,,a. 牙齿的,Beyond C1,,,,
cockpit,cockpit,/'kɒkpit/,n.,"n. 驾驶员座舱, 战场",Beyond C1,,,,
nationalist,nationalist,/'næʃәnәlist/,n.,"n. 国家主义者, 民族主义者",Beyond C1,,,,
pornography,pornography,/pɔ:'nɔ^rәfi/,n.,"n. 色情描写, 黄色书刊, 色情画, 色情照片, 色情文学",Beyond C1,,,,
urine,urine,/'juәrin/,n.,"n. 小便, 尿",Beyond C1,,,,
obesity,obesity,/әu'bi:siti/,n.,n. 肥胖,B2,,,,
affluent,affluent,/'æfluәnt/,n.,"a. 丰富的, 富裕的；n. 支流, 富人",Beyond C1,,,,
cozy,cozy,/'kәuzi/,vt./n.,"a. 舒适的, 安逸的, 惬意的；n. (茶壶等的)保暖罩, 舒适的座位；vt. 以假话使安心",Beyond C1,,,,
takeover,takeover,,n.,"n. 接管, 接收",Beyond C1,,,,
exacerbate,exacerbate,/ek'sæsәbeit/,vt.,"vt. 使恶化, 使增剧, 激怒, 使加剧",Beyond C1,,,,
milky,milky,/'milki/,,"a. 乳状的, 乳白色的, 柔和的",Beyond C1,,,,
innings,innings,,n.,"n. 局, 回合, 盘, 一局, 当权期间",Beyond C1,,,,
realism,realism,/'riәlizm/,n.,"n. 写实主义, 现实, 实在论",Beyond C1,,,,
tangible,tangible,/'tændʒәbl/,n.,"n. 可触知的东西, 有形资产；a. 可触摸的, 有实体的, 非相像的, 有形的, 明确的",Beyond C1,,,,
feat,feat,/fi:t/,n.,"n. 壮举, 功绩, 技艺表演；a. 灵巧的, 合适的, 整洁的",C1,,,,
groan,groan,/grәun/,vt./vi./n.,"n. 呻吟, 叹息；vi. 呻吟, 抱怨, 受压迫；vt. 呻吟地说",Beyond C1,,,,
militant,militant,/'militәnt/,,a. 好战的,C1,,,,
dwell,dwell,/dwel/,vi.,"vi. 居住, 居住(于), 存在(于)",Beyond C1,,,,
torch,torch,/tɒ:tʃ/,n.,"n. 火把, 启发之物",Beyond C1,,,,
lurk,lurk,/lә:k/,vi./n.,"n. 潜伏, 潜行；vi. 暗藏, 潜伏, 埋伏",Beyond C1,,,,
hay,hay,/hei/,vt./vi./n.,"n. 干草；vt. 制干草, 供给干草；vi. 晒干草",Beyond C1,,,,
spinach,spinach,/'spinitʃ/,n.,"n. 菠菜, 货币, 胡说八道",Beyond C1,,,,
mistress,mistress,/'mistris/,n.,"n. 主妇, 女主人, 情妇",Beyond C1,,,,
swiftly,swiftly,/'swiftli/,adv.,"adv. 很快地, 即刻",Beyond C1,,,,
terminate,terminate,/'tә:mineit/,vt./vi.,"a. 有结尾的, (可)结束的；vi. 结束, 终止, 满期；vt. 使停止, 使结束, 使终止",C1,,,,
huddle,huddle,/'hʌdl/,vt./vi./n.,"n. 杂乱一团, 混乱, 拥挤；vt. 把...挤在一起, 乱堆, 草率了事, 蜷曲；vi. 挤作一团, 蜷缩",Beyond C1,,,,
tactical,tactical,/'tæktikl/,,"a. 战术的, 用兵上的, 策略的",C1,,,,
attic,attic,/'ætik/,n.,"n. 阁楼, 顶楼",Beyond C1,,,,
constellation,constellation,/.kɒnstә'leiʃәn/,n.,"n. 星座, 荟萃",Beyond C1,,,,
beetle,beetle,/'bi:tl/,vt./vi./n.,"n. 甲虫, 大槌；vi. 快速移动；vt. 捶",Beyond C1,,,,
populate,populate,/'pɔpjuleit/,vt.,"vt. 使人口聚居在...中, 殖民于, 移民于, 居住于, 定居于",Beyond C1,,,,
maneuver,maneuver,/mә'nu:vә/,v./n.,"n. 演习, 调遣, 策略；v. 调遣, 演习, 用计",Beyond C1,,,,
probation,probation,/prәu'beiʃәn/,n.,"n. 鉴定, 查验, 证明, 试用, 察看, 缓刑",Beyond C1,,,,
wreck,wreck,/rek/,vt./vi./n.,"n. 失事, 残骸, 破坏；vt. 使失事, 拆毁, 破坏；vi. (船)失事, 营救失事船只",Beyond C1,,,,
smack,smack,/smæk/,vt./vi./n./adv.,"n. 风味, 滋味, 少量, 拍击声, 咂嘴声, 小渔船, 海洛因；vi. 有味道, 咂嘴, 发出拍击声；vt. 拍, 打, 掴, 咂, 出声地吻；adv. 啪地一声, 猛然",Beyond C1,,,,
turk,turk,/tә:k/,n.,"n. 土耳其人, 土耳其马",Beyond C1,,,,
civilized,civilized,/'sivilaizd/,,"a. 文明的, 有礼的",Beyond C1,,,,
subscriber,subscriber,/sʌbs'kraibә/,n.,"n. 签署者, 捐献者, 订户",C1,,,,
pirate,pirate,/'paiәrәt/,vt./vi./n.,"n. 海盗, 盗印者, 侵犯专利权者；vt. 盗印, 掠夺, 翻印；vi. 做海盗, 从事劫掠",C1,,,,
sewage,sewage,/'sju:idʒ/,n.,"n. 脏水, 污水",Beyond C1,,,,
renowned,renowned,/ri'naund/,,"a. 有名的, 有声誉的",C1,,,,
gee,gee,/'dʒi:/,v./n.,"n. 马, 家伙；interj. 向右, 前进, 哎呀(惊讶时所发声音)；v. (使)向右转",Beyond C1,,,,
baptist,baptist,/'bæptist/,n.,"n. 施洗礼者, 浸礼会教友",Beyond C1,,,,
dusk,dusk,/dʌsk/,v./n.,"n. 薄暮, 傍晚, 黄昏；a. 微暗的；v. (使)微暗",Beyond C1,,,,
sweetheart,sweetheart,/'swi:thɑ:t/,vt./vi./n.,"n. 心上人, 爱人；vi. 爱慕；vt. 向...求爱",Beyond C1,,,,
platter,platter,/'plætә/,n.,"n. 大浅盘, 主菜盘",Beyond C1,,,,
masculine,masculine,/'mæskjulin/,n.,"n. 阳性, 男性；a. 男性的, 阳性的, 有丈夫气的",Beyond C1,,,,
lingering,linger,/'liŋɡәriŋ/,,a. 拖延的,C1,,,,
printing,print,/'printiŋ/,n.,"n. 印刷, 印刷术, 印花",B1,,,,
crumb,crumb,/krʌm/,vt./n.,"n. 碎屑, 面包屑, 少许；vt. 捏碎, 弄碎",Beyond C1,,,,
disposition,disposition,/.dispә'ziʃәn/,n.,"n. 性情, 处置, 处理, 布置",Beyond C1,,,,
allergy,allergy,/'ælәdʒi/,n.,"n. 变应性, 反感, 厌恶",Beyond C1,,,,
provocative,provocative,/prә'vɒkәtiv/,n.,"a. 激发感情的, 挑拨的, 刺激的；n. 刺激物, 挑拨物, 兴奋剂",Beyond C1,,,,
stolen,steal,/'stәulәn/,,steal的过去分词,A2,,,,
batter,batter,/'bætә/,v./n.,v. 连续猛打（尤其指妇女），猛击；n. 面糊（食物），击球员，打击手,Beyond C1,,,,
dart,dart,/dɑ:t/,vt./vi./n.,"n. 飞镖, 投射；vt. 投射；vi. 疾走, 突进",Beyond C1,,,,
reversal,reversal,/ri'vә:sl/,n.,"n. 翻转, 颠倒, 反转",Beyond C1,,,,
wax,wax,/wæks/,vt./vi./n.,"n. 蜡, 蜡状物, 一阵发怒, 增加, (月亮)渐盈；vi. 变大, 增大, 月亮渐满；vt. 上蜡于",Beyond C1,,,,
disappointing,disappointing,/.disә'pɒintiŋ/,,"a. 使失望的, 期待落空的, 令人沮丧的",B1,,,,
sob,sob,/sɒb/,vt./vi./n.,"vi. 啜泣, 呜咽；vt. 哭诉, 哭得使；n. 啜泣, 呜咽",Beyond C1,,,,
allegiance,allegiance,/ә'li:dʒәns/,n.,"n. 忠贞, 效忠",Beyond C1,,,,
felony,felony,/'felәni/,n.,n. 重罪,C1,,,,
retiree,retiree,/ri.taiә'ri:/,n.,"n. 退休人员, 退休者",Beyond C1,,,,
graceful,graceful,/'greisful/,,a. 优美的,Beyond C1,,,,
socialism,socialism,/'sәuʃәlizm/,n.,"n. 社会主义, 社会主义运动",Beyond C1,,,,
freezer,freezer,/fri:zә/,n.,"n. 冰库, 冰箱, 冷冻库",Beyond C1,,,,
wholesale,wholesale,/'hәulseil/,vt./vi./n./adv.,"n. 批发；a. 批发的, 大规模的；adv. 大规模, 照批发方式；vi. 经营批发业, 批发；vt. 批发",Beyond C1,,,,
disastrous,disastrous,/di'zɑ:strәs/,,"a. 损失惨重的, 悲伤的",C1,,,,
fusion,fusion,/'fju:ʒәn/,n.,"n. 熔合物, 结合, 熔合",Beyond C1,,,,
adversary,adversary,/'ædvәsәri/,n.,"n. 敌手, 对手；a. 敌手的, 敌对的",Beyond C1,,,,
voucher,voucher,/'vautʃә/,vt./n.,"n. 证人, 保证人, 证明者, 凭证, 凭单；vt. 证实...的可靠性",Beyond C1,,,,
subsidize,subsidize,/'sʌbsidaiz/,vt.,"vt. 补助, 资助, 贿赂",Beyond C1,,,,
fingertip,fingertip,/'fiŋgәtip/,n.,"n. 指尖, 指套",Beyond C1,,,,
shovel,shovel,/'ʃʌvl/,v./n.,"n. 铲, 铁铲；v. 铲",Beyond C1,,,,
puppet,puppet,/'pʌpit/,n.,"n. 傀儡, 木偶",Beyond C1,,,,
chapel,chapel,/'tʃæpәl/,n.,"n. 小教堂, 礼拜式",Beyond C1,,,,
throne,throne,/'θrәun/,n.,"n. 王座, 君主",Beyond C1,,,,
filling,fill,/'filiŋ/,n.,"n. 充填物, 填料",A1,,,,
intricate,intricate,/'intrikit/,,"a. 复杂的, 错综的, 缠结的, 难懂的",Beyond C1,,,,
gunman,gunman,/'gʌnmәn/,n.,"n. 枪手, 持枪的歹徒, 制造枪械者",Beyond C1,,,,
pastoral,pastoral,/'pæstәrәl/,n.,"n. 牧歌, 田园诗；a. 牧人的, 田园生活的, 牧师的, 田园式的",Beyond C1,,,,
scheduled,schedule,/'skedʒuәld/,,a. 预定的,A2,,,,
orchard,orchard,/'ɒ:tʃәd/,n.,"n. 果园, 果树林",Beyond C1,,,,
floating,float,/'flәutiŋ/,,"a. 漂浮的, 浮动的, 移动的",B2,,,,
explosives,explosive,,n.,"n. 爆炸物, 炸药；爆炸品（explosive的复数）",C1,,,,
fingerprint,fingerprint,/'fiŋgәprint/,vt./n.,n. 指纹；vt. 采指纹,Beyond C1,,,,
auditor,auditor,/'ɒ:ditә/,n.,"n. 审计员, 听者, 旁听生",Beyond C1,,,,
renovation,renovation,/.renәu'veiʃәn/,n.,"n. 革新, 刷新, 修理",Beyond C1,,,,
mural,mural,/'mjuәrәl/,n.,"a. 壁的, 壁上的, 壁似的；n. 壁画",Beyond C1,,,,
burger,burger,/'bә:ɡә/,n.,n. 汉堡包（等于hamburger）,Beyond C1,,,,
glue,glue,/glu:/,vt./n.,"n. 胶, 粘性物；vt. 粘合, 胶合",Beyond C1,,,,
chick,chick,/tʃik/,n.,"n. 小鸡, 小鸟, 竹帘",Beyond C1,,,,
chord,chord,/kɒ:d/,n.,"n. 弦, 和音",Beyond C1,,,,
sideline,sideline,/'saidlain/,vt./n.,"n. 副业, 旁线, 界线, 兼职, 旁观者看法；vt. 使退出比赛场地",Beyond C1,,,,
visibility,visibility,/.vizi'biliti/,n.,"n. 可见性, 能见度, 能见距离",Beyond C1,,,,
diaper,diaper,/'daiәpә/,n.,n. 尿布,Beyond C1,,,,
restructuring,restructuring,,,[计] 重构的,Beyond C1,,,,
unified,unified,/'ju:nifaid/,,a. 统一的；一致标准的,C1,,,,
theatrical,theatrical,/θi'ætrikl/,n.,"a. 剧场的, 夸张的, 戏剧性的；n. 戏剧演出",C1,,,,
turbine,turbine,/'tә:bain/,n.,n. 涡轮机,Beyond C1,,,,
frenzy,frenzy,/'frenzi/,n.,"n. 疯狂, 狂暴, 狂怒",Beyond C1,,,,
incorrect,incorrect,/.inkә'rekt/,,a. 不正确的,B2,,,,
shining,shine,/'ʃainiŋ/,,"a. 光亮的, 华丽的",B1,,,,
mankind,mankind,/mæn'kaind/,n.,"n. 人类, 男性",Beyond C1,,,,
serbian,serbian,/'sә:bjәn/,,a. 塞尔维亚人（语）的；塞尔维亚的,Beyond C1,,,,
betrayal,betrayal,/bi'treiәl/,n.,"n. 背叛, 辜负",Beyond C1,,,,
baggage,baggage,/'bægidʒ/,n.,n. 行李,Beyond C1,,,,
condo,condo,/kәn'dәu/,n.,"n. 共同统治, 共管下的政府, 共管, 多层公寓大楼, 由个人占用的一套公寓房间",Beyond C1,,,,
veto,veto,/'vi:tәu/,vt./n.,"n. 否决权；vt. 否决, 禁止",Beyond C1,,,,
shack,shack,/ʃæk/,vi./n.,"n. 陋屋, 棚屋；vi. 居住, 暂住",Beyond C1,,,,
showcase,showcase,/'ʃәukeis/,n.,n. 陈列橱,Beyond C1,,,,
eventual,eventual,/i'ventʃuәl/,,"a. 最后的, 终于的",Beyond C1,,,,
focal,focal,/'fәukl/,,"a. 焦点的, 在焦点上的",Beyond C1,,,,
insurgent,insurgent,/in'sә:dʒәnt/,n.,"a. 谋叛的, 起义的, 澎湃的；n. 起义者, 叛乱者",Beyond C1,,,,
bleak,bleak,/bli:k/,,"a. 萧瑟的, 荒凉的, 阴冷的",Beyond C1,,,,
setback,setback,/'setbæk/,n.,"n. 挫折, 退步, 逆流",Beyond C1,,,,
veil,veil,/veil/,vt./vi./n.,"n. 面纱, 面罩, 借口, 幕, 帐, 遮蔽物；vt. 戴面纱, 隐藏, 遮蔽, 掩饰；vi. 蒙上面纱",Beyond C1,,,,
traumatic,traumatic,/trɒ:'mætik/,,"a. 外伤的, 创伤的",Beyond C1,,,,
renewable,renewable,/ri'nju(:)әbl/,,"a. 可更新的, 可恢复的, 可继续的, 可换新的, 可重复的, 可重说的",Beyond C1,,,,
restless,restless,/'restlis/,,"a. 不安静的, 慌张的, 休息不充分的",Beyond C1,,,,
insistence,insistence,/in'sistәns/,n.,"n. 坚持, 坚决主张",Beyond C1,,,,
severity,severity,/si'veriti/,n.,"n. 严格, 朴素, 激烈",Beyond C1,,,,
pounding,pound,/'pәundiŋ/,n.,n. 重击；重击声,A1,,,,
cheerful,cheerful,/'tʃiәful/,,"a. 快活的, 高兴的, 兴高采烈的",B1,,,,
crusade,crusade,/kru:'seid/,vi./n.,"n. 改革运动, 十字军东侵；vi. 从事改革运动, 加入十字军",Beyond C1,,,,
pakistani,pakistani,/.pɑ:ki'stɑ:ni/,n.,a. 巴基斯坦的；n. 巴基斯坦人,Beyond C1,,,,
deposition,deposition,/.depә'ziʃәn/,n.,"n. 免职, 作证, 沉淀",Beyond C1,,,,
lily,lily,/'lili/,n.,"n. 百合, 百合花；a. 洁白的, 纯白色的, 纯洁的",Beyond C1,,,,
sunrise,sunrise,/'sʌnraiz/,n.,"n. 日出, 黎明, 拂晓",Beyond C1,,,,
extraordinarily,extraordinarily,/ik'strɔ:dθnәrili/,adv.,"adv. 非凡, 破例, 特别, 非常, 离奇, 使人惊奇, 惊人, 特命, 特派",Beyond C1,,,,
published,publish,,,a. 已发布的,A2,,,,
competency,competency,/'kɔmpit(ә)nsi/,n.,"n. 足以使人过舒适生活的富裕收入, 充裕的生活条件",Beyond C1,,,,
torso,torso,/'tɔ:sәu/,n.,"n. 躯干, 裸体躯干雕像",Beyond C1,,,,
entitlement,entitlement,,n.,n. 权利,Beyond C1,,,,
puzzled,puzzle,,,"a. 困惑的, 迷惑的",B2,,,,
stump,stump,/stʌmp/,vt./vi./n.,"n. 残株, 树桩, 烟蒂, 讲演台；vt. 砍断, 挑战, 难住；vi. 蹒跚而走",Beyond C1,,,,
openness,openness,/'әupәnnis/,n.,n. 公开；宽阔；率真,Beyond C1,,,,
formulation,formulation,/.fɒ:mju'leiʃәn/,n.,"n. 系统陈述, 公式化, 配制",Beyond C1,,,,
diagram,diagram,/'daiәɡræm/,n.,n. 图表；图解,B1,,,,
um,um,/әm/,int.,int. 嗯（表示迟疑）,Beyond C1,,,,
fuzzy,fuzzy,/'fʌzi/,,"a. 有微毛的, 模糊的",Beyond C1,,,,
reconstruct,reconstruct,/.ri:kәns'trʌkt/,vt.,"vt. 重建, 改造",Beyond C1,,,,
ginger,ginger,/'dʒindʒә/,vt./n.,"n. 姜, 精力, 姜黄色；a. 姜黄色的；vt. 用姜调味, 使活泼, 使有生气",Beyond C1,,,,
comb,comb,/kәum/,vt./vi./n.,"n. 头梳, 鸡冠；vt. 梳头发, 梳毛；vi. (浪)涌起",Beyond C1,,,,
elimination,elimination,/i.limi'neiʃәn/,n.,"n. 除去, 消除, 消灭",Beyond C1,,,,
pancake,pancake,/'pænkeik/,n.,"n. 薄烤饼, 薄煎饼, 烙饼",Beyond C1,,,,
hurl,hurl,/hә:l/,vt./vi./n.,"n. 用力的投掷；vt. 用力投掷, 发射, 愤慨地说出, 丢下；vi. 猛投, 猛掷",Beyond C1,,,,
luggage,luggage,/'lʌgidʒ/,n.,"n. 行李, 皮箱",Beyond C1,,,,
whoa,whoa,/wәu/,int.,"int. 惊叹声, 停止",Beyond C1,,,,
furnish,furnish,/'fә:niʃ/,vt.,"vt. 供给, 提供, 装设",Beyond C1,,,,
friction,friction,/'frikʃәn/,n.,"n. 摩擦, 摩擦治疗, 不和",Beyond C1,,,,
segregation,segregation,/.segri'geiʃәn/,n.,"n. 隔离, 偏析, 被隔离的部分, 种族隔离",Beyond C1,,,,
analytical,analytical,/.ænә'litikl/,,"a. 分析的, 善于分析的, 解析的",Beyond C1,,,,
aerial,aerial,/'єәriәl/,n.,"a. 空中的, 航空的, 空气的, 空想的；n. 天线",Beyond C1,,,,
kin,kin,/kin/,n.,"n. 亲戚, 同族, 血缘关系, 家族；a. 有亲属关系的, 性质类似的, 同类的",Beyond C1,,,,
voluntarily,voluntarily,/.vɒlәn'terili/,adv.,"adv. 自愿地, 以自由意志",Beyond C1,,,,
knowledgeable,knowledgeable,/'nɒlidʒәbl/,,"a. 聪明的, 有知识的",Beyond C1,,,,
prosperous,prosperous,/'prɒspәrәs/,,"a. 成功的, 繁盛的, 幸运的",Beyond C1,,,,
forensic,forensic,/fә'rensik/,n.,"a. 辩论的, 法院的, 关于法庭的；n. 辩论练习",Beyond C1,,,,
foliage,foliage,/'fәuliidʒ/,n.,"n. 树叶, 植物",Beyond C1,,,,
mid,mid,/mid/,prep.,"a. 中间的, 中央的, 中部的；prep. 在...之中",Beyond C1,,,,
unleash,unleash,/.ʌn'li:ʃ/,vt.,"vt. 解开...的皮带, 发出, 发动",Beyond C1,,,,
controlled,control,/kәn'trәuld/,,"a. 受约束的, 克制的",A2,,,,
pollutant,pollutant,/pә'lu:tәnt/,n.,n. 污染物质,Beyond C1,,,,
giggle,giggle,/'gigl/,v./n.,"v. 吃吃地笑, 咯咯地笑；n. 咯咯笑, 傻笑",Beyond C1,,,,
respectable,respectable,/ri'spektәbl/,n.,"a. 值得尊重的, 人格高尚的, 相当数量的；n. 品格高尚的人",Beyond C1,,,,
tariff,tariff,/'tærif/,vt./n.,"n. 关税, 关税表, 价格表, 收费表；vt. 课以关税",Beyond C1,,,,
examiner,examiner,/ig'zæminә/,n.,"n. 检查人, 审查人, 主考者",Beyond C1,,,,
domination,domination,/.dɒmi'neiʃәn/,n.,"n. 支配, 控制, 管辖",Beyond C1,,,,
ignorant,ignorant,/'ignәrәnt/,,"a. 无知识的, 不知道的, 由无知产生的",Beyond C1,,,,
tick,tick,/tik/,vt./vi./n.,"n. 滴答声, 一瞬间, 壁虱, 褥套, 信用, 赊欠；vi. 滴答响, 活动；vt. 滴答地记录, 标记号于",Beyond C1,,,,
cohort,cohort,/'kәuhɒ:t/,n.,n. 一群；步兵大队；支持者；共同特点的一群人,Beyond C1,,,,
dine,dine,/dain/,vt./vi.,"vi. 用正餐, 进餐；vt. 宴请",Beyond C1,,,,
climbing,climb,/'klaimiŋ/,n.,"a. 攀缘而登的, 上升的；n. 攀登",A1,,,,
multimedia,multimedia,/.mʌlti'mi:diә/,n.,n. 多媒体,Beyond C1,,,,
dispatch,dispatch,/dis'pætʃ/,vt./n.,"vt. 派遣；n. 派遣, 急件",Beyond C1,,,,
disguise,disguise,/dis'gaiz/,vt./n.,"n. 假面目, 假装；vt. 假装, 隐瞒",Beyond C1,,,,
hatch,hatch,/hætʃ/,vt./vi./n.,"n. 孵化, 舱口；vt. 孵, 孵出, 策划；vi. 孵化",Beyond C1,,,,
raised,raise,/reizd/,,"a. 凸起的, 浮雕的, 发酵的",A2,,,,
prostate,prostate,/'prɒsteit/,n.,a. 前列腺的；n. 前列腺,Beyond C1,,,,
prolonged,prolonged,/prә'lɔŋd/,,"a. 延续的, 长时间的",Beyond C1,,,,
mediate,mediate,/'mi:dieit/,vt./vi.,"a. 居间的, 间接的；vt. 斡旋, 调停；vi. 处于中间, 调解",Beyond C1,,,,
amend,amend,/ә'mend/,vt./vi.,"vt. 修改, 改善, 改良；vi. 改过自新",C1,,,,
lipstick,lipstick,/'lipstik/,n.,"n. 口红, 唇膏",Beyond C1,,,,
seizure,seizure,/'si:ʒә/,n.,"n. 捕获, 夺取, 占领, 捕获物, 没收, 充公",Beyond C1,,,,
signing,sign,,,"[法] 签署, 签字",A2,,,,
imitation,imitation,/.imi'teiʃәn/,n.,"n. 模仿, 效法, 冒充, 赝品",Beyond C1,,,,
raft,raft,/ræft/,vt./vi./n.,"n. 筏, 救生筏, 大量；vi. 乘筏；vt. 筏运, 制成筏",Beyond C1,,,,
arthritis,arthritis,/ɑ:'θraitis/,n.,n. 关节炎,Beyond C1,,,,
shifting,shift,/'ʃiftiŋ/,,"[计] 移位, 移位操作",B1,,,,
genome,genome,/'dʒi:nәum/,,[化] 基因组；[医] 染色体组,Beyond C1,,,,
cram,cram,/kræm/,vt./vi./n.,"vt. 塞满, 填满, 猛吃；vi. 贪吃；n. 极度拥挤, 死记硬背",Beyond C1,,,,
nutritional,nutritional,/nju: 'triʃәnәl/,,"a. 营养的, 滋养的",Beyond C1,,,,
cathedral,cathedral,/kә'θi:drәl/,n.,n. 大教堂,Beyond C1,,,,
spike,spike,/spaik/,vt./n.,"n. 长钉, 鞋钉, 钉状物, 尖峰状物, 穗；vt. 以大钉钉牢, 用尖物刺穿, 阻止, 弃置不用",Beyond C1,,,,
sideways,sideways,/'saidweiz/,adv.,"adv. 向旁边, 向侧面地；a. 旁边的, 向侧面的",Beyond C1,,,,
palette,palette,/'pælit/,n.,"n. 调色板, 颜料",Beyond C1,,,,
selfish,selfish,/'selfiʃ/,,"a. 自私的, 利己主义的, 自我中心的",Beyond C1,,,,
lament,lament,/lә'ment/,vt./vi./n.,"n. 悲叹, 悔恨, 恸哭, 挽歌, 悼词；vt. 哀悼；vi. 悔恨, 悲叹",Beyond C1,,,,
keeper,keeper,/'ki:pә/,n.,"n. 监护人, 管理人, 看守人",A1,,,,
negatively,negatively,/'ne^әtivli/,adv.,"adv. 否定地, 消极地",Beyond C1,,,,
worrying,worry,/'wʌriiŋ/,,"a. 使人烦恼的, 忧虑重重的",A2,,,,
basil,basil,/'bæzil/,n.,n. 罗勒属植物,Beyond C1,,,,
hmm,hmm,,,abbr. 隐马尔可夫模型（Hidden Markov Model）；Hardware Maintenance Manual；Hyundai Merchant Marine,Beyond C1,,,,
ignite,ignite,/ig'nait/,vt.,"vt. 点燃, 使灼热, 使兴奋",Beyond C1,,,,
revolve,revolve,/ri'vɒlv/,v.,"v. (使)旋转, 反复考虑, 循环出现",Beyond C1,,,,
alternate,alternate,/'ɒ:ltәnәt/,v.,"a. 交替的, 轮流的, 间隔的；v. 轮流, (使)交替",Beyond C1,,,,
spa,spa,/spɑ:/,n.,"n. 矿泉, 温泉浴场, 矿泉治疗地",Beyond C1,,,,
bully,bully,/'buli/,vt./vi./n./adv.,"n. 欺凌弱小者, 土霸；vt. 威胁, 恐吓, 欺负；vi. 欺负；a. 特好的, 第一流的；adv. 十分",Beyond C1,,,,
arsenal,arsenal,/'ɑ:snәl/,n.,"n. 兵工厂, 军械库",Beyond C1,,,,
bracelet,bracelet,/'breislit/,n.,n. 手镯,Beyond C1,,,,
contaminate,contaminate,/kәn'tæmineit/,vt.,"vt. 弄污, 弄脏, 污染, 毒害",Beyond C1,,,,
inhibit,inhibit,/in'hibit/,vt./vi.,"vt. 禁止, 抑制；vi. 起抑制作用",C1,,,,
startling,startle,/'stɑ:tliŋ/,,a. 令人吃惊的,Beyond C1,,,,
czech,czech,/tʃek/,n.,"n. 捷克人, 捷克语；a. 捷克的, 捷克语的, 捷克人的",Beyond C1,,,,
disbelief,disbelief,/.disbi'li:f/,n.,"n. 不信, 怀疑",Beyond C1,,,,
alumnus,alumnus,/ә'lʌmnәs/,n.,"n. 男毕业生, 男校友",Beyond C1,,,,
plight,plight,/plait/,vt./n.,"n. 困境, 窘境；vt. 宣誓, 保证",Beyond C1,,,,
chaotic,chaotic,/kei'ɒtik/,,"a. 混乱的, 无秩序的",Beyond C1,,,,
enormously,enormously,/i'nɒ:mәsli/,adv.,"adv. 非常地, 巨大地",Beyond C1,,,,
hollow,hollow,/'hɒlәu/,vt./vi./n.,"n. 洞, 窟窿, 山谷；a. 空的, 虚伪的, 空腹的, 凹的；vi. 形成空洞；vt. 挖空",B2,,,,
default,default,/di'fɒ:lt/,v./n.,"n. 违约, 不履行责任, 缺席, 默认值；v. 疏怠职责, 缺席, 拖欠, 默认",C1,,,,
listening,listen,/'lisniŋ/,n.,"n. 听, 监听；a. 助听用的",A1,,,,
sickness,sickness,/'siknis/,n.,"n. 疾病, 不健康, 呕吐",Beyond C1,,,,
vibration,vibration,/vai'breiʃәn/,n.,"n. 振动, 颤动",Beyond C1,,,,
merry,merry,/'meri/,,"a. 快乐的, 愉快的, 嬉戏作乐的",Beyond C1,,,,
disperse,disperse,/dis'pә:s/,vt./vi.,"vt. 分散, 传播, 散开；vi. 分散；a. 分散的",Beyond C1,,,,
awhile,awhile,/ә'hwail/,adv.,"adv. 片刻, 一会儿",Beyond C1,,,,
sober,sober,/'sәubә/,vt./vi.,"a. 未醉的, 稳重的, 节制的, 严肃的, 不夸大的, 合理的, 朴素的；vt. 使醒酒, 使严肃；vi. 从醉里醒来, 变严肃",Beyond C1,,,,
madame,madame,/'mædәm/,n.,"n. 夫人, 小姐, 太太, 女士, 主妇, (非正式)喜欢差使/指使别人的女子, 鸨母",Beyond C1,,,,
comrade,comrade,/'kɒmreid/,n.,"n. 同志, 伙伴",Beyond C1,,,,
corresponding,correspond,/.kɒri'spɒndiŋ/,,"a. 相当的, 一致的, 通信的",C1,,,,
rainbow,rainbow,/'reinbәu/,n.,n. 彩虹；a. 五彩缤纷的,Beyond C1,,,,
sleepy,sleepy,/'sli:pi/,,"a. 困乏的, 欲睡的",Beyond C1,,,,
pub,pub,/pʌb/,n.,"n. 酒馆, 客栈",Beyond C1,,,,
peek,peek,/pi:k/,vi./n.,"vi. 偷看, 窥视；n. 偷看, 看一眼",Beyond C1,,,,
camping,camp,/'kæmpiŋ/,n.,"n. 野营, 露营",A2,,,,
saw,see,/sɒ:/,vt./vi./n.,"n. 锯子, 谚语；vt. 锯, 锯开, 来回移动；vi. 拉锯, 移动；see的过去式",A1,,,,
youthful,youthful,/'ju:θful/,,"a. 年轻的, 青年的",Beyond C1,,,,
contradictory,contradictory,/.kɒntrә'diktәri/,n.,"a. 反驳的, 反对的, 抗辩的；n. 矛盾因素, 对立物",Beyond C1,,,,
flatten,flatten,/'flætn/,vt./vi.,"vi. 使...不活跃, 变平；vt. 弄平, 打倒, 使失去光泽",Beyond C1,,,,
glowing,glow,/'glәuiŋ/,,"a. 白热的, 灼热的, 通红的, 鲜艳的",Beyond C1,,,,
nap,nap,/næp/,vt./vi./n.,"n. 小睡, 稍睡, 细毛, 孤注一掷；vi. 小睡, 疏忽；vt. 使拉毛, 打盹度过, 预测...为获胜马",Beyond C1,,,,
roadside,roadside,/'rәudsaid/,n.,"n. 路旁, 路边；a. 路边的",Beyond C1,,,,
impair,impair,/im'pєә/,vt.,"vt. 损害, 减少, 削弱",Beyond C1,,,,
unexpectedly,unexpectedly,,adv.,"adv. 想不到的, 突然的, 意外的, 出乎意料的",Beyond C1,,,,
presently,presently,/'prezntli/,adv.,"adv. 目前, 不久",C1,,,,
distributor,distributor,/dis'tribjutә/,n.,"n. 分发者, 分布者, 散布者, 分配者, 销售者, 分配器, 配电盘, 自动拆版机",Beyond C1,,,,
razor,razor,/'reizә/,vt./n.,n. 剃刀；vt. 剃,Beyond C1,,,,
frantic,frantic,/'fræntik/,,"a. 狂乱的, 疯狂的",Beyond C1,,,,
constructive,constructive,/kәn'strʌktiv/,,"a. 建设性的, 构造上的",Beyond C1,,,,
planting,plant,/'plæntiŋ/,n.,"n. 种植, 栽培, 播种, 人工林, 花圃, 苗圃",A1,,,,
charcoal,charcoal,/'tʃɑ:kәul/,n.,n. 木炭,Beyond C1,,,,
intrinsic,intrinsic,/in'trinsik/,,"a. 本质的, 原有的, 真正的",Beyond C1,,,,
starve,starve,/stɑ:v/,v.,"v. (使)饿死, (使)挨饿",B2,,,,
impatient,impatient,/im'peiʃәnt/,,"a. 不耐烦的, 着急的, 急切的",B2,,,,
reclaim,reclaim,/ri'kleim/,vt./vi.,"vt. 开垦, 改造, 感化, 纠正, 回收；vi. 喊叫, 抗议",Beyond C1,,,,
sewer,sewer,/'su:ә/,vt./n.,"n. 下水道, 阴沟, 裁缝师；vt. 用下水道排, 铺设下水道于",Beyond C1,,,,
catcher,catcher,/'kætʃә/,n.,"n. 捕手, 捕捉器",A2,,,,
prevalence,prevalence,/'prevәlәns/,n.,"n. 普遍, 流行, 广泛",C1,,,,
cautiously,cautiously,/'kɒ:ʃәsli/,adv.,adv. 慎重地,Beyond C1,,,,
fertile,fertile,/'fә:tail/,,"a. 可繁殖的, 肥沃的, 生产多的",Beyond C1,,,,
wield,wield,/wi:ld/,vt.,"vt. 挥舞, 运用",Beyond C1,,,,
slab,slab,/slæb/,vt./n.,"n. 平板, 厚片；vt. 切成厚板, 以平板盖上",Beyond C1,,,,
timely,timely,/'taili/,adv.,"a. 及时的, 适时的；adv. 及时地",C1,,,,
daunting,daunt,/'dɒ:ntiŋ/,,a. 使人畏缩的,Beyond C1,,,,
disgust,disgust,/dis'gʌst/,vt./vi./n.,"n. 厌恶, 嫌恶；vi. 令人厌恶；vt. 使作呕",Beyond C1,,,,
southwestern,southwestern,/sauθ'westәn/,,"a. 西南的, 向西南的, 来自西南的, 西南部的",Beyond C1,,,,
yogurt,yogurt,/'jɔ^әt/,n.,n. 酸乳酪,Beyond C1,,,,
prose,prose,/prәuz/,v./n.,"n. 散文；v. 写散文；a. 散文的, 平凡的",Beyond C1,,,,
doom,doom,/du:m/,vt./n.,"n. 厄运, 不幸, 法律, 宣告, 判决, 死亡；vt. 命中注定, 判决",Beyond C1,,,,
eagerly,eagerly,,adv.,"adv. 渴望, 热衷于, 热切",Beyond C1,,,,
crest,crest,/krest/,vt./vi./n.,"n. 冠, 饰毛, 头盔的顶部；vi. 到达绝顶；vt. 加以顶饰",Beyond C1,,,,
rancher,rancher,/'ræntʃә/,n.,"n. 大农场经营者, 牧场工人",Beyond C1,,,,
northeastern,northeastern,/.nɒ:θ'i:stәn/,,"a. 东北方的, 在东北的, 来自东北的",Beyond C1,,,,
niece,niece,/ni:s/,n.,"n. 侄女, 甥女",Beyond C1,,,,
gi,gi,/dʒi: 'ai/,,a. 军用的；美国军人的,Beyond C1,,,,
rainy,rainy,/'reini/,,"a. 下雨的, 多雨的",Beyond C1,,,,
layout,layout,/'leiaut/,n.,"n. 布局, 陈列, 规划图, 页面布局, 版面编排",C1,,,,
mumble,mumble,/'mʌmbl/,v./n.,"n. 喃喃而语, 咕哝；v. 喃喃而语, 咕哝",Beyond C1,,,,
capsule,capsule,/'kæpsju:l/,n.,"n. 胶囊, 蒴果, 瓶帽, 航天舱",Beyond C1,,,,
respiratory,respiratory,/ri'spaiәrәtәri/,,a. 呼吸的,Beyond C1,,,,
hamburger,hamburger,/'hæmbә:gә/,n.,"n. 汉堡(德国港口), 肉饼, 汉堡包, 纯精牛肉, 汉堡牛排",Beyond C1,,,,
accidental,accidental,/.æksi'dentl/,n.,"a. 意外的, 偶然的, 非主要的, 附属的；n. 临时记号, 次要方面",Beyond C1,,,,
eighty,eighty,/'eiti/,num.,"num. 八十, 八十个",A1,,,,
lever,lever,/'levә/,vt./vi./n.,"n. 杠杆, 似杠杆之工具；vt. 撬开；vi. 使用杠杆",Beyond C1,,,,
upright,upright,/'ʌprait/,,"a. 正直的, 诚实的, 公正的, 垂直的, 竖式的",Beyond C1,,,,
readiness,readiness,/'redinis/,n.,"n. 预备, 准备, 敏捷",Beyond C1,,,,
abolish,abolish,/ә'bɒliʃ/,vt.,"vt. 废止, 革除, 消灭",C1,,,,
persistence,persistence,/pә'sistәns/,n.,"n. 固执, 坚持不懈, 持续(性), 存留(状态)",Beyond C1,,,,
liberate,liberate,/'libәreit/,vt.,"vt. 解放, 释放, 使自由",Beyond C1,,,,
rhetorical,rhetorical,/ri'tɒ:rikl/,,"a. 修辞学的, 符合修辞学的, 修辞的",Beyond C1,,,,
yacht,yacht,/jɒt/,vi./n.,"n. 快艇, 游艇；vi. 驾游艇, 乘游艇",Beyond C1,,,,
desperation,desperation,/.despә'reiʃәn/,n.,n. 绝望,Beyond C1,,,,
feminism,feminism,/'feminizm/,n.,"n. 女权主义, 男女平等主义",Beyond C1,,,,
fort,fort,/fɒ:t/,vt./vi./n.,"n. 堡垒, 要塞, 易货站；vt. 设要塞保卫；vi. 设要塞",Beyond C1,,,,
anonymity,anonymity,/.ænә'nimiti/,n.,"n. 匿名, 姓氏不明",Beyond C1,,,,
autonomous,autonomous,/ɒ:'tɒnәmәs/,,a. 自治的,Beyond C1,,,,
interstate,interstate,/.intә'steit/,,a. 州际的,Beyond C1,,,,
liner,liner,/'lainә/,n.,"n. 班机, 划线者, 定期船, 衬里",Beyond C1,,,,
librarian,librarian,/lai'brєәriәn/,n.,"n. 图书馆员, 图书管理员",Beyond C1,,,,
topple,topple,/'tɒpl/,vt./vi.,"vt. 推翻, 颠覆；vi. 倒塌, 摇摇欲坠",Beyond C1,,,,
inferior,inferior,/in'fiәriә/,n.,"a. 次等的, 较差的, 下方的, 下级的；n. 部下, 次品, 下标(符号)",Beyond C1,,,,
reinforcement,reinforcement,/.ri:in'fɒ:smәnt/,n.,"n. 加强, 增援, 补充, 援军, 加固物",Beyond C1,,,,
morale,morale,/mɒ'rɑ:l/,n.,"n. 士气, 道德",Beyond C1,,,,
diversion,diversion,/dai'vә:ʒәn/,n.,n. 转移,Beyond C1,,,,
vastly,vastly,/'vɑ:stli/,adv.,"adv. 广大地, 许多, 巨大",Beyond C1,,,,
almond,almond,/'ɑ:mәnd/,n.,n. 杏仁,Beyond C1,,,,
distortion,distortion,/dis'tɒ:ʃәn/,n.,"n. 扭曲, 变形, 曲解",Beyond C1,,,,
announcer,announcer,/ә'naunsә/,n.,"n. 节目报告员, 宣告者",Beyond C1,,,,
sitting,sit,/'sitiŋ/,n.,"n. 入席, 就坐, 开庭, 孵卵；a. 坐着的, 就座的, 在职的, 在孵卵中的, 易被击中的",A1,,,,
subsidiary,subsidiary,/sәb'sidiәri/,n.,"n. 子公司, 附件, 辅助者；a. 辅助的, 次要的, 津贴的",Beyond C1,,,,
prophet,prophet,/'prɒfit/,n.,"n. 预言者, 先知, 提倡者",Beyond C1,,,,
reminiscent,reminiscent,/.remi'nisnt/,n.,"a. 回忆的, 怀旧的；n. 往事叙述者, 回忆录作者",Beyond C1,,,,
validate,validate,/'vælideit/,vt.,"vt. 使有效, 使生效, 确认, 证实, 验证",Beyond C1,,,,
cooked,cook,/kukt/,,"a. 精疲力竭的, 被揍得昏厥的, 未达到目的就完蛋的, 喝醉了的",A1,,,,
dime,dime,/daim/,n.,n. 10分硬币(美、加),B2,,,,
pragmatic,pragmatic,/præ^'mætik/,,"a. 忙碌的, 爱管闲事的, 自负的, 固执己见的, 实际的, 务实的, 国事的, 国务的",Beyond C1,,,,
undercover,undercover,/.ʌndә'kʌvә/,,"a. 秘密从事的, 秘密的, 从事间谍活动的",Beyond C1,,,,
orphan,orphan,/'ɒ:fәn/,vt./n.,"n. 孤儿；a. 无双亲的, 孤儿的；vt. 使成孤儿",Beyond C1,,,,
graze,graze,/greiz/,v./n.,"n. 吃草, 放牧, 擦伤, 轻擦；v. (使)吃草, 放牧, 轻擦, 擦伤",Beyond C1,,,,
founding,found,/'faundiŋ/,,[计] 铸造,B2,,,,
persona,persona,/pә:'sәunә/,n.,"n. 人, 人物, 角色, 外表印象, 人格面具",Beyond C1,,,,
reel,reel,/ri:l/,vt./vi./n.,"n. 卷轴, 一卷, 纺车, 旋转, 蹒跚；vt. 卷...于轴上, 绕, 使旋转；vi. 蹒跚地走, 旋转, 眩晕, 摇晃, 退缩",Beyond C1,,,,
preview,preview,/'pri:vju:/,vt./n.,"n. 事先查看, 预览；vt. 事先查看, 预演",Beyond C1,,,,
enlarge,enlarge,/in'lɑ:dʒ/,vt./vi.,"vt. 扩大, 增大；vi. 扩大, 详述",Beyond C1,,,,
alleviate,alleviate,/ә'li:vieit/,vt.,"vt. 减轻, 使缓和",Beyond C1,,,,
protagonist,protagonist,/prәu'tægәnist/,n.,"n. 主人公, 主角, 领导者",Beyond C1,,,,
collectively,collectively,,adv.,"adv. 集合, 聚合性, 共同, 集体主义, 集团, 集体",Beyond C1,,,,
comedian,comedian,/kә'mi:djәn/,n.,n. 喜剧演员,Beyond C1,,,,
systematically,systematically,/.sisti'mætikli/,adv.,"adv. 有系统地, 有组织地, 有条理地",Beyond C1,,,,
sprawling,sprawl,,,"a. 蔓生的, 不规则地伸展的",Beyond C1,,,,
crunch,crunch,/krʌntʃ/,v./n.,"v. 嘎吱嘎吱的咬嚼, 压碎, 嘎吱嘎吱地踏过；n. 咬碎, 咬碎声",Beyond C1,,,,
mock,mock,/mɒk/,vt./vi./n./adv.,"n. 嘲笑, 戏弄, 模仿；a. 假的, 伪造的, 模拟的；adv. 虚伪地；vt. 嘲弄, 模仿, 使失望, 欺骗, 挫败；vi. 嘲弄",Beyond C1,,,,
escalate,escalate,/'eskәleit/,vt./vi.,"vi. 逐步扩大, 逐步升高, 逐步增强；vt. 使逐步上升",C1,,,,
fig,fig,/fig/,vt./n.,"n. 无花果, 无价值的东西, 少许, 服装；vt. 打扮, 使马跑快",Beyond C1,,,,
cruiser,cruiser,/'kru:zә/,n.,"n. 巡洋舰, 巡航飞机, 警察巡逻车",Beyond C1,,,,
discretion,discretion,/dis'kreʃәn/,n.,"n. 慎重, 辨别力, 考虑, 处理权",C1,,,,
arbitrary,arbitrary,/'ɑ:bitrәri/,,"a. 任意的, 武断的, 专治的, 霸道的",C1,,,,
scrub,scrub,/skrʌb/,vt./vi./n.,"n. 用力擦洗, 矮树, 矮人, 渺小之物；vt. 用力擦洗, 擦掉, 摩擦；vi. 擦洗干净, 进行手臂消毒；a. 次等的, 矮小的, 非正规球队的, 临时凑合的",Beyond C1,,,,
foe,foe,/fou/,n.,"n. 仇敌, 反对者, 敌人, 对手",Beyond C1,,,,
stubborn,stubborn,/'stʌbәn/,,"a. 顽固的, 不听话的, 执拗的, 棘手的",Beyond C1,,,,
rubble,rubble,/'rʌbl/,n.,"n. 粗石, 碎砖, 粗石堆",Beyond C1,,,,
bathe,bathe,/beið/,vt./vi.,"vt. 沐浴, 用水洗；vi. 洗澡",Beyond C1,,,,
polished,polish,/'pɒliʃt/,,"a. 擦亮的, 优雅的, 精良的",Beyond C1,,,,
resemblance,resemblance,/ri'zemblәns/,n.,"n. 相似处, 类似, 肖像",Beyond C1,,,,
avert,avert,/ә'vә:t/,vt.,"vt. 转开, 避免, 防止",Beyond C1,,,,
cavity,cavity,/'kæviti/,n.,"n. 洞, 空穴, 腔",Beyond C1,,,,
conjunction,conjunction,/kәn'dʒʌŋkʃәn/,n.,"n. 连接词, 联合, 结合",Beyond C1,,,,
detain,detain,/di'tein/,vt.,"vt. 扣留, 扣押, 耽搁",C1,,,,
outdoors,outdoors,/'aut'dɒ:z/,n./adv.,"n. 户外, 野外活动；adv. 在户外, 在野外",B1,,,,
genocide,genocide,"/'dʒenәu,said/",n.,"n. 种族灭绝, 灭绝整个种族的大屠杀",C1,,,,
troubling,trouble,,n.,n. 浊度；浑浊度,A2,,,,
crave,crave,/kreiv/,v.,"v. 渴望, 热望, 恳求",Beyond C1,,,,
redefine,redefine,/.ri:di'fain/,vt.,vt. 重新定义,Beyond C1,,,,
novice,novice,/'nɒvis/,n.,"n. 新手, 初学者",Beyond C1,,,,
tenth,tenth,/tenθ/,num.,"num. 第十, 十分之一",Beyond C1,,,,
catastrophic,catastrophic,/.kætә'strɒfik/,,"a. 悲惨的, 灾难的",Beyond C1,,,,
compliment,compliment,/'kɒmplimәnt/,vt./n.,"n. 称赞, 恭维, 敬意；vt. 称赞, 褒扬, 恭维",Beyond C1,,,,
unrelated,unrelated,,,[法] 无关的,Beyond C1,,,,
blueprint,blueprint,/'blu:'print/,vt./n.,"n. 蓝图, 设计图, (周详的)计划；vt. 制成蓝图, 计划",Beyond C1,,,,
progression,progression,/prә'greʃәn/,n.,"n. 前进, 连续, 级数",Beyond C1,,,,
animation,animation,/.æni'meiʃәn/,n.,"n. 活泼, 生气, 激励, 卡通制作",B2,,,,
pedestrian,pedestrian,/pә'destriәn/,n.,"n. 行人, 步行者；a. 人行的, 徒步的, 呆板的, 通俗的, 平淡无奇的",Beyond C1,,,,
nude,nude,/nju:d/,n.,"a. 裸的, 肉色的, 无装饰的；n. 裸体画, 裸体",Beyond C1,,,,
residue,residue,/'rezidju:/,n.,"n. 残渣, 剩余, 余数",C1,,,,
agony,agony,/'ægәni/,n.,"n. 极大的痛苦, 挣扎",Beyond C1,,,,
shorten,shorten,/'ʃɒ:tn/,vt./vi.,"vt. 弄短, 缩短, 减少；vi. 缩小, 变短",Beyond C1,,,,
hiring,hire,/'haiәriŋ/,,"[法] 租用, 雇用",B1,,,,
runoff,runoff,/'rʌnɒf/,n.,"n. 径流(量), 决赛, 决定性竞选",Beyond C1,,,,
applicable,applicable,/'æplikәbl/,,"a. 合适的, 可应用的",C1,,,,
professionally,professionally,,adv.,adv. 专业地；内行地,Beyond C1,,,,
accustom,accustom,/ә'kʌstәm/,vt.,vt. 使习惯于,Beyond C1,,,,
empathy,empathy,/'empæθik/,n.,"n. 移情作用, 共鸣",Beyond C1,,,,
deteriorate,deteriorate,/di'tiәriәreit/,v.,v. (使)恶化,C1,,,,
collide,collide,/kә'laid/,vi.,"vi. 碰撞, 互撞, 抵触",Beyond C1,,,,
ranger,ranger,/'reinʒә/,n.,"n. 王室守林人, 骑警, 漫游者",Beyond C1,,,,
reap,reap,/ri:p/,vt./vi.,"vt. 收割, 收获, 获得；vi. 收割, 得到报应",Beyond C1,,,,
feasible,feasible,/'fi:zәbl/,,"a. 能实行的, 可行的, 适宜的",Beyond C1,,,,
bargaining,bargain,/'bɑ:giniŋ/,n.,"n. 讨价还价, 谈判, 交涉",B2,,,,
mastery,mastery,/'mɑ:stәri/,n.,"n. 征服, 统治权, 优势, 精通, 掌握",Beyond C1,,,,
directive,directive,/di'rektiv/,n.,"a. 指导的, 指挥的, 方向的；n. 指令",Beyond C1,,,,
preventive,preventive,/pri'ventiv/,n.,"a. 预防的, 防止的；n. 防止物, 预防方法, 预防药",Beyond C1,,,,
arrogant,arrogant,/'ærәɡәnt/,,"a. 自大的, 傲慢的",Beyond C1,,,,
oneself,oneself,/wʌn'self/,pron.,"pron. 自己, 亲自",Beyond C1,,,,
dubious,dubious,/'dju:biәs/,,"a. 可疑的, 不确定的",Beyond C1,,,,
facade,facade,/fә'sɑ:d/,n.,"n. 建筑物的正面, 外观, 表面",Beyond C1,,,,
bypass,bypass,/'baipɑ:s/,vt./n.,"n. 旁路；vt. 省略, 绕过, 忽视, 回避",Beyond C1,,,,
creamy,creamy,/'kri:mi/,,"a. 含乳脂的, 乳脂状的, 奶油色的",Beyond C1,,,,
underlie,underlie,/.ʌndә'lai/,vt.,"vt. 位于...之下, 成为...的基础",Beyond C1,,,,
playwright,playwright,/'pleirait/,n.,n. 剧作家,Beyond C1,,,,
binoculars,binoculars,/bi'nɒkjulәs/,n.,"n. 双目镜, 双筒镜",Beyond C1,,,,
phd,phd,,,abbr. 哲学博士学位（Doctor of Philosophy）,Beyond C1,,,,
vent,vent,/vent/,vt./n.,"n. 排气口, 出口, 通风孔, 发泄；vt. 发泄, 排出, 给...开孔",Beyond C1,,,,
eclipse,eclipse,/i'klips/,vt./n.,"n. 日食, 月食, (地位名誉等的)消失；vt. 引起日食, 引起月食, 使黯然失色",Beyond C1,,,,
enhanced,enhance,/in'hɑ:nst. -'hænst/,,a. 增大的；加强的,B2,,,,
loading,load,/'lәudiŋ/,n.,"n. 装载, 装填",B2,,,,
foresee,foresee,/fɒ:'si:/,vt.,"vt. 预见, 预知",Beyond C1,,,,
harmless,harmless,/'hɑ:mlis/,,"a. 无害处的, 未受损害的, 无辜的, 无恶意的",Beyond C1,,,,
premier,premier,/'pri:mjә/,n.,"n. 总理, 首相；a. 首位的, 最初的",C1,,,,
peril,peril,/'peril/,vt./n.,"n. 危险, 冒...之险, 险境, 险因；vt. 置...于险境, 冒险, 危及",Beyond C1,,,,
bracket,bracket,/'brækit/,vt./n.,"n. 支架, 括弧, 托架；vt. 装托架, 括入括弧",Beyond C1,,,,
paste,paste,/peist/,vt./n.,"n. 面团, 面食, 浆糊, 糊状物, 粘贴, 用拳重击；vt. 用浆糊粘, 张贴, 狠狠地打",Beyond C1,,,,
bra,bra,/brɑ:/,n.,n. 奶罩,Beyond C1,,,,
bruise,bruise,/bru:z/,vt./vi./n.,"n. 青肿, 挫伤, 擦伤；vi. 受伤, 擦伤；vt. 使受伤, 研碎",Beyond C1,,,,
wade,wade,/weid/,vt./vi./n.,"vi. 跋涉；vt. 涉水；n. 跋涉, 浅滩",Beyond C1,,,,
mediterranean,mediterranean,/.meditә'reiniәn/,n.,"n. 地中海, 地中海民族；a. 地中海的, 地中海民族的",Beyond C1,,,,
chile,chile,/'tʃili/,n.,n. 智利,Beyond C1,,,,
poultry,poultry,/'pәultri/,n.,n. 家禽,Beyond C1,,,,
reign,reign,/rein/,v./n.,v. 为王，为君；当政；统治；n. 为王，为君；当政；统治,C1,,,,
rewrite,rewrite,/ri:'rait/,vt./vi./n.,"vt. 重写, 改写, 改写新闻, 书面答复；vi. 修改旧作；n. 改写的作品",Beyond C1,,,,
enjoyment,enjoyment,/in'dʒɒimәnt/,n.,"n. 享乐, 快乐, 享受",Beyond C1,,,,
automaker,automaker,"/'ɔ:tәu,meikә/",n.,n. <美>汽车制造商,Beyond C1,,,,
rightly,rightly,/'raitli/,adv.,"adv. 合适地, 正当地, 正确地",Beyond C1,,,,
sitcom,sitcom,/'sitkɔm/,,abbr. 情景喜剧（situation comedy）,Beyond C1,,,,
patriotic,patriotic,/.peitri'ɒtik/,,"a. 爱国的, 有爱国心的",Beyond C1,,,,
cracker,cracker,/'krækә/,n.,"n. 饼干, 爆竹",B2,,,,
convicted,convict,/kən'vɪktɪd/,v.,v. 宣判有罪( convict的过去式 ),C1,,,,
impeachment,impeachment,/im'pi:tʃmәnt/,,"[法] 控告, 检举, 弹劾",Beyond C1,,,,
advertiser,advertiser,/'ædvәtaizә/,n.,"n. 做广告者, 广告客户",Beyond C1,,,,
procession,procession,/prә'seʃәn/,n.,"n. 队伍, 连续, 列队行进, 涌出",Beyond C1,,,,
genetics,genetics,/dʒi'netiks/,n.,n. 遗传学,B2,,,,
perpetuate,perpetuate,/pә'petjueit/,vt.,"vt. 使永存, 使不朽, 保持",Beyond C1,,,,
dictatorship,dictatorship,/dik'teitәʃip/,n.,"n. 独裁者之职位, 独裁, 独裁政权",Beyond C1,,,,
gosh,gosh,/gɒʃ/,,"interj. 唉, 天啊, 天哪",Beyond C1,,,,
payoff,payoff,/'peiɒf/,n.,"n. 发工资, 分赃, 贿赂, 盈利, 报酬, 报应, 结果, 高潮, 决定因素；a. 决定性的, 产生结果的, 支付的",Beyond C1,,,,
heterosexual,heterosexual,/.hetәrә'sekʃuәl/,n.,"a. 异性的, 异性爱的；n. 异性恋的人",Beyond C1,,,,
moan,moan,/mәun/,vt./vi./n.,"n. 呻吟, 悲叹；vi. 呻吟, 抱怨, 悲叹；vt. 呻吟着说",Beyond C1,,,,
lessen,lessen,/'lesn/,vt./vi.,"vt. 减少, 缩小, 减轻；vi. 变小",Beyond C1,,,,
fashionable,fashionable,/'fæʃәnәbl/,,"a. 时髦的, 上流社会的, 流行的",B1,,,,
conquest,conquest,/'kɒŋkwest/,n.,"n. 战胜, 征服, 战利品",Beyond C1,,,,
railing,railing,/'reiliŋ/,n.,"n. 扶手, 栏杆, 抱怨",B2,,,,
packaging,packaging,/'pækidʒiŋ/,n.,"n. 包装, 包装业, 包装术",B1,,,,
expectancy,expectancy,/ik'spektәnsi/,n.,"n. 期待, 期望的事物, 嘱望, 希望, 期望, 预期",Beyond C1,,,,
lebanese,lebanese,"/,lebә'ni:z/",,a. 黎巴嫩的,Beyond C1,,,,
parliamentary,parliamentary,/.pɑ:lә'mentәri/,,"a. 国会的, 议会的, 议会制度的",Beyond C1,,,,
inheritance,inheritance,/in'heritәns/,n.,"n. 遗传, 遗产",Beyond C1,,,,
methodist,methodist,/'meθәdist/,n.,n. 墨守成规者,Beyond C1,,,,
briefcase,briefcase,/'bri:fkeis/,n.,n. 公事包,Beyond C1,,,,
infamous,infamous,/'infәmәs/,,"a. 无耻的, 不名誉的, 声名狼藉的",C1,,,,
quantitative,quantitative,/'kwɒntitәtiv/,,"a. 数量的, 定量的",Beyond C1,,,,
brink,brink,/briŋk/,n.,"n. 边缘, 陡岸",Beyond C1,,,,
paycheck,paycheck,/'pei'tʃek/,n.,"n. 付薪水的支票, 薪水",Beyond C1,,,,
symphony,symphony,/'simfәni/,n.,"n. 交响乐, 交响曲",Beyond C1,,,,
plum,plum,/plʌm/,n.,n. 李子,Beyond C1,,,,
catholicism,catholicism,/kә'θɒlisizm/,n.,n. 天主教的信仰,Beyond C1,,,,
elevated,elevate,/'eliveitid/,,a. 提高的,C1,,,,
kidnapping,kidnap,,n.,n. 绑架；诱拐,C1,,,,
inherently,inherently,/in'hiәrәntli/,adv.,"adv. 内在地, 生来地, 固有地",Beyond C1,,,,
cellar,cellar,/'selә/,n.,"n. 地窖, 地下室, 藏酒",Beyond C1,,,,
breakup,breakup,/'breikʌp/,n.,"n. 分裂, 崩溃, 解散, 解体",Beyond C1,,,,
boiling,boil,/'bɒiliŋ/,adv.,"a. 沸腾的, 激昂的；adv. 沸腾",A2,,,,
recede,recede,/ri'si:d/,vi.,"vi. 向后退, 退却, 收回, 降低, 减弱",Beyond C1,,,,
abound,abound,/ә'baund/,vi.,"vi. 大量存在, 富于, 充满",Beyond C1,,,,
allowance,allowance,/ә'lauәns/,vt./n.,"n. 津贴, 零用钱, 限额, 折扣, 允许；vt. 定量供应",C1,,,,
linkage,linkage,/'liŋkidʒ/,n.,"n. 联合, 连锁, 结合, 联动",Beyond C1,,,,
roast,roast,/rәust/,vt./vi./n.,"n. 烤肉, 烘烤, 嘲笑；a. 烘烤的, 烤过的；vt. 烤, 炙, 烘焙, 嘲笑；vi. 烤, 炙, 烘焙",Beyond C1,,,,
depiction,depiction,/di'pikʃәn/,n.,"n. 描写, 叙述",Beyond C1,,,,
plummet,plummet,/'plʌmit/,vi./n.,"n. 测深锤, 铅坠；vi. 垂直落下",Beyond C1,,,,
kindness,kindness,/'kaindnis/,n.,"n. 仁慈, 亲切, 和蔼",Beyond C1,,,,
repression,repression,/ri'preʃәn/,n.,"n. 抑制, 压抑, 制止",Beyond C1,,,,
lust,lust,/lʌst/,vi./n.,"n. 贪欲, 欲望, 色欲；vi. 贪求, 渴望, 动淫念",Beyond C1,,,,
masterpiece,masterpiece,/'mɑ:stәpi:s/,n.,"n. 杰作, 名著",Beyond C1,,,,
culminate,culminate,/'kʌlmineit/,vt./vi.,"vi. 到绝顶, 达于极点, 达到高潮；vt. 使到绝顶, 使达到高潮",Beyond C1,,,,
maze,maze,/meiz/,vt./n.,"n. 迷宫, 迷惘；vt. 使迷惘, 使混乱, 迷失",Beyond C1,,,,
watershed,watershed,/'wɒtәʃed/,n.,"n. 流域, 分水岭",Beyond C1,,,,
humiliation,humiliation,/hju:.mili'eiʃәn/,n.,"n. 耻辱, 丢脸, 谦卑",Beyond C1,,,,
pronounced,pronounce,/prә'naunst/,,"a. 发出音的, 读出来的, 显著的, 断然的, 明显的",C1,,,,
drainage,drainage,/'dreinidʒ/,n.,n. 排水,Beyond C1,,,,
implicate,implicate,/'implikeit/,vt./n.,"vt. 涉及, 含意, 暗示, 牵连；n. 包含的东西",Beyond C1,,,,
wartime,wartime,/'wɒ:taim/,n.,n. 战时,Beyond C1,,,,
multinational,multinational,/.mʌlti'næʃәnl/,n.,"a. 多国的, 跨国公司的；n. 跨国公司",Beyond C1,,,,
refined,refine,/ri'faind/,,"a. 精炼的, 优雅的, 精细的",Beyond C1,,,,
navajo,navajo,/'nævәhәj/,n.,n. 纳瓦霍人（美国最大的印第安部落）,Beyond C1,,,,
ordeal,ordeal,/ɒ:'di:l/,n.,"n. 严酷考验, 痛苦经历, 煎熬",Beyond C1,,,,
periodic,periodic,/.piәri'ɒdik/,,"a. 周期的, 定期的, 间歇(性)的, 循环的, 用完整句的, 高碘的",Beyond C1,,,,
inning,inning,/'iniŋ/,n.,"n. 一局, 挨次轮换, 执政期, 围垦",Beyond C1,,,,
snapshot,snapshot,/'snæpʃɒt/,n.,"n. 快照, 抽点打印",Beyond C1,,,,
adore,adore,/ә'dɒ:/,vt./vi.,"vt. 崇拜, 爱慕, 喜爱；vi. 崇拜, 爱慕",Beyond C1,,,,
literal,literal,/'litәrәl/,n.,"a. 逐字的, 字面上的, 文字的, 字母的；n. 印刷错误",Beyond C1,,,,
slippery,slippery,/'slipәri/,,"a. 滑的, 光滑的, 靠不住的, 圆滑的, 不稳固的",Beyond C1,,,,
splendid,splendid,/'spendid/,,"a. 光亮的, 了不起的, 灿烂的, 壮丽的, 显著的, 杰出的",Beyond C1,,,,
mesh,mesh,/meʃ/,vt./vi./n.,"n. 网孔, 网丝, 网眼, 网状物, 圈套, 陷阱, 啮合；vt. 以网捕捉, 啮合, 使缠住；vi. 落网, 相啮合",Beyond C1,,,,
discern,discern,/di'zә:n/,v.,"v. 辨别, 看清楚, 了解",Beyond C1,,,,
foul,foul,/faul/,vt./vi./n./adv.,"a. 污秽的, 邪恶的, 恶臭的, 肮脏的, 恶劣的, 淤塞的；vt. 弄脏, 妨害, 污蔑, 犯规, 淤塞；vi. 腐烂, 犯规, 缠结；adv. 违反规则地, 不正当地；n. 犯规, 缠绕",Beyond C1,,,,
proven,prove,/'pru:vn/,,prove的过去分词,B1,,,,
politely,politely,/pә'laitli/,adv.,"adv. 有礼貌地, 文雅地, 客气地",Beyond C1,,,,
dove,dive,/dʌv/,n.,n. 鸽子；dive的过去式,B2,,,,
solicit,solicit,/sә'lisit/,v.,"v. 请求, 乞求, 招揽, 征求",Beyond C1,,,,
ache,ache,/eik/,vi./n.,"n. 疼痛；vi. 痛, 哀怜, 渴望",Beyond C1,,,,
alarming,alarm,/ә'lɑ:miŋ/,,"a. 使人惊恐的, 引起惊恐的",B1,,,,
thinly,thinly,/'θinli/,adv.,"adv. 薄, 细, 瘦",Beyond C1,,,,
nasal,nasal,/'neizl/,n.,"a. 鼻的, 鼻声的, 尖锐的；n. 鼻音, 鼻音字",Beyond C1,,,,
tentative,tentative,/'tentәtiv/,n.,"n. 试验；a. 试验性的, 暂时的",Beyond C1,,,,
outing,out,/'autiŋ/,n.,"n. 郊游, 远足；a. 远足适用的",C1,,,,
stagger,stagger,/'stægә/,vt./vi./n.,"n. 蹒跚, 踌躇；vi. 蹒跚, 犹豫；vt. 使摇摆, 使踌躇, 交错, 错开；a. 交错的, 错开的",Beyond C1,,,,
paid,pay,/peid/,,"a. 受雇的, 付清的；pay的过去式和过去分词",A1,,,,
nudge,nudge,/nʌdʒ/,n.,"n. 用肘轻推, 推动, 讨厌家伙",Beyond C1,,,,
conjure,conjure,/'kʌndʒә/,vt./vi.,"vt. 念咒文召唤, 变戏法, 想象；vi. 变戏法, 施魔法",Beyond C1,,,,
trajectory,trajectory,/trә'dʒektri/,n.,"n. 轨道, 弹道, 轨线",Beyond C1,,,,
parcel,parcel,/'pɑ:sl/,vt./n./adv.,"n. 包裹, 部分, 片；vt. 分配, 打包；a. 部分的；adv. 局部地",Beyond C1,,,,
unsuccessful,unsuccessful,/.ʌnsәk'sesful/,,a. 不成功的,Beyond C1,,,,
wicked,wicked,/'wikid/,,"a. 坏的, 邪恶的, 缺德的, 刻毒的, 恶劣的, 淘气的",Beyond C1,,,,
informed,inform,/in'fɒ:md/,,a. 见多识广的,B2,,,,
trained,train,/treind/,,"a. 训练过的, 受过培训的；培训",A1,,,,
spicy,spicy,/'spaisi/,,"a. 香的, 多香料的, 辛辣的, 下流的",B1,,,,
intercourse,intercourse,/'intәkɒ:s/,n.,"n. 交往, 交流",Beyond C1,,,,
ornament,ornament,/'ɒ:nәmәnt/,vt./n.,"n. 装饰, 点缀品, 教堂用品；vt. 装饰, 修饰",Beyond C1,,,,
observatory,observatory,/әb'zә:vәtәri/,n.,"n. 天文台, 气象台, 了望台",Beyond C1,,,,
uprising,uprise,/'ʌpraiziŋ/,n.,"n. 起义, 升起",Beyond C1,,,,
endurance,endurance,/in'djuәrәns/,n.,"n. 忍耐, 忍耐力, 耐性",Beyond C1,,,,
constrain,constrain,/kәn'strein/,vt.,"vt. 强迫, 限制, 关押",Beyond C1,,,,
pinch,pinch,/pintʃ/,vt./vi./n.,"n. 捏, 拧, 撮, 少量, 收缩, 挤压, 夹痛, 苦恼, 逮捕, 指控, 匮乏, 紧急关头；vt. 捏, 拧, 掐, 挤压, 修剪, 使困苦, 使萎缩, 节制, 少量加入, 逮捕, 勒索；vi. 收缩, 节省, 挤压, 引起苦恼",Beyond C1,,,,
comforting,comfort,/'kʌmfәtiŋ/,,"a. 安慰的, 令人鼓舞的",B2,,,,
orderly,orderly,/'ɒ:dәli/,n./adv.,"a. 有秩序的, 整齐的, 值班的；n. 护理员, 清道夫, 传令兵, 勤务兵；adv. 依次地, 顺序地",Beyond C1,,,,
intentionally,intentionally,,adv.,"adv. 故意地, 有意地",Beyond C1,,,,
dealings,dealing,,n.,"n. 来往, 交易, 买卖",Beyond C1,,,,
recess,recess,/ri'ses/,vt./vi./n.,"n. 休息, 休会, 放假, 凹进处, 深处；vt. 使凹进；vi. 休假, 休息",Beyond C1,,,,
blog,blog,,n.,n. 博客；部落格；网络日志,A1,,,,
buildup,buildup,/'bildʌp/,n.,"n. 发展, 集结, 增强",Beyond C1,,,,
surf,surf,/sә:f/,vi./n.,"n. 海浪, 拍岸浪；vi. 作冲浪运动",Beyond C1,,,,
nationality,nationality,/.næʃә'nælәti/,n.,"n. 国籍, 国家, 民族性",Beyond C1,,,,
sunshine,sunshine,/'sʌnʃain/,n.,"n. 阳光, 光明, 晴天",Beyond C1,,,,
flake,flake,/fleik/,vt./vi./n.,"n. 小薄片, 扁薄的一层, 火星, 晒鱼架子；vt. 使成薄片；vi. 剥落",Beyond C1,,,,
culinary,culinary,/'kʌlinәri/,,"a. 厨房的, 烹调用的",Beyond C1,,,,
alcoholic,alcoholic,/.ælkә'hɒlik/,n.,"n. 酒鬼, 酒精中毒者；a. 酒精的",B1,,,,
appraisal,appraisal,/ә'preizәl/,n.,"n. 评价, 估价",Beyond C1,,,,
reconsider,reconsider,/.ri:kәn'sidә/,v.,"v. 再考虑, 重新考虑",Beyond C1,,,,
newborn,newborn,/'nju:bɒ:n/,n.,n. 婴儿；a. 新生的,Beyond C1,,,,
saga,saga,/'sɑ:gә/,n.,"n. 传说, 英雄传奇, 冒险故事",Beyond C1,,,,
opener,opener,/'әupәnә/,n.,"n. 开...的人, 开局人, 开创人, 开具, 开启工具, 首项",A1,,,,
sliced,slice,/slaist/,,刨切的,B1,,,,
explorer,explorer,/ik'splɒ:rә/,n.,"n. 探险家, 探测者, 勘探器",Beyond C1,,,,
degradation,degradation,/.degrә'deiʃәn/,n.,"n. 降格, 堕落, 退化",Beyond C1,,,,
offshore,offshore,/ɒ:f'ʃɒ:/,adv.,"a. 海面的, 吹向海面的, 近海的；adv. 向海面",Beyond C1,,,,
superiority,superiority,/sju:.piәri'ɒriti/,n.,"n. 优越, 高傲",Beyond C1,,,,
biodiversity,biodiversity,,n.,n. 生物多样性,Beyond C1,,,,
fingernail,fingernail,/'fiŋgәneil/,n.,n. 手指甲,Beyond C1,,,,
questioning,question,/'kwestʃәniŋ/,,"[法] 审问, 讯问, 质问",A1,,,,
cubic,cubic,/'kju:bik/,,"a. 立方体的, 立方的",Beyond C1,,,,
bum,bum,/bʌm/,vt./vi./n.,"n. 游荡者, 懒鬼, 闹饮；a. 没有价值的；vi. 过游民生活, 乞讨, 流浪；vt. 乞讨",Beyond C1,,,,
asylum,asylum,/ә'sailәm/,n.,"n. 庇护, 收容所",C1,,,,
exemplify,exemplify,/ig'zemplifai/,vt.,"vt. 例证, 例示",Beyond C1,,,,
pedal,pedal,/'pedl/,vt./vi./n.,"n. 踏板, 脚蹬子；a. 脚的, 脚踏的；vt. 用脚踏动；vi. 踩踏板, 骑车",Beyond C1,,,,
hiss,hiss,/his/,vt./vi./n.,"n. 嘘声, 嘶嘶声；vi. 发出嘘声, 发嘶嘶声；vt. 发嘶嘶声表示",A1,,,,
incapable,incapable,/in'keipәbl/,,"a. 无能力的, 不能的",Beyond C1,,,,
adulthood,adulthood,/ә'dʌlthud/,n.,n. 成年,Beyond C1,,,,
slower,slow,,,[计] 减慢,A1,,,,
autopsy,autopsy,/'ɒ:tәpsi/,n.,n. 验尸,Beyond C1,,,,
gigantic,gigantic,/dʒai'gæntik/,,"a. 巨人般的, 巨大的",Beyond C1,,,,
repertoire,repertoire,/'repәtwɑ:/,n.,"n. 全部剧目, 全部技能, 全部节目, 全部作品",Beyond C1,,,,
scrutinize,scrutinize,/'skrutinaiz/,vt./vi.,"vt.vi. 细看, 仔细检查, 审查, 细阅",Beyond C1,,,,
rehearse,rehearse,/ri'hә:s/,vt./vi.,"vt. 预演, 排演, 使熟练掌握, 练习, 复述；vi. 排练, 练习, 演习",Beyond C1,,,,
imported,import,,vt.,"vt. 输入, 进口（import的过去式与过去分词形式）",B1,,,,
iq,iq,,,"智商, 智力商数",Beyond C1,,,,
shuffle,shuffle,/'ʃʌfl/,v./n.,"n. 拖着脚走, 曳步, 混乱, 蒙混, 洗纸牌；v. 拖曳, 马虎地做, 笨手笨脚地穿(脱)衣, 推诿, 洗牌",Beyond C1,,,,
rethink,rethink,/ri:'θiŋk/,v.,"v. 再想, 重想",Beyond C1,,,,
psyche,psyche,/'psaiki/,n.,"n. 灵魂, 精神, 普赛克(希腊神话中人类灵魂的化身)",Beyond C1,,,,
residual,residual,/'rezidju:l/,n.,"a. 残渣的, 剩余的；n. 残渣, 剩余, 余数",Beyond C1,,,,
loft,loft,/lɒft/,vt./vi./n.,"n. 阁楼, 鸽房, 楼上；vt. 储存于阁楼上；vi. 将球高击",Beyond C1,,,,
kurdish,kurdish,/'kә:diʃ/,n.,a. 库尔德人的；n. 库尔德语,Beyond C1,,,,
crate,crate,/kreit/,n.,"n. 板条箱, 装货箱",Beyond C1,,,,
uranium,uranium,/ju'reiniәm/,n.,n. 铀,Beyond C1,,,,
scottish,scottish,/'skɒtiʃ/,,"a. 苏格兰的, 苏格兰人的",Beyond C1,,,,
fiercely,fiercely,/'fiәsli/,adv.,"adv. 猛烈地, 厉害地",Beyond C1,,,,
layoff,layoff,/'leiɒf/,n.,"n. 临时解雇, 操作停止, 活动停止期间",Beyond C1,,,,
lizard,lizard,/'lizәd/,n.,n. 蜥蜴,Beyond C1,,,,
penis,penis,/'pi:nis/,n.,"n. 阳物, 阴茎",Beyond C1,,,,
marvel,marvel,/'mɑ:vl/,vt./vi./n.,"n. 奇异事物, 罕见例子；vt. 惊异于；vi. 惊异",Beyond C1,,,,
tailor,tailor,/'teilә/,vt./vi./n.,"n. 裁缝, 成衣匠；vt. 缝制, 制作, 使适应；vi. 做裁缝",Beyond C1,,,,
ceramic,ceramic,/si'ræmik/,n.,a. 陶瓷的；n. 陶瓷制品,Beyond C1,,,,
gem,gem,/dʒem/,vt./n.,"n. 珠宝, 宝石, 珍贵之物；vt. 饰以宝石",Beyond C1,,,,
violently,violently,/'vaiәlәntli/,adv.,"adv. 猛烈地, 激烈地, 极端地",Beyond C1,,,,
scattered,scatter,/'skætәd/,,"a. 分散的, 散乱的",C1,,,,
compassionate,compassionate,/kәm'pæʃәnit/,vt.,"a. 慈悲的, 富于同情心的, 照顾性的；vt. 怜悯, 同情",Beyond C1,,,,
brighten,brighten,/'braitn/,vt./vi.,"vi. 变亮, 活跃；vt. 使生辉, 使快活",Beyond C1,,,,
champ,champ,/tʃæmp/,v./n.,"v. 大声地嚼, 格格地咬；n. 格格地嚼, 咀嚼声",Beyond C1,,,,
convene,convene,/kәn'vi:n/,vt./vi.,"vt. 集合, 召集, 召唤；vi. 聚集, 集合",Beyond C1,,,,
roasted,roast,,,a. 烤的,Beyond C1,,,,
nineteen,nineteen,/.nain'ti:n/,num.,"num. 十九, 十九个",A1,,,,
wrinkle,wrinkle,/'riŋkl/,vt./vi./n.,"n. 皱纹, 妙计, 方法, 技巧；vi. 起皱；vt. 使起皱纹",Beyond C1,,,,
psychic,psychic,/'saikik/,n.,"a. 灵魂的, 精神的, 心灵的；n. 巫师, 灵物, 心灵现象",Beyond C1,,,,
amongst,amongst,/ә'mʌŋst/,prep.,"prep. 在...当中, 在...之间, 在...之中",Beyond C1,,,,
fireworks,firework,/'faiәwә:ks/,n.,"n. 烟火, 激烈争论",B2,,,,
compute,compute,/kәm'pju:t/,v./n.,"v. 计算, 估算；n. 计算, 估算",C1,,,,
comprehension,comprehension,/.kɒmpri'henʃәn/,n.,"n. 理解, 包含",Beyond C1,,,,
interviewer,interviewer,/'intәvju:ә/,n.,"n. 会见者, 面谈者, 进行面试者",A1,,,,
painfully,painfully,/'peinfuli/,adv.,"adv. 痛苦地, 苦恼地, 费力地",Beyond C1,,,,
aspire,aspire,/ә'spaiә/,vi.,"vi. 渴望, 立志于",C1,,,,
landowner,landowner,/'lændәunә/,n.,n. 地主,Beyond C1,,,,
pardon,pardon,/'pɑ:dn/,vt./n.,"n. 原谅, 赦免；vt. 宽恕, 原谅",Beyond C1,,,,
hawaiian,hawaiian,/hә'waiiәn/,n.,"n. 夏威夷人, 夏威夷语；a. 夏威夷的, 夏威夷语的",Beyond C1,,,,
fiery,fiery,/'faiәri/,,"a. 炽热的, 热烈的, 暴躁的",Beyond C1,,,,
specification,specification,/.spesifi'keiʃәn/,n.,"n. 规格, 详述, 详细说明书",C1,,,,
aspirin,aspirin,/'æspәrin/,n.,n. 阿斯匹林,Beyond C1,,,,
dependency,dependency,/di'pendәnsi/,n.,"n. 属国, 保护地, 从属物",Beyond C1,,,,
walnut,walnut,/'wɒ:lnәt/,n.,n. 胡桃,Beyond C1,,,,
pier,pier,/piә/,n.,"n. 码头, 桥墩, 支框, 防波堤",Beyond C1,,,,
bluff,bluff,/blʌf/,v./n.,"n. 断崖, 绝壁, 吓唬；a. 直率的；v. 吓唬, 欺骗",Beyond C1,,,,
tracking,track,/'trækiŋ/,,"[计] 跟踪, 追踪",A2,,,,
computing,computing,/kәm'pju:tiŋ/,,[计] 计算,C1,,,,
slick,slick,/slik/,vt./vi./n./adv.,"a. 光滑的, 熟练的, 聪明的, 华而不实的, 老套的, 陈腐的；adv. 灵活地, 聪明地；vt. 使光滑, 使漂亮；vi. 打扮整洁；n. 光滑平面, 平滑器, 修光工具",Beyond C1,,,,
nickel,nickel,/'nikl/,vt./n.,"n. 镍, 镍币, 五分镍币；vt. 镀镍于",B2,,,,
onstage,onstage,/'ɔn'steidʒ/,adv.,adv. 在前台；a. 在前台的,Beyond C1,,,,
enhancement,enhancement,/in'hɑ:nsmәnt/,n.,"n. 提高, 美化, 增进, 增强, 增加",Beyond C1,,,,
geometry,geometry,/dʒi'ɒmәtri/,n.,n. 几何学,Beyond C1,,,,
hog,hog,/hɒg/,v./n.,"n. 猪, 贪婪者, 象猪般的人；v. (使)拱起",Beyond C1,,,,
broccoli,broccoli,/'brɒkәli/,n.,n. 花椰菜,Beyond C1,,,,
resonate,resonate,/'rezәneit/,v.,"v. (使)共鸣, (使)共振",Beyond C1,,,,
capitalist,capitalist,/'kæpitәlist/,n.,"n. 资本家, 资本主义者；a. 资本主义的",C1,,,,
ideally,ideally,/ai'diәli/,adv.,"adv. 完美地, 理想地",Beyond C1,,,,
chemotherapy,chemotherapy,/.kemәu'θerәpi/,n.,n. 化学疗法,Beyond C1,,,,
breach,breach,/bri:tʃ/,vt./vi./n.,"n. 裂口, 违背, 破坏, 违反, 突破, 破裂；vt. 攻破, 突破；vi. 跳出水面",C1,,,,
knob,knob,/nɒb/,vt./vi./n.,"n. 把手, 瘤, 旋钮, 球形突出物；vt. 使有球形突出物；vi. 鼓起",Beyond C1,,,,
tablet,tablet,/'tæblit/,n.,"n. 平板, 门牌, 笔记簿, 碑, 匾, 药片",A2,,,,
helping,help,/'helpiŋ/,n.,"n. 帮助, 协助, 一份",A1,,,,
attribution,attribution,/әtri'bju:ʃәn/,n.,n. 归因,Beyond C1,,,,
ineffective,ineffective,/.ini'fektiv/,,a. 无效的,Beyond C1,,,,
squat,squat,/skwɒt/,vt./vi./n.,"n. 蹲, 窝；a. 蹲着的, 矮胖的；vi. 蹲下, 蹲坐, 蹲伏；vt. 使蹲下, 擅自占有",Beyond C1,,,,
fumble,fumble,/'fʌmbl/,vt./vi./n.,"n. 摸索, 笨拙的行动, 漏球；vt. 摸索, 乱摸, 笨拙的处理, 漏接(球)；vi. 摸索, 笨手笨脚, 漏球",Beyond C1,,,,
judaism,judaism,/'dʒu:diizm/,n.,"n. 犹太教, 犹太文明, 犹太教信仰",Beyond C1,,,,
cardboard,cardboard,/'kɑ:dbɒ:d/,n.,n. 薄纸板,Beyond C1,,,,
erotic,erotic,/i'rɒtik/,n.,"a. 性爱的, 性欲的, 色情的；n. 好色之徒, 色情诗",Beyond C1,,,,
glacier,glacier,/'gleiʃә/,n.,n. 冰川,Beyond C1,,,,
polling,poll,,n.,n. 选举投票,C1,,,,
yoga,yoga,/'jәugә/,n.,n. 瑜珈,Beyond C1,,,,
sediment,sediment,/'sedimәnt/,n.,"n. 沉淀物, 沉积",Beyond C1,,,,
recollection,recollection,/.rekә'lekʃәn/,n.,"n. 记忆, 回想, 回忆",Beyond C1,,,,
lobbying,lobby,,vi.,vi. 为了支持或抵制某项特定目标游说（lobby的现在分词形式）,C1,,,,
fallen,fall,/'fɒ:lәn/,,"a. 堕落的, 落下来的, 陷落的；fall的过去分词",A1,,,,
akin,akin,/ә'kin/,,"a. 同类的, 同族的, 同源的",Beyond C1,,,,
estrogen,estrogen,/'estrәdʒәn/,n.,n. 雌激素,Beyond C1,,,,
bartender,bartender,/'bɑ:.tendә/,n.,"n. 酒保, 酒吧侍者",Beyond C1,,,,
evaporate,evaporate,/i'væpәreit/,vt./vi.,"vi. 蒸发, 失去水分, 消失；vt. 使蒸发, 使脱水, 使消失",Beyond C1,,,,
succumb,succumb,/sә'kʌm/,vi.,"vi. 屈从, 屈服, 死",Beyond C1,,,,
seventy,seventy,/'sevnti/,num.,"num. 七十, 七十个",A1,,,,
radioactive,radioactive,/.reidiәu'æktiv/,,"a. 放射性的, 有放射能的",Beyond C1,,,,
seasoned,seasoned,/'si:znd/,,"a. 经验丰富的, 老练的",A2,,,,
simulate,simulate,/'simjuleit/,vt.,"vt. 模拟, 假装, 模仿",C1,,,,
stature,stature,/'stætʃә/,n.,"n. 身材, 身高, 高度",Beyond C1,,,,
recruiting,recruit,/riˈkru:tɪŋ/,v.,v. 招聘( recruit的现在分词 ); 吸收某人为新成员; 动员…（提供帮助）; 雇用,B2,,,,
forearm,forearm,/'fɒ:rɑ:m/,vt./n.,"n. 前臂；vt. 预先武装, 准备",Beyond C1,,,,
volleyball,volleyball,/'vɒlibɒ:l/,n.,n. 排球,Beyond C1,,,,
intrigue,intrigue,/in'tri:g/,vt./vi./n.,"n. 阴谋, 复杂的事；vi. 密谋, 私通；vt. 激起...的兴趣, 用诡计取得",Beyond C1,,,,
alignment,alignment,/ә'lainmәnt/,n.,"n. 队列, 结盟, 校正",C1,,,,
grenade,grenade,/gri'neid/,n.,n. 手榴弹,Beyond C1,,,,
shudder,shudder,/'ʃʌdә/,vi./n.,"n. 战栗, 发抖；vi. 战栗, 发抖",Beyond C1,,,,
wink,wink,/wiŋk/,vt./vi./n.,"n. 眨眼, 使眼色, 瞬间；vi. 眨眼, 使眼色, 闪烁；vt. 眨",Beyond C1,,,,
stellar,stellar,/'stelә/,,"a. 星的, 似星的, 星球的, 主要的",Beyond C1,,,,
coarse,coarse,/kɒ:s/,,"a. 粗糙的, 下等的, 粗俗的",Beyond C1,,,,
incumbent,incumbent,/in'kʌmbәnt/,n.,"a. 现任的, 依靠的, 负有义务的；n. 领圣俸者, 在职者",Beyond C1,,,,
celebrated,celebrate,/'selibreitid/,,"a. 驰名的, 有名的",A2,,,,
outreach,outreach,/aut'ri:tʃ/,vt./vi.,"vt. 超出...的范围, 作超出能力所及的事而害及自己, 占...的上风, 胜过；vi. 走得太远, 伸出, 展开",Beyond C1,,,,
spelling,spell,/'speliŋ/,n.,"n. 拼, 拼字, 拼法",A1,,,,
baked,bake,/'beikid/,,a. 烘焙的；烤的,B1,,,,
regimen,regimen,/'redʒimen/,n.,"n. 养生法, 常规强化训练课, 体制, 情态",Beyond C1,,,,
goddamn,goddamn,/'^ɔddæm/,,"a. 该死的, 完全的, 十足的, 讨厌的",Beyond C1,,,,
proceeds,proceed,/'prәusi:dz/,,pl. 收益,C1,,,,
perpetrator,perpetrator,,n.,"n. 作恶者, 犯罪者, 行凶者",Beyond C1,,,,
whine,whine,/hwain/,vt./vi./n.,"n. 哀叫声, 嘎嘎声, 哀鸣；vi. 哭诉, 嘎嘎响, 发呜呜声；vt. 哀诉",Beyond C1,,,,
fetus,fetus,/'fi:tәs/,n.,n. 胎儿,Beyond C1,,,,
catalyst,catalyst,/'kætәlist/,n.,"n. 触媒, 接触剂, 催化剂, 刺激因素, 促进因素",Beyond C1,,,,
extremist,extremist,/iks'tri:mist/,,[经] 偏激份子,C1,,,,
contour,contour,/'kɒntuә/,vt./n.,n. 轮廓；vt. 画轮廓；a. 显示轮廓的,Beyond C1,,,,
wardrobe,wardrobe,/'wɒ:drәub/,n.,"n. 衣橱, 衣室, 全部衣服",Beyond C1,,,,
ordinance,ordinance,/'ɒ:dinәns/,n.,"n. 法令, 条例, 圣餐礼",Beyond C1,,,,
doctoral,doctoral,/'dɒktәrәl/,,a. 博士的,Beyond C1,,,,
grease,grease,/gri:s/,vt./n.,"n. 脂肪, 兽脂, 油脂, 贿赂；vt. 涂脂于, 贿赂",Beyond C1,,,,
episcopal,episcopal,/i'piskәpәl/,,"a. 主教的, 主教制度的, 英国国教的",Beyond C1,,,,
aviation,aviation,/.eivi'eiʃәn/,n.,"n. 航空, 航空学, 飞行术",Beyond C1,,,,
hawk,hawk,/hɒ:k/,vt./vi./n.,"n. 鹰, 掠夺者, 鹰派成员；vi. 放鹰行猎, 像鹰一般地袭击, 清嗓, 咳嗽；vt. 捕捉, 咳出, 兜售, 叫卖, 散播",Beyond C1,,,,
imaginative,imaginative,/i'mædʒinәtiv/,,"a. 想像的, 虚构的",Beyond C1,,,,
hopeless,hopeless,/'hәuplis/,,"a. 无希望的, 绝望的, 不可救药的",Beyond C1,,,,
pathetic,pathetic,/pә'θetik/,,"a. 悲哀的, 可怜的, 感伤的, 差劲的",Beyond C1,,,,
confide,confide,/kәn'faid/,vt./vi.,"vt. 吐露, 委托；vi. 信赖",Beyond C1,,,,
struggling,struggle,/'strʌgliŋ/,,"a. 努力的, 奋斗的, 苦斗的",B2,,,,
fasten,fasten,/'fɑ:sәn/,vt./vi.,"vt. 拴紧, 使固定, 系, 集中于, 强加于；vi. 扣紧",B1,,,,
decay,decay,/di'kei/,v./n.,"n. 衰退, 腐败；v. (使)衰退, (使)腐败",Beyond C1,,,,
silhouette,silhouette,/.silu:'et/,vt./n.,"n. 黑色半身侧面影, 影子, 轮廓, 剪影；vt. 描绘...成侧面影, 使照出影子来, 使仅仅显出轮廓",Beyond C1,,,,
revisit,revisit,/ri:'vizit/,vt./n.,"vt. 再访, 重游, 重临；n. 再访问",Beyond C1,,,,
hen,hen,/hen/,n.,"n. 母鸡, 雌禽",Beyond C1,,,,
resonance,resonance,/'rezәnәns/,n.,"n. 共鸣, 回声, 反响, 谐振, 共振",Beyond C1,,,,
node,node,/nәud/,n.,"n. 节, 结节, 瘤",Beyond C1,,,,
conserve,conserve,/kәn'sә:v/,vt./n.,"n. 蜜饯, 果酱；vt. 保存, 使(能量等)守恒",C1,,,,
noodle,noodle,/'nu:dl/,n.,"n. 面条, 笨蛋",Beyond C1,,,,
casting,cast,/'kɑ:stiŋ/,n.,"n. 投掷, 铸成品, 角色分配",B2,,,,
moonlight,moonlight,/'mu:nlait/,n.,"n. 月光；a. 有月光的, 月夜的",Beyond C1,,,,
revised,revise,,,a. 改进的,B1,,,,
bowling,bowl,/'bәuliŋ/,n.,n. 保龄球戏,A2,,,,
portrayal,portrayal,/pɔ:'treiәl/,n.,"n. 描绘, 描写, 画像, 肖像",Beyond C1,,,,
china,china,/'tʃainә/,n.,"n. 中国, 瓷器；a. 中国的",Beyond C1,,,,
specially,specially,/'speʃәli/,adv.,"adv. 特别地, 专门地",Beyond C1,,,,
shaky,shaky,/'ʃeiki/,,"a. 震动的, 摇晃的, 动摇的",Beyond C1,,,,
villain,villain,/'vilәn/,n.,"n. 坏人, 恶棍",Beyond C1,,,,
durable,durable,/'djurәbl/,,"a. 持久的, 耐用的",Beyond C1,,,,
industrialized,industrialized,/in'dʌstriәlaizd/,,a. 工业化的,Beyond C1,,,,
generosity,generosity,/.dʒenә'rɒsiti/,n.,"n. 慷慨, 宽大",Beyond C1,,,,
capitalize,capitalize,/kә'pitәlaiz/,vt.,"vt. 以大写字母写, 使资本化, 估计...的价值",Beyond C1,,,,
sift,sift,/sift/,vt./vi.,"vt. 筛, 过滤, 撒, 详查；vi. 筛, 被筛下, 精选",Beyond C1,,,,
bail,bail,/beil/,vt./n.,"n. 保释, 拎环, 杓, 栅栏；vt. 保释, 舀水",C1,,,,
walker,walker,/'wɒ:kә/,n.,"n. 徒步者, 轻便鞋",A1,,,,
deliberation,deliberation,/di.libә'reiʃәn/,n.,"n. 熟虑, 熟思, 审议",Beyond C1,,,,
compass,compass,/'kʌmpәs/,vt./n.,"n. 指南针, 范围, 音域；vt. 包围, 达到, 图谋, 理解",Beyond C1,,,,
podium,podium,/'pәudiәm/,n.,"n. 墩座, 矮隔墙, 指挥台",Beyond C1,,,,
novelty,novelty,/'nɒvәlti/,n.,"n. 新奇, 新鲜, 新奇的事物",Beyond C1,,,,
hoop,hoop,/hu:p/,vt./vi./n.,"n. 箍, 铁环, 呼呼声；vt. 加箍于, 包围；vi. 发呼呼声",Beyond C1,,,,
brightness,brightness,/'braitnis/,n.,"n. 光亮, 明亮, 聪明",Beyond C1,,,,
outset,outset,/'autset/,n.,"n. 着手, 开头, 最初",Beyond C1,,,,
martial,martial,/'mɑ:ʃәl/,,"a. 战争的, 军事的, 尚武的, 威武的",B2,,,,
pastel,pastel,/pæ'stel/,n.,"n. 粉蜡笔, 粉蜡笔画, 随笔；a. 彩色蜡笔的, 蜡笔画的, 柔和的, 纤弱的",Beyond C1,,,,
cardiovascular,cardiovascular,/kɑ:diәu'væskjulә/,,a. 心血管的,Beyond C1,,,,
schooling,school,/'sku:liŋ/,n.,"n. 学校教育, 学费",A1,,,,
dropout,dropout,/'drɒpaut/,n.,"n. 退学学生, 中途退学",Beyond C1,,,,
flooding,flood,/'flʌdiŋ/,n.,"n. 充溢, 泛滥, 血崩",B1,,,,
repay,repay,/ri'pei/,v.,"v. 偿还, 报答, 报复",Beyond C1,,,,
irresponsible,irresponsible,/.iri'spɔnsәbl/,,a. 不负责任的；不可靠的,Beyond C1,,,,
stimulation,stimulation,/.stimju'leiʃәn/,n.,"n. 刺激, 激励, 鼓舞",Beyond C1,,,,
grouping,grouping,/'gru:piŋ/,n.,n. 分组,A1,,,,
jeopardize,jeopardize,/'dʒepәdaiz/,vt.,"vt. 危害, 使受危困, 使陷危地",Beyond C1,,,,
neon,neon,/'ni:ɒn/,n.,n. 氖,Beyond C1,,,,
chili,chili,/'tʃili/,n.,"n. 干辣椒, 辣椒粉",Beyond C1,,,,
subscribe,subscribe,/sәb'skraib/,vt./vi.,"vt. 捐献, 签署；vi. 赞成, 同意, 捐款, 预订, 认购",Beyond C1,,,,
institute,institute,/'institju:t/,vt./n.,"n. 学会, 学院, 协会；vt. 创立, 开始, 制定, 任命",B2,,,,
sprout,sprout,/spraut/,vt./vi./n.,"n. 芽, 萌芽；vt. 使发芽, 摘去芽；vi. 长芽, 抽条",Beyond C1,,,,
spinal,spinal,/'spainl/,,"a. 针的, 尖刺的, 尖刺状突起的, 脊骨的",Beyond C1,,,,
categorize,categorize,/'kæti^әraiz/,vt.,"vt. 分类, 归类",Beyond C1,,,,
pigeon,pigeon,/'pidʒin/,n.,"n. 鸽子, 易上当受骗的人, 年轻女子",Beyond C1,,,,
mutually,mutually,/'mju:tʃuәli/,adv.,"adv. 互相地, 互助",Beyond C1,,,,
functioning,function,/'fʌŋkʃәniŋ/,n.,"n. 运行, 运作；功能；机能；起酌（function的动名词）",B1,,,,
heighten,heighten,/'haitn/,vt./vi.,"vt. 增高, 提高, 加强；vi. 升高, 变大",C1,,,,
gland,gland,/glænd/,n.,"n. 腺, 密封套",Beyond C1,,,,
latitude,latitude,/'lætitju:d/,n.,"n. 纬度, 范围",Beyond C1,,,,
gig,gig,/gig/,vt./vi./n.,"n. 旋转物, 轻便双轮马车, 赛艇, 鱼叉, 记过, 爵士乐演奏会；vi. 乘轻便双轮马车, 乘快艇, (用鱼叉)叉鱼；vt. (用鱼叉)叉, 刺激, 记过",C1,,,,
expressive,expressive,/ik'spresiv/,,"a. 表达的, 富于表情的",Beyond C1,,,,
